0,B,15,162
1,B,48,152
2,B,6,136
3,S,3,122
4,B,39,159
5,B,36,156
6,B,27,145
7,B,29,127
8,S,11,151
9,S,22,148
10,S,22,171
11,B,6,181
12,S,39,174
13,S,3,167
14,S,25,111
15,B,36,141
16,S,24,160
17,B,46,132
18,B,19,160
19,B,15,153
20,B,24,138
21,B,24,161
22,S,44,153
23,B,39,161
24,B,30,139
25,S,18,148
26,B,50,138
27,B,15,124
28,B,5,155
29,B,37,136
30,S,42,154
31,S,10,167
32,S,35,166
33,S,48,169
34,S,15,162
35,B,33,141
36,S,8,154
37,B,41,153
38,B,5,154
39,S,25,135
40,S,1,111
41,B,44,143
42,S,19,152
43,S,11,136
44,S,47,174
45,S,33,150
46,B,41,143
47,S,41,150
48,B,35,165
49,B,39,171
50,S,24,143
51,S,16,151
52,B,6,151
53,B,47,169
54,S,35,167
55,B,9,112
56,S,34,159
57,S,14,147
58,B,43,147
59,S,29,135
60,S,22,158
61,B,38,157
62,B,46,148
63,B,15,149
64,B,5,175
65,B,18,133
66,S,37,152
67,S,16,158
68,S,7,153
69,S,23,141
70,S,4,125
71,B,4,166
72,S,7,146
73,B,13,123
74,B,12,142
75,S,30,148
76,B,36,154
77,B,4,146
78,B,16,184
79,B,27,143
80,S,4,120
81,B,25,154
82,B,30,162
83,S,28,149
84,S,4,157
85,B,48,160
86,S,33,169
87,B,4,157
88,B,5,153
89,B,26,145
90,B,38,168
91,B,40,143
92,B,34,133
93,S,17,160
94,B,17,144
95,S,9,139
96,S,5,117
97,B,30,159
98,B,17,159
99,B,23,155
100,B,11,160
101,S,35,140
102,S,42,116
103,B,43,121
104,S,9,156
105,S,8,147
106,B,19,150
107,B,46,141
108,S,17,156
109,S,17,170
110,B,18,163
111,B,1,159
112,S,17,153
113,B,48,129
114,S,1,135
115,B,5,145
116,B,38,123
117,B,28,142
118,B,3,164
119,S,14,154
120,B,36,143
121,S,40,138
122,B,11,160
123,B,27,145
124,B,27,165
125,B,18,181
126,B,3,152
127,S,15,143
128,B,20,157
129,B,15,135
130,B,18,142
131,B,50,137
132,S,44,139
133,S,2,164
134,B,38,158
135,S,3,142
136,B,21,139
137,S,39,142
138,B,17,135
139,B,46,163
140,S,35,184
141,B,24,150
142,S,22,170
143,S,43,159
144,B,20,148
145,S,21,138
146,S,13,144
147,S,43,132
148,S,40,136
149,S,26,121
150,B,38,147
151,S,30,160
152,S,31,140
153,B,43,154
154,B,40,145
155,S,6,172
156,B,13,145
157,B,2,141
158,B,50,151
159,B,30,167
160,S,46,165
161,S,32,137
162,S,1,151
163,B,50,172
164,S,45,155
165,S,4,177
166,B,9,157
167,S,43,146
168,S,40,180
169,S,36,140
170,S,31,170
171,S,17,135
172,B,50,156
173,S,41,140
174,B,19,149
175,B,18,156
176,S,9,142
177,B,15,167
178,S,5,142
179,S,27,128
180,S,14,135
181,S,25,146
182,B,25,166
183,S,1,130
184,S,27,146
185,B,32,164
186,B,25,148
187,S,43,167
188,S,9,145
189,B,26,122
190,B,30,164
191,B,4,158
192,S,21,142
193,S,49,157
194,S,27,143
195,S,6,186
196,S,23,169
197,B,42,152
198,B,49,154
199,B,16,129
200,B,16,161
201,B,31,132
202,B,45,140
203,S,50,146
204,S,48,160
205,B,50,168
206,B,2,157
207,S,37,148
208,S,5,131
209,B,7,164
210,S,8,162
211,B,23,134
212,S,42,147
213,S,1,145
214,S,24,153
215,S,46,144
216,B,42,128
217,S,40,160
218,S,38,123
219,S,21,156
220,B,29,153
221,B,49,144
222,S,22,130
223,B,32,141
224,S,17,154
225,S,18,159
226,S,13,133
227,B,16,144
228,S,45,125
229,S,42,152
230,S,19,147
231,B,26,151
232,B,31,143
233,S,28,169
234,S,20,140
235,S,15,163
236,B,48,148
237,B,13,137
238,B,38,149
239,S,7,138
240,B,20,146
241,B,46,164
242,B,36,144
243,S,45,190
244,B,7,134
245,B,37,131
246,S,12,134
247,B,17,153
248,S,32,154
249,B,37,154
250,B,20,166
251,B,16,172
252,B,39,135
253,B,50,144
254,S,38,135
255,S,20,155
256,B,49,131
257,B,41,134
258,B,16,149
259,B,36,156
260,B,45,159
261,S,19,163
262,B,45,153
263,S,5,173
264,B,41,173
265,B,28,138
266,B,18,129
267,B,5,144
268,B,48,156
269,S,29,161
270,B,26,137
271,S,33,152
272,S,28,131
273,S,39,158
274,S,44,161
275,B,49,152
276,S,12,127
277,S,34,138
278,S,38,158
279,S,41,145
280,S,27,167
281,S,21,147
282,B,45,158
283,S,19,140
284,S,30,157
285,B,21,133
286,S,26,132
287,B,43,186
288,S,24,142
289,S,41,155
290,S,36,151
291,B,19,140
292,S,2,163
293,B,46,138
294,B,27,149
295,B,15,152
296,B,10,143
297,S,46,152
298,S,31,138
299,S,16,149
300,S,39,136
301,B,5,145
302,S,22,154
303,S,1,121
304,S,38,146
305,S,10,122
306,S,36,137
307,S,30,147
308,S,16,179
309,S,15,119
310,S,46,174
311,S,25,157
312,B,33,146
313,S,7,150
314,S,1,177
315,B,27,169
316,B,17,173
317,S,40,162
318,S,44,133
319,S,21,126
320,S,5,153
321,B,41,147
322,S,28,175
323,B,49,150
324,B,2,128
325,B,21,158
326,B,10,146
327,B,34,164
328,S,11,126
329,B,6,139
330,S,38,142
331,B,15,142
332,S,43,139
333,B,30,137
334,S,29,146
335,S,38,142
336,S,17,140
337,S,20,138
338,B,7,179
339,B,25,150
340,S,19,108
341,B,43,129
342,S,44,147
343,B,39,169
344,S,50,166
345,B,39,122
346,S,17,152
347,B,41,160
348,B,20,168
349,S,3,138
350,S,19,149
351,S,48,144
352,S,35,154
353,S,34,157
354,S,31,156
355,S,48,140
356,S,5,156
357,B,49,134
358,B,26,165
359,S,6,131
360,S,30,169
361,S,44,152
362,S,24,126
363,B,44,136
364,B,36,129
365,S,40,154
366,B,30,137
367,S,42,133
368,S,3,153
369,S,32,153
370,B,9,176
371,S,30,168
372,S,35,138
373,S,38,128
374,B,32,166
375,S,18,136
376,B,29,146
377,B,24,140
378,B,42,164
379,S,4,148
380,S,30,144
381,B,43,189
382,B,2,137
383,B,22,134
384,B,14,176
385,B,49,148
386,B,15,126
387,S,50,136
388,B,18,155
389,B,9,130
390,S,2,152
391,B,1,143
392,S,21,153
393,B,12,139
394,S,34,173
395,B,48,158
396,B,33,124
397,B,29,154
398,B,43,154
399,S,30,148
400,B,26,166
401,S,44,156
402,B,5,117
403,B,21,152
404,B,41,161
405,S,25,155
406,S,7,130
407,B,42,156
408,B,27,122
409,S,30,163
410,S,28,144
411,S,43,153
412,S,31,144
413,B,6,156
414,B,48,156
415,S,9,154
416,B,22,134
417,B,27,140
418,S,28,175
419,B,19,125
420,S,14,138
421,B,43,166
422,S,36,151
423,S,8,157
424,S,36,126
425,B,39,138
426,S,49,162
427,S,22,152
428,S,37,180
429,S,5,151
430,B,6,148
431,B,25,110
432,S,20,142
433,S,50,153
434,B,49,156
435,B,44,144
436,B,32,147
437,S,27,172
438,S,23,154
439,S,8,168
440,S,34,141
441,S,3,132
442,B,1,134
443,B,20,162
444,B,19,153
445,S,8,125
446,B,9,134
447,S,35,150
448,B,23,122
449,B,26,150
450,B,5,135
451,S,37,156
452,S,27,129
453,S,8,140
454,S,40,163
455,S,45,152
456,S,16,175
457,S,38,165
458,S,20,135
459,S,15,148
460,S,41,151
461,B,34,144
462,B,47,162
463,B,16,142
464,B,39,156
465,B,49,158
466,B,32,161
467,S,49,173
468,S,42,137
469,S,41,122
470,S,29,153
471,S,18,155
472,B,30,146
473,S,3,155
474,B,42,142
475,B,40,159
476,S,48,131
477,B,29,154
478,B,10,143
479,B,29,165
480,B,46,161
481,B,33,123
482,B,29,173
483,B,24,156
484,S,50,163
485,S,44,143
486,B,5,155
487,S,7,129
488,S,43,145
489,B,22,174
490,B,23,143
491,S,42,146
492,S,6,166
493,S,36,167
494,S,9,142
495,B,42,140
496,S,20,147
497,B,14,150
498,S,15,166
499,B,10,144
500,B,33,143
501,B,43,175
502,S,39,165
503,S,10,135
504,B,40,160
505,B,47,171
506,S,47,164
507,B,29,154
508,S,15,150
509,B,20,124
510,S,44,158
511,S,30,144
512,S,27,153
513,B,13,133
514,B,31,153
515,S,36,146
516,B,8,146
517,S,6,132
518,B,10,145
519,S,6,182
520,B,2,163
521,S,4,122
522,S,6,139
523,S,15,150
524,B,46,147
525,S,10,156
526,B,31,183
527,B,49,158
528,S,6,149
529,B,17,150
530,B,47,160
531,S,8,134
532,S,16,151
533,S,41,158
534,S,32,176
535,B,41,161
536,B,1,148
537,S,16,138
538,S,34,159
539,S,5,171
540,B,41,137
541,S,24,161
542,S,5,150
543,S,16,136
544,B,22,153
545,B,3,126
546,S,12,124
547,S,45,142
548,S,5,131
549,S,3,130
550,S,3,158
551,S,20,175
552,S,17,169
553,B,49,149
554,B,4,143
555,S,18,179
556,B,26,155
557,S,25,135
558,S,32,167
559,S,34,147
560,S,6,158
561,S,39,127
562,B,6,137
563,S,43,146
564,S,28,143
565,B,45,169
566,S,23,147
567,S,18,154
568,B,24,169
569,B,2,160
570,B,29,163
571,B,9,132
572,B,24,152
573,S,37,172
574,B,24,132
575,S,29,136
576,B,26,134
577,S,42,142
578,S,48,150
579,B,32,157
580,S,50,156
581,S,46,146
582,S,45,155
583,S,13,170
584,B,12,154
585,S,6,154
586,S,36,138
587,S,20,129
588,B,41,142
589,B,24,117
590,B,9,157
591,B,32,157
592,B,30,137
593,B,40,165
594,B,46,164
595,S,34,156
596,S,5,153
597,B,21,122
598,B,23,128
599,B,50,157
600,B,33,151
601,B,8,142
602,B,46,147
603,B,23,158
604,S,41,156
605,S,9,141
606,S,42,145
607,B,38,146
608,B,39,160
609,S,37,168
610,B,3,152
611,S,42,147
612,B,41,152
613,B,32,135
614,S,16,142
615,S,20,140
616,S,29,155
617,S,31,152
618,S,21,156
619,S,47,170
620,S,24,158
621,B,21,149
622,B,16,138
623,B,7,152
624,B,40,146
625,S,16,164
626,B,47,164
627,S,13,118
628,B,32,132
629,S,32,150
630,B,30,163
631,B,14,158
632,S,39,162
633,S,19,154
634,B,17,159
635,S,49,137
636,S,37,140
637,B,24,161
638,S,49,166
639,S,40,158
640,B,24,155
641,S,36,155
642,S,33,150
643,S,33,140
644,B,22,158
645,S,34,152
646,S,9,169
647,S,40,176
648,S,48,174
649,S,38,189
650,S,32,132
651,S,31,149
652,B,27,135
653,S,47,167
654,B,42,140
655,B,47,143
656,B,41,142
657,S,10,145
658,B,8,186
659,B,2,157
660,S,45,147
661,B,27,158
662,S,4,167
663,B,34,132
664,B,31,101
665,S,21,130
666,B,35,132
667,S,44,155
668,S,16,142
669,S,36,144
670,S,20,156
671,S,46,190
672,B,31,144
673,S,36,134
674,S,35,145
675,S,26,169
676,S,19,176
677,B,19,142
678,B,17,141
679,S,14,163
680,B,36,156
681,S,9,139
682,B,16,135
683,B,43,137
684,B,27,147
685,S,46,146
686,S,1,171
687,B,27,165
688,S,19,140
689,S,19,151
690,B,37,155
691,B,35,146
692,B,12,158
693,B,26,145
694,S,19,160
695,B,1,173
696,S,22,143
697,S,30,147
698,S,33,156
699,S,18,145
700,B,47,155
701,S,42,137
702,S,22,150
703,S,37,148
704,B,26,163
705,S,33,176
706,S,12,169
707,B,31,162
708,S,25,152
709,B,29,149
710,S,47,162
711,B,17,146
712,S,8,148
713,S,20,145
714,B,46,135
715,S,45,160
716,B,24,127
717,B,15,123
718,B,39,134
719,S,27,152
720,S,14,151
721,B,44,123
722,B,24,132
723,B,37,147
724,B,33,167
725,B,37,157
726,B,29,165
727,B,44,175
728,B,33,146
729,S,4,133
730,S,37,161
731,B,36,161
732,S,2,144
733,S,17,139
734,B,3,149
735,S,23,130
736,B,5,145
737,S,3,149
738,S,50,128
739,S,24,164
740,S,25,118
741,S,6,161
742,B,12,142
743,S,34,139
744,B,1,149
745,B,20,139
746,S,35,141
747,S,15,133
748,B,13,142
749,B,3,152
750,S,2,124
751,B,14,127
752,B,39,153
753,B,16,152
754,B,14,141
755,B,9,156
756,S,37,153
757,S,37,183
758,S,43,153
759,B,27,181
760,S,38,147
761,B,41,169
762,S,23,146
763,S,34,148
764,S,20,145
765,S,12,136
766,S,46,151
767,B,30,161
768,B,36,114
769,B,25,135
770,B,6,150
771,S,24,163
772,B,4,122
773,S,25,144
774,B,49,157
775,B,31,143
776,B,1,159
777,B,13,140
778,B,16,150
779,B,26,125
780,B,25,125
781,S,35,142
782,S,32,145
783,S,7,163
784,S,14,151
785,S,21,137
786,S,48,179
787,B,2,158
788,S,47,131
789,S,19,143
790,B,37,154
791,B,32,160
792,S,47,149
793,S,30,178
794,B,9,148
795,S,12,136
796,B,5,122
797,B,49,146
798,B,15,125
799,B,46,165
800,B,24,168
801,B,40,151
802,S,35,149
803,S,1,148
804,B,19,138
805,B,33,148
806,S,7,161
807,B,34,119
808,B,17,151
809,S,18,171
810,S,30,183
811,B,45,168
812,B,6,141
813,B,6,177
814,S,4,136
815,B,45,163
816,B,42,175
817,S,37,164
818,B,15,177
819,B,45,129
820,S,44,145
821,S,35,184
822,B,2,163
823,B,38,176
824,B,26,150
825,B,20,126
826,B,25,132
827,S,25,142
828,B,6,156
829,S,4,128
830,B,22,124
831,S,50,161
832,S,29,162
833,S,15,152
834,S,12,136
835,S,6,145
836,S,6,157
837,S,10,127
838,S,48,145
839,S,21,129
840,S,20,151
841,S,24,151
842,S,28,155
843,S,36,154
844,S,36,155
845,B,39,154
846,S,27,152
847,S,50,148
848,B,16,147
849,B,44,131
850,S,18,156
851,S,10,160
852,B,20,156
853,S,5,160
854,S,41,150
855,S,39,161
856,B,1,142
857,S,22,152
858,S,22,154
859,S,42,137
860,B,45,144
861,B,31,169
862,S,21,157
863,S,48,164
864,S,21,176
865,S,18,145
866,S,13,127
867,B,44,176
868,B,46,166
869,B,29,145
870,S,27,153
871,S,9,145
872,S,46,151
873,S,25,172
874,B,38,131
875,S,35,156
876,S,24,124
877,B,7,143
878,B,42,142
879,B,37,138
880,S,28,163
881,B,1,147
882,B,34,149
883,B,29,168
884,S,38,130
885,B,23,166
886,B,6,138
887,B,47,151
888,B,14,142
889,S,23,161
890,S,29,170
891,S,5,164
892,S,2,173
893,S,42,157
894,B,48,146
895,B,34,142
896,B,28,137
897,S,15,146
898,S,43,143
899,S,26,143
900,B,29,148
901,S,25,119
902,B,49,147
903,B,37,140
904,B,24,156
905,S,13,132
906,S,32,167
907,S,39,165
908,S,23,135
909,S,30,137
910,B,20,159
911,B,44,128
912,B,8,146
913,B,24,160
914,B,9,134
915,S,28,149
916,B,42,131
917,B,36,152
918,B,21,142
919,S,40,151
920,B,32,175
921,B,13,122
922,S,32,167
923,S,44,146
924,S,32,125
925,B,6,165
926,B,3,153
927,S,15,140
928,S,48,158
929,S,36,164
930,B,35,139
931,S,35,145
932,B,14,151
933,S,7,134
934,B,29,133
935,S,23,205
936,B,50,106
937,B,14,168
938,S,28,163
939,B,40,134
940,B,4,156
941,S,35,123
942,S,46,143
943,S,19,145
944,S,44,167
945,B,9,145
946,S,42,191
947,B,45,127
948,B,16,150
949,S,32,174
950,B,27,140
951,S,29,144
952,B,6,129
953,S,33,127
954,S,30,140
955,S,21,121
956,B,6,170
957,S,41,129
958,S,26,166
959,B,28,128
960,B,19,137
961,S,36,150
962,B,22,134
963,B,3,143
964,B,2,130
965,B,11,130
966,S,28,105
967,B,45,163
968,B,18,159
969,B,42,141
970,S,42,150
971,B,4,164
972,S,49,133
973,B,28,133
974,B,31,150
975,B,9,149
976,B,1,134
977,S,8,148
978,S,15,144
979,S,6,134
980,B,20,161
981,B,25,159
982,B,5,136
983,B,40,132
984,B,41,128
985,B,27,159
986,S,7,154
987,B,49,145
988,B,28,138
989,S,9,142
990,B,36,149
991,S,50,156
992,B,20,163
993,B,34,132
994,B,4,150
995,B,32,137
996,S,39,163
997,B,34,161
998,B,9,185
999,S,37,147
1000,S,49,135
1001,S,50,167
1002,B,17,156
1003,B,3,151
1004,B,19,164
1005,S,28,145
1006,S,40,166
1007,B,18,159
1008,B,14,143
1009,B,35,167
1010,S,42,134
1011,B,20,163
1012,S,4,146
1013,B,6,121
1014,S,4,165
1015,S,43,164
1016,B,45,167
1017,B,11,166
1018,S,47,167
1019,S,11,145
1020,S,18,168
1021,B,50,169
1022,B,34,142
1023,B,17,164
1024,B,4,132
1025,S,37,150
1026,B,7,142
1027,B,15,159
1028,B,16,179
1029,B,31,158
1030,S,3,144
1031,S,15,156
1032,S,21,150
1033,S,5,183
1034,S,4,166
1035,B,15,165
1036,B,30,155
1037,S,50,148
1038,S,1,141
1039,S,13,167
1040,S,40,138
1041,B,30,145
1042,S,50,135
1043,B,47,140
1044,B,2,170
1045,B,35,178
1046,S,1,135
1047,S,1,133
1048,S,7,164
1049,B,34,130
1050,B,10,117
1051,S,6,168
1052,B,34,178
1053,S,45,135
1054,S,38,126
1055,B,33,156
1056,B,38,140
1057,B,28,139
1058,B,21,151
1059,S,45,162
1060,S,5,145
1061,B,9,161
1062,B,30,155
1063,S,27,157
1064,B,14,112
1065,S,20,141
1066,S,11,149
1067,S,46,158
1068,B,10,156
1069,B,46,179
1070,B,4,165
1071,S,17,147
1072,B,29,165
1073,B,7,153
1074,S,8,171
1075,B,4,166
1076,B,24,169
1077,B,38,170
1078,S,5,155
1079,B,42,147
1080,S,22,152
1081,B,3,144
1082,S,28,182
1083,S,32,161
1084,B,23,138
1085,B,12,161
1086,S,3,144
1087,B,42,181
1088,S,31,119
1089,B,6,150
1090,S,42,138
1091,B,41,160
1092,B,23,176
1093,S,35,148
1094,S,21,139
1095,S,18,166
1096,B,2,170
1097,S,4,153
1098,S,15,125
1099,B,7,145
1100,B,48,143
1101,B,49,140
1102,B,25,112
1103,S,12,130
1104,B,48,151
1105,S,38,163
1106,B,37,146
1107,B,37,137
1108,B,32,164
1109,S,12,127
1110,S,39,155
1111,B,2,151
1112,S,13,184
1113,B,22,150
1114,B,21,175
1115,B,2,136
1116,B,50,121
1117,B,34,133
1118,S,43,164
1119,S,38,146
1120,B,11,143
1121,S,41,161
1122,S,36,145
1123,S,15,143
1124,B,19,132
1125,B,12,167
1126,B,26,185
1127,B,12,138
1128,S,15,185
1129,B,32,131
1130,B,23,147
1131,S,11,155
1132,B,47,160
1133,S,29,130
1134,B,5,149
1135,S,17,161
1136,B,29,149
1137,S,11,145
1138,S,35,135
1139,S,7,151
1140,S,49,155
1141,B,11,131
1142,S,19,176
1143,B,21,163
1144,S,11,156
1145,S,11,148
1146,B,6,119
1147,S,39,141
1148,S,42,146
1149,B,39,135
1150,S,14,154
1151,B,27,156
1152,S,7,143
1153,B,26,139
1154,S,28,158
1155,B,19,162
1156,S,11,151
1157,S,6,153
1158,S,26,157
1159,S,32,139
1160,S,12,166
1161,S,25,160
1162,S,29,152
1163,S,17,154
1164,B,10,160
1165,B,6,133
1166,S,49,156
1167,B,36,136
1168,B,27,165
1169,S,37,127
1170,B,46,144
1171,B,33,151
1172,B,12,168
1173,B,14,167
1174,B,44,161
1175,S,13,161
1176,B,47,156
1177,B,6,140
1178,S,18,132
1179,S,1,143
1180,S,37,156
1181,B,7,156
1182,B,23,157
1183,S,17,121
1184,S,31,139
1185,B,12,134
1186,S,44,133
1187,S,3,162
1188,S,16,160
1189,B,48,141
1190,S,2,178
1191,S,20,135
1192,S,45,147
1193,B,15,167
1194,B,50,142
1195,S,18,174
1196,S,29,145
1197,B,27,146
1198,S,4,152
1199,B,5,120
1200,S,50,146
1201,B,12,135
1202,B,4,157
1203,B,3,143
1204,S,13,163
1205,S,24,154
1206,S,8,129
1207,B,16,149
1208,S,31,134
1209,S,23,151
1210,B,45,156
1211,B,19,140
1212,B,37,143
1213,B,15,156
1214,B,27,145
1215,B,50,139
1216,B,12,142
1217,B,15,151
1218,S,46,122
1219,S,28,127
1220,S,14,160
1221,S,20,137
1222,S,43,148
1223,S,36,149
1224,S,5,148
1225,S,18,157
1226,S,46,158
1227,S,13,141
1228,B,4,139
1229,S,43,149
1230,S,42,140
1231,S,19,128
1232,S,48,163
1233,B,38,142
1234,B,44,137
1235,S,43,170
1236,S,43,121
1237,B,19,149
1238,B,47,126
1239,B,44,155
1240,S,15,144
1241,S,27,141
1242,S,30,136
1243,B,31,164
1244,B,40,163
1245,B,31,135
1246,B,25,120
1247,S,27,150
1248,B,13,156
1249,S,27,144
1250,S,12,169
1251,B,32,173
1252,S,41,144
1253,B,1,143
1254,S,11,146
1255,B,32,175
1256,B,28,161
1257,S,28,162
1258,S,13,147
1259,S,1,153
1260,S,2,151
1261,B,41,132
1262,B,20,155
1263,B,7,180
1264,S,5,137
1265,B,20,150
1266,S,34,133
1267,S,28,155
1268,B,23,132
1269,B,11,177
1270,S,9,161
1271,B,47,151
1272,B,24,142
1273,B,25,145
1274,S,39,153
1275,B,43,129
1276,B,45,148
1277,B,27,148
1278,S,31,136
1279,B,14,163
1280,B,43,143
1281,S,40,171
1282,B,33,122
1283,B,19,166
1284,B,39,154
1285,B,50,133
1286,S,23,170
1287,S,19,115
1288,B,14,167
1289,S,22,154
1290,B,8,172
1291,S,10,150
1292,B,47,151
1293,B,17,144
1294,B,17,110
1295,S,4,161
1296,B,19,162
1297,S,44,122
1298,S,49,143
1299,B,1,153
1300,B,23,145
1301,S,40,142
1302,S,22,155
1303,B,8,145
1304,S,25,137
1305,S,27,160
1306,B,4,168
1307,B,7,165
1308,S,37,165
1309,S,12,141
1310,S,44,154
1311,B,31,130
1312,S,3,162
1313,B,17,160
1314,S,34,180
1315,B,43,152
1316,S,40,127
1317,B,28,147
1318,B,42,128
1319,S,10,153
1320,B,33,185
1321,S,32,153
1322,B,16,166
1323,S,18,158
1324,B,25,131
1325,S,16,149
1326,B,29,124
1327,B,32,157
1328,S,48,133
1329,B,7,189
1330,S,1,134
1331,B,39,160
1332,S,42,165
1333,S,22,138
1334,S,30,163
1335,S,36,125
1336,S,29,147
1337,B,7,136
1338,B,41,164
1339,S,36,150
1340,S,11,149
1341,S,9,146
1342,S,13,166
1343,B,26,163
1344,B,46,125
1345,S,7,157
1346,S,44,170
1347,B,50,156
1348,S,33,131
1349,B,32,155
1350,B,28,145
1351,S,33,149
1352,B,9,147
1353,B,25,141
1354,S,39,135
1355,B,18,150
1356,S,29,189
1357,B,9,141
1358,S,33,125
1359,S,45,131
1360,S,41,142
1361,B,13,116
1362,B,23,141
1363,B,46,141
1364,B,21,127
1365,B,49,149
1366,S,43,132
1367,S,44,142
1368,S,1,161
1369,B,2,139
1370,S,13,164
1371,S,49,168
1372,B,10,173
1373,B,45,148
1374,S,23,155
1375,S,7,168
1376,B,16,149
1377,S,45,131
1378,B,44,163
1379,S,36,143
1380,B,40,161
1381,S,15,151
1382,S,39,151
1383,B,50,131
1384,B,44,147
1385,B,12,159
1386,B,3,149
1387,S,18,142
1388,S,17,164
1389,B,22,164
1390,S,10,148
1391,S,39,142
1392,B,43,153
1393,S,32,129
1394,S,34,171
1395,B,12,160
1396,B,35,152
1397,S,6,141
1398,S,22,152
1399,S,24,160
1400,S,34,155
1401,S,36,175
1402,B,16,160
1403,B,3,159
1404,S,8,130
1405,S,17,168
1406,S,50,168
1407,S,33,153
1408,S,42,137
1409,B,21,151
1410,B,50,159
1411,B,41,147
1412,B,14,155
1413,S,7,170
1414,B,48,127
1415,S,42,145
1416,B,30,150
1417,S,3,141
1418,B,17,158
1419,B,37,154
1420,B,29,163
1421,S,28,142
1422,S,35,172
1423,B,42,152
1424,B,45,151
1425,B,23,130
1426,B,39,144
1427,B,19,172
1428,S,2,130
1429,S,11,169
1430,B,35,160
1431,S,41,161
1432,B,47,141
1433,S,1,180
1434,B,39,151
1435,S,35,151
1436,B,47,142
1437,S,14,173
1438,S,10,174
1439,B,12,134
1440,B,8,142
1441,B,43,142
1442,B,36,171
1443,S,42,122
1444,B,7,149
1445,B,47,155
1446,S,43,163
1447,B,7,146
1448,S,21,126
1449,S,29,128
1450,S,38,140
1451,B,37,141
1452,S,11,163
1453,B,21,115
1454,B,42,155
1455,S,18,127
1456,S,31,166
1457,S,29,168
1458,S,7,153
1459,B,42,133
1460,B,9,166
1461,B,17,125
1462,B,33,146
1463,B,38,119
1464,S,3,151
1465,S,35,140
1466,S,26,145
1467,B,50,143
1468,S,6,162
1469,S,24,163
1470,B,40,135
1471,B,49,125
1472,B,37,141
1473,B,48,153
1474,S,49,154
1475,S,15,148
1476,B,43,149
1477,B,34,161
1478,S,3,124
1479,B,42,172
1480,S,41,181
1481,S,48,174
1482,S,25,133
1483,S,24,141
1484,B,15,136
1485,S,23,148
1486,S,39,133
1487,B,33,151
1488,B,33,140
1489,S,14,154
1490,B,46,155
1491,B,43,163
1492,B,8,138
1493,S,44,157
1494,S,42,130
1495,S,2,153
1496,B,11,169
1497,B,41,155
1498,B,11,157
1499,S,12,145
1500,S,2,134
1501,S,6,139
1502,B,31,105
1503,B,15,165
1504,S,50,128
1505,B,40,134
1506,S,30,161
1507,B,15,170
1508,S,13,145
1509,S,10,155
1510,B,39,164
1511,B,35,179
1512,B,39,168
1513,B,50,162
1514,S,3,136
1515,S,15,148
1516,S,38,154
1517,B,28,136
1518,B,6,149
1519,S,39,176
1520,S,48,150
1521,B,37,152
1522,B,14,136
1523,S,27,148
1524,S,38,162
1525,S,17,160
1526,S,44,131
1527,S,49,142
1528,B,31,128
1529,B,24,164
1530,S,23,150
1531,S,48,163
1532,B,48,163
1533,B,29,133
1534,B,22,164
1535,B,11,161
1536,S,6,152
1537,B,31,150
1538,S,24,160
1539,B,39,156
1540,B,26,144
1541,S,46,116
1542,B,41,176
1543,S,29,141
1544,B,34,157
1545,S,13,171
1546,B,45,154
1547,B,40,132
1548,B,42,143
1549,B,11,137
1550,B,23,176
1551,S,26,149
1552,B,5,126
1553,B,36,147
1554,S,38,147
1555,S,23,131
1556,S,30,156
1557,S,37,188
1558,B,7,149
1559,B,33,165
1560,S,33,146
1561,S,35,156
1562,S,37,137
1563,S,50,113
1564,B,30,152
1565,S,38,112
1566,B,25,138
1567,B,44,151
1568,B,23,155
1569,B,45,135
1570,S,44,150
1571,S,5,157
1572,B,37,136
1573,S,12,152
1574,B,48,140
1575,B,17,150
1576,B,40,154
1577,S,10,178
1578,B,43,154
1579,S,40,154
1580,B,3,152
1581,S,24,131
1582,S,37,106
1583,S,32,152
1584,B,18,183
1585,S,15,147
1586,B,31,175
1587,B,33,159
1588,S,12,132
1589,S,8,164
1590,S,44,149
1591,B,25,152
1592,B,17,141
1593,B,36,168
1594,S,40,151
1595,S,24,167
1596,B,45,140
1597,S,24,150
1598,S,9,148
1599,B,7,159
1600,S,25,156
1601,B,10,132
1602,B,27,148
1603,S,9,150
1604,S,36,153
1605,B,26,138
1606,B,17,148
1607,S,41,145
1608,B,24,137
1609,S,36,154
1610,S,23,141
1611,B,37,163
1612,B,21,162
1613,S,50,148
1614,S,19,161
1615,S,41,141
1616,B,22,165
1617,S,41,134
1618,S,11,153
1619,S,15,145
1620,S,18,145
1621,S,18,161
1622,S,48,157
1623,S,27,115
1624,B,47,151
1625,B,43,153
1626,S,6,172
1627,B,11,141
1628,S,31,154
1629,B,2,153
1630,S,7,101
1631,S,40,143
1632,B,25,180
1633,S,15,168
1634,B,9,149
1635,B,34,134
1636,B,21,172
1637,S,30,154
1638,S,45,142
1639,B,38,148
1640,S,37,136
1641,S,34,134
1642,S,15,164
1643,B,29,141
1644,S,20,142
1645,B,1,159
1646,B,1,141
1647,S,49,164
1648,S,19,142
1649,B,1,174
1650,S,28,162
1651,S,16,179
1652,B,25,145
1653,B,17,129
1654,B,49,140
1655,S,19,155
1656,S,12,125
1657,B,19,165
1658,B,18,136
1659,S,13,134
1660,S,35,155
1661,B,12,151
1662,B,29,148
1663,B,15,158
1664,B,22,160
1665,S,20,164
1666,S,3,167
1667,S,6,150
1668,B,5,174
1669,S,12,159
1670,B,25,159
1671,B,8,143
1672,B,16,119
1673,B,13,177
1674,S,43,149
1675,B,31,143
1676,S,21,145
1677,B,41,138
1678,B,8,149
1679,S,31,131
1680,S,43,160
1681,B,8,180
1682,B,11,141
1683,S,38,140
1684,B,3,141
1685,S,45,157
1686,B,11,146
1687,S,6,155
1688,S,41,196
1689,B,4,128
1690,S,7,136
1691,B,32,132
1692,B,42,142
1693,S,29,168
1694,B,47,164
1695,B,17,152
1696,B,19,134
1697,S,13,151
1698,B,30,137
1699,S,39,146
1700,B,19,158
1701,S,35,154
1702,S,33,125
1703,S,47,157
1704,B,24,165
1705,B,21,136
1706,B,25,140
1707,B,34,134
1708,S,19,151
1709,S,27,141
1710,S,5,164
1711,B,9,162
1712,B,32,157
1713,B,7,143
1714,B,43,124
1715,S,34,138
1716,S,46,160
1717,B,1,153
1718,B,6,131
1719,S,41,121
1720,B,27,134
1721,S,46,169
1722,B,3,155
1723,B,20,139
1724,B,7,186
1725,B,47,137
1726,B,34,140
1727,B,37,148
1728,B,48,132
1729,B,50,143
1730,S,28,139
1731,B,11,129
1732,B,43,133
1733,B,35,145
1734,S,36,180
1735,S,24,137
1736,S,47,151
1737,S,39,134
1738,B,50,140
1739,S,24,146
1740,S,47,136
1741,B,19,155
1742,B,20,103
1743,B,20,145
1744,B,50,153
1745,S,36,163
1746,B,10,164
1747,B,17,159
1748,S,17,159
1749,S,6,143
1750,S,5,140
1751,S,31,146
1752,B,45,118
1753,B,39,152
1754,S,25,177
1755,B,50,156
1756,B,28,162
1757,S,8,144
1758,B,1,150
1759,S,4,121
1760,S,37,137
1761,B,21,148
1762,B,26,163
1763,S,49,168
1764,B,26,152
1765,B,9,162
1766,S,4,167
1767,S,17,160
1768,B,45,137
1769,B,49,160
1770,B,26,140
1771,B,36,151
1772,B,28,151
1773,S,44,162
1774,B,24,162
1775,S,13,160
1776,S,50,138
1777,S,11,168
1778,S,29,116
1779,B,29,120
1780,B,44,160
1781,S,10,145
1782,B,40,154
1783,B,19,153
1784,B,20,135
1785,S,31,173
1786,B,14,138
1787,B,35,171
1788,S,10,130
1789,B,25,144
1790,B,13,150
1791,S,4,155
1792,S,25,149
1793,S,43,148
1794,S,42,152
1795,S,15,148
1796,S,21,126
1797,S,39,149
1798,B,30,157
1799,B,3,166
1800,B,32,161
1801,S,48,144
1802,B,23,173
1803,S,16,153
1804,S,25,158
1805,B,36,131
1806,S,26,152
1807,B,6,164
1808,S,41,128
1809,B,27,147
1810,B,20,136
1811,S,29,143
1812,B,35,152
1813,B,9,158
1814,S,9,138
1815,S,50,120
1816,B,11,139
1817,S,5,134
1818,B,10,162
1819,B,49,176
1820,S,27,161
1821,S,29,139
1822,S,9,156
1823,B,2,158
1824,S,39,134
1825,B,15,137
1826,B,31,135
1827,B,33,168
1828,S,25,147
1829,S,31,136
1830,B,27,156
1831,B,18,159
1832,S,13,154
1833,B,5,172
1834,B,40,189
1835,S,45,131
1836,S,28,171
1837,S,50,127
1838,B,47,128
1839,S,26,132
1840,B,3,134
1841,B,34,148
1842,S,25,154
1843,B,13,150
1844,S,50,121
1845,S,30,162
1846,B,4,132
1847,B,30,160
1848,S,12,165
1849,B,26,160
1850,S,30,148
1851,B,30,153
1852,B,46,150
1853,B,46,173
1854,B,41,170
1855,S,6,163
1856,S,40,144
1857,B,25,110
1858,S,22,159
1859,B,11,153
1860,B,27,160
1861,S,20,171
1862,S,9,148
1863,B,1,159
1864,S,32,168
1865,B,39,151
1866,S,31,152
1867,S,27,170
1868,S,16,168
1869,S,40,160
1870,B,42,158
1871,S,3,153
1872,B,39,164
1873,S,22,132
1874,B,12,165
1875,B,44,155
1876,S,39,132
1877,B,30,135
1878,S,20,156
1879,S,24,147
1880,S,36,161
1881,B,19,127
1882,S,18,165
1883,S,34,167
1884,S,40,127
1885,B,7,146
1886,B,46,127
1887,S,28,152
1888,S,40,149
1889,S,9,170
1890,S,32,129
1891,B,40,147
1892,B,1,139
1893,B,2,110
1894,S,14,145
1895,S,27,145
1896,B,41,140
1897,B,1,167
1898,B,5,146
1899,S,20,139
1900,S,22,151
1901,S,26,143
1902,B,22,155
1903,S,31,141
1904,B,41,140
1905,S,35,136
1906,S,48,123
1907,B,34,156
1908,S,36,129
1909,B,14,141
1910,S,23,160
1911,B,10,120
1912,S,25,157
1913,B,37,139
1914,S,49,153
1915,S,46,157
1916,S,6,147
1917,S,16,138
1918,S,14,115
1919,S,12,161
1920,B,13,147
1921,B,29,153
1922,B,10,160
1923,B,22,119
1924,S,50,148
1925,S,10,132
1926,B,44,165
1927,B,14,118
1928,B,34,127
1929,B,1,156
1930,S,39,171
1931,B,22,141
1932,S,50,155
1933,S,2,146
1934,S,13,143
1935,B,19,142
1936,S,43,125
1937,B,18,145
1938,B,40,154
1939,B,14,156
1940,S,46,139
1941,S,37,146
1942,B,22,156
1943,S,4,161
1944,B,4,182
1945,B,25,156
1946,B,46,163
1947,S,40,158
1948,S,46,139
1949,B,49,176
1950,S,45,144
1951,S,7,147
1952,S,50,142
1953,S,31,170
1954,B,40,158
1955,S,24,147
1956,S,22,164
1957,S,30,181
1958,S,23,167
1959,S,30,153
1960,B,37,147
1961,B,33,164
1962,B,7,130
1963,S,36,163
1964,B,26,155
1965,S,16,132
1966,B,25,111
1967,B,22,138
1968,B,28,158
1969,S,35,132
1970,B,48,160
1971,S,8,170
1972,S,29,147
1973,B,20,156
1974,S,39,157
1975,S,21,153
1976,S,14,147
1977,B,38,146
1978,B,29,151
1979,S,25,128
1980,S,21,158
1981,S,37,171
1982,S,46,181
1983,S,6,133
1984,B,9,136
1985,S,4,138
1986,S,1,182
1987,S,8,127
1988,S,45,157
1989,S,41,142
1990,S,28,146
1991,B,43,135
1992,B,25,140
1993,S,27,152
1994,B,9,143
1995,B,1,180
1996,B,32,145
1997,S,9,143
1998,B,30,168
1999,S,40,171
2000,B,29,135
2001,S,23,154
2002,B,37,158
2003,S,47,169
2004,B,35,147
2005,S,3,138
2006,B,8,129
2007,S,45,140
2008,B,49,165
2009,S,30,169
2010,B,16,130
2011,S,41,147
2012,B,38,142
2013,S,40,133
2014,B,1,165
2015,S,30,139
2016,S,23,138
2017,S,19,144
2018,B,48,183
2019,S,47,157
2020,S,11,166
2021,B,43,156
2022,S,19,158
2023,S,6,130
2024,B,18,121
2025,S,9,149
2026,S,48,148
2027,B,39,161
2028,B,43,171
2029,S,24,137
2030,B,32,148
2031,B,34,173
2032,B,10,147
2033,B,32,155
2034,S,29,151
2035,B,14,139
2036,S,8,161
2037,B,11,154
2038,S,48,140
2039,B,25,158
2040,S,28,142
2041,B,19,151
2042,S,34,140
2043,B,7,159
2044,S,42,165
2045,S,22,146
2046,S,42,149
2047,S,30,157
2048,B,13,148
2049,S,44,130
2050,B,1,149
2051,B,1,152
2052,S,29,156
2053,S,15,154
2054,S,40,150
2055,B,4,154
2056,B,46,170
2057,B,6,143
2058,B,42,132
2059,B,8,168
2060,B,5,150
2061,S,18,167
2062,S,50,142
2063,S,17,129
2064,B,4,152
2065,S,25,138
2066,S,17,162
2067,B,29,150
2068,B,40,116
2069,S,12,152
2070,S,28,165
2071,B,40,162
2072,B,7,170
2073,B,5,138
2074,B,29,140
2075,B,32,145
2076,B,3,150
2077,S,18,149
2078,B,37,140
2079,B,33,119
2080,S,47,135
2081,B,35,152
2082,B,50,187
2083,S,8,151
2084,S,4,144
2085,B,24,161
2086,S,50,165
2087,S,42,158
2088,B,25,152
2089,B,20,154
2090,S,23,167
2091,S,6,137
2092,S,13,149
2093,B,47,142
2094,B,35,145
2095,S,32,150
2096,S,22,153
2097,B,22,149
2098,B,42,141
2099,S,44,156
2100,B,5,149
2101,B,48,139
2102,B,40,147
2103,B,16,150
2104,B,20,171
2105,B,30,152
2106,B,7,153
2107,B,32,145
2108,B,22,159
2109,S,21,154
2110,B,9,169
2111,S,14,147
2112,B,8,139
2113,S,10,143
2114,S,11,157
2115,S,16,163
2116,B,41,168
2117,S,50,170
2118,B,1,167
2119,B,12,152
2120,B,19,145
2121,S,45,131
2122,S,41,146
2123,S,34,140
2124,S,40,120
2125,B,39,169
2126,B,6,146
2127,S,23,130
2128,S,8,161
2129,B,40,150
2130,S,33,179
2131,B,30,116
2132,B,10,148
2133,S,32,160
2134,B,4,168
2135,S,19,179
2136,B,49,138
2137,S,3,155
2138,B,12,148
2139,B,2,116
2140,S,16,144
2141,S,38,149
2142,S,21,128
2143,B,50,162
2144,B,48,147
2145,S,13,156
2146,S,38,155
2147,S,4,146
2148,S,30,171
2149,B,25,177
2150,S,41,166
2151,S,18,168
2152,B,37,148
2153,B,18,153
2154,B,27,163
2155,B,49,161
2156,S,11,152
2157,B,37,162
2158,B,32,175
2159,B,38,165
2160,S,47,156
2161,S,48,140
2162,B,15,150
2163,B,37,166
2164,B,31,146
2165,B,28,152
2166,S,7,123
2167,S,32,153
2168,B,45,172
2169,S,14,163
2170,B,6,143
2171,B,31,159
2172,S,37,159
2173,B,30,164
2174,S,26,154
2175,B,24,120
2176,S,41,150
2177,B,25,149
2178,S,49,138
2179,S,45,148
2180,B,22,151
2181,B,33,144
2182,S,24,156
2183,S,40,145
2184,B,36,144
2185,B,36,157
2186,B,35,159
2187,B,42,160
2188,S,45,148
2189,B,49,125
2190,B,33,136
2191,S,18,179
2192,B,32,163
2193,B,31,155
2194,S,44,136
2195,B,13,154
2196,S,12,163
2197,S,5,158
2198,B,10,154
2199,S,10,156
2200,B,19,129
2201,S,44,147
2202,B,48,135
2203,B,19,153
2204,B,15,178
2205,S,27,162
2206,S,32,135
2207,S,30,128
2208,S,20,121
2209,B,17,137
2210,B,50,110
2211,B,10,154
2212,S,40,142
2213,B,46,187
2214,S,46,154
2215,B,11,158
2216,B,37,185
2217,B,29,182
2218,S,46,143
2219,B,43,157
2220,S,29,158
2221,B,35,149
2222,S,32,152
2223,B,30,152
2224,S,35,172
2225,S,42,183
2226,S,49,138
2227,B,37,152
2228,S,31,146
2229,B,9,156
2230,B,15,145
2231,S,23,164
2232,B,13,141
2233,B,50,168
2234,S,29,152
2235,B,33,156
2236,S,39,154
2237,B,43,162
2238,S,28,131
2239,S,25,164
2240,S,20,164
2241,S,36,151
2242,B,48,157
2243,S,29,181
2244,S,28,162
2245,S,9,171
2246,B,34,158
2247,S,5,160
2248,S,18,163
2249,S,12,158
2250,S,9,144
2251,B,12,126
2252,S,20,146
2253,S,32,167
2254,S,10,154
2255,S,20,176
2256,S,19,166
2257,S,12,166
2258,S,2,168
2259,B,49,138
2260,S,39,110
2261,S,38,152
2262,S,41,122
2263,S,45,138
2264,B,2,133
2265,S,11,167
2266,B,45,160
2267,B,23,163
2268,B,41,163
2269,S,4,155
2270,S,5,144
2271,B,50,171
2272,B,11,152
2273,S,21,130
2274,S,24,147
2275,B,35,173
2276,S,34,151
2277,S,24,148
2278,S,11,121
2279,B,14,168
2280,B,36,122
2281,B,27,149
2282,S,9,156
2283,B,31,146
2284,S,29,145
2285,S,12,163
2286,S,15,177
2287,B,45,155
2288,B,14,145
2289,B,6,138
2290,S,5,140
2291,B,50,126
2292,S,7,150
2293,B,43,146
2294,B,3,118
2295,B,20,156
2296,B,39,151
2297,B,38,124
2298,B,6,156
2299,B,48,163
2300,S,11,163
2301,B,33,146
2302,B,1,166
2303,B,46,161
2304,B,49,159
2305,B,47,148
2306,B,46,180
2307,S,24,135
2308,B,12,115
2309,S,25,164
2310,S,8,152
2311,S,8,161
2312,S,49,156
2313,S,46,155
2314,S,21,146
2315,S,8,148
2316,S,20,146
2317,S,15,170
2318,S,13,143
2319,B,31,179
2320,S,32,174
2321,B,26,199
2322,S,8,128
2323,B,26,147
2324,S,48,136
2325,B,5,111
2326,S,39,163
2327,S,8,148
2328,B,18,163
2329,S,49,129
2330,S,26,136
2331,S,33,167
2332,S,8,160
2333,S,32,163
2334,S,2,154
2335,B,48,186
2336,B,2,159
2337,B,25,135
2338,S,7,162
2339,B,43,167
2340,S,43,153
2341,S,32,140
2342,S,35,124
2343,B,49,143
2344,B,8,181
2345,S,29,148
2346,S,3,160
2347,B,12,137
2348,S,28,157
2349,B,20,144
2350,S,44,143
2351,S,43,151
2352,S,33,121
2353,B,26,154
2354,S,40,110
2355,S,50,151
2356,S,3,148
2357,B,24,153
2358,S,49,157
2359,S,25,132
2360,B,27,108
2361,S,4,170
2362,B,38,150
2363,B,45,172
2364,B,11,155
2365,B,35,145
2366,S,28,171
2367,S,18,155
2368,B,21,143
2369,S,37,131
2370,S,32,147
2371,B,45,156
2372,B,49,141
2373,S,11,165
2374,S,32,140
2375,B,35,162
2376,B,37,149
2377,S,15,155
2378,B,38,146
2379,S,18,131
2380,B,28,133
2381,B,23,143
2382,B,20,143
2383,S,43,140
2384,S,40,155
2385,S,43,164
2386,B,34,165
2387,B,37,136
2388,S,48,159
2389,S,18,187
2390,S,4,172
2391,B,24,140
2392,S,44,155
2393,S,28,157
2394,S,5,138
2395,B,27,176
2396,S,17,160
2397,B,26,131
2398,B,16,157
2399,S,30,156
2400,S,42,135
2401,B,13,144
2402,B,18,149
2403,B,42,154
2404,B,2,167
2405,B,6,146
2406,S,27,126
2407,S,43,132
2408,B,9,127
2409,B,8,167
2410,B,50,122
2411,S,32,146
2412,B,21,151
2413,S,38,158
2414,S,28,159
2415,B,10,127
2416,B,29,168
2417,S,17,185
2418,B,8,135
2419,S,35,151
2420,S,18,139
2421,B,24,152
2422,S,2,144
2423,B,48,123
2424,B,16,140
2425,S,36,125
2426,S,24,136
2427,B,35,185
2428,B,26,159
2429,S,20,138
2430,B,20,173
2431,B,11,140
2432,S,50,129
2433,S,3,127
2434,S,32,169
2435,S,48,129
2436,S,28,162
2437,B,11,144
2438,S,39,136
2439,S,30,149
2440,B,12,152
2441,S,42,129
2442,B,20,160
2443,S,37,150
2444,B,46,159
2445,B,39,157
2446,S,31,153
2447,B,17,137
2448,B,19,139
2449,B,6,124
2450,S,25,140
2451,B,2,161
2452,B,41,169
2453,B,6,140
2454,S,11,157
2455,B,26,172
2456,S,24,143
2457,B,37,145
2458,B,50,168
2459,S,44,152
2460,S,13,167
2461,S,19,166
2462,S,14,138
2463,B,19,161
2464,B,10,137
2465,B,19,158
2466,S,16,151
2467,S,38,166
2468,S,21,164
2469,S,44,159
2470,B,48,145
2471,S,5,127
2472,B,16,145
2473,S,23,148
2474,B,25,168
2475,S,26,151
2476,S,3,171
2477,B,17,173
2478,B,30,115
2479,B,6,149
2480,S,17,146
2481,B,21,135
2482,B,18,167
2483,S,28,148
2484,S,49,160
2485,S,34,143
2486,S,48,142
2487,S,49,154
2488,B,41,118
2489,S,4,138
2490,B,3,156
2491,S,17,159
2492,B,32,146
2493,B,29,135
2494,S,30,169
2495,S,8,149
2496,B,19,155
2497,B,11,155
2498,S,14,130
2499,B,34,141
2500,B,50,145
2501,S,44,153
2502,B,44,153
2503,B,26,148
2504,S,21,119
2505,B,2,130
2506,B,31,127
2507,S,41,156
2508,S,3,149
2509,S,21,149
2510,B,42,151
2511,S,21,155
2512,B,39,149
2513,S,6,131
2514,S,50,150
2515,S,6,161
2516,B,50,155
2517,S,19,143
2518,B,28,163
2519,S,44,162
2520,B,24,146
2521,B,32,155
2522,S,37,163
2523,S,6,139
2524,S,28,158
2525,S,6,131
2526,B,44,110
2527,B,42,147
2528,B,42,167
2529,B,19,142
2530,S,31,120
2531,S,10,163
2532,B,16,145
2533,S,19,138
2534,B,33,118
2535,B,33,139
2536,S,47,136
2537,S,23,159
2538,S,2,128
2539,B,48,137
2540,S,26,154
2541,B,6,159
2542,S,38,159
2543,S,49,141
2544,S,12,142
2545,B,12,142
2546,B,44,150
2547,B,28,130
2548,B,11,157
2549,S,30,150
2550,S,39,176
2551,S,20,121
2552,S,44,136
2553,S,20,114
2554,B,8,152
2555,B,45,152
2556,B,42,157
2557,B,42,142
2558,B,35,131
2559,B,6,158
2560,S,28,151
2561,B,8,142
2562,B,29,170
2563,S,31,136
2564,B,13,163
2565,S,37,135
2566,S,41,152
2567,S,27,151
2568,S,36,148
2569,S,3,130
2570,S,47,135
2571,S,15,161
2572,B,21,135
2573,B,18,147
2574,S,40,156
2575,S,29,145
2576,S,13,162
2577,S,23,152
2578,S,44,151
2579,S,39,160
2580,S,46,158
2581,S,27,159
2582,S,11,158
2583,B,19,124
2584,B,13,146
2585,B,39,143
2586,S,32,163
2587,S,16,159
2588,B,23,97
2589,S,23,130
2590,B,33,164
2591,B,5,176
2592,S,8,131
2593,B,32,159
2594,S,50,176
2595,B,50,149
2596,S,33,173
2597,B,46,132
2598,B,30,164
2599,B,7,143
2600,B,7,152
2601,B,41,146
2602,B,11,173
2603,S,46,126
2604,S,7,151
2605,B,42,132
2606,S,13,146
2607,S,27,157
2608,B,22,151
2609,S,33,177
2610,B,49,162
2611,S,24,157
2612,B,27,165
2613,B,9,170
2614,S,30,137
2615,S,2,158
2616,S,34,151
2617,B,6,152
2618,S,11,133
2619,S,4,189
2620,S,42,151
2621,B,37,128
2622,B,43,192
2623,S,27,144
2624,S,20,168
2625,S,23,135
2626,B,40,165
2627,B,45,121
2628,S,35,140
2629,S,45,153
2630,S,26,170
2631,B,20,133
2632,B,47,163
2633,B,34,153
2634,S,20,154
2635,S,49,167
2636,B,35,181
2637,S,16,155
2638,S,8,144
2639,B,24,106
2640,S,4,140
2641,B,29,140
2642,S,22,149
2643,B,48,149
2644,B,46,143
2645,B,46,160
2646,S,21,139
2647,B,50,149
2648,S,28,142
2649,S,6,152
2650,B,31,179
2651,B,29,162
2652,B,38,138
2653,S,17,163
2654,S,45,117
2655,S,47,112
2656,S,9,154
2657,S,46,143
2658,S,34,166
2659,B,45,167
2660,B,11,146
2661,S,8,151
2662,S,19,161
2663,B,34,159
2664,B,24,159
2665,S,19,159
2666,S,38,158
2667,S,4,151
2668,S,48,158
2669,S,1,143
2670,B,3,145
2671,S,31,148
2672,S,25,121
2673,S,47,137
2674,B,30,151
2675,S,43,132
2676,S,6,164
2677,S,25,169
2678,B,3,161
2679,S,48,142
2680,S,46,132
2681,B,37,126
2682,S,36,143
2683,B,13,147
2684,B,49,168
2685,S,33,145
2686,B,12,176
2687,B,18,174
2688,B,38,151
2689,S,6,173
2690,S,2,146
2691,S,28,153
2692,B,21,124
2693,S,17,165
2694,B,11,155
2695,S,10,155
2696,B,20,150
2697,S,44,156
2698,B,12,186
2699,B,46,164
2700,B,10,148
2701,S,21,157
2702,S,8,130
2703,B,13,170
2704,B,32,150
2705,S,8,130
2706,S,27,166
2707,B,31,156
2708,B,2,141
2709,S,36,156
2710,B,9,150
2711,S,37,169
2712,S,33,123
2713,B,10,160
2714,S,16,141
2715,S,36,148
2716,S,40,177
2717,S,42,157
2718,B,31,185
2719,S,39,150
2720,S,23,158
2721,B,38,138
2722,S,37,174
2723,B,20,157
2724,B,9,144
2725,S,28,155
2726,B,21,121
2727,S,41,126
2728,S,18,173
2729,B,43,147
2730,S,39,141
2731,S,2,164
2732,B,31,149
2733,B,1,149
2734,B,46,123
2735,S,49,167
2736,S,42,124
2737,B,35,144
2738,B,29,172
2739,B,23,133
2740,S,12,157
2741,B,8,138
2742,S,1,143
2743,B,48,157
2744,B,46,151
2745,S,13,127
2746,B,46,159
2747,B,15,131
2748,S,32,154
2749,B,1,149
2750,B,8,171
2751,S,37,148
2752,S,48,155
2753,B,5,159
2754,B,37,150
2755,B,34,142
2756,S,45,158
2757,S,44,171
2758,S,44,166
2759,B,21,150
2760,S,8,159
2761,S,32,137
2762,S,47,146
2763,B,4,150
2764,S,21,166
2765,B,26,141
2766,B,2,134
2767,B,45,177
2768,S,13,182
2769,B,22,141
2770,S,2,169
2771,S,28,158
2772,B,22,132
2773,S,16,138
2774,B,4,113
2775,S,34,156
2776,B,40,174
2777,S,49,141
2778,B,6,136
2779,B,3,136
2780,S,5,139
2781,B,4,177
2782,S,28,169
2783,B,7,157
2784,B,25,138
2785,S,7,145
2786,S,43,152
2787,B,30,170
2788,S,40,135
2789,B,22,154
2790,B,13,137
2791,B,7,154
2792,B,13,145
2793,B,41,147
2794,S,40,139
2795,S,12,164
2796,B,9,153
2797,S,38,153
2798,S,23,128
2799,S,38,148
2800,B,22,158
2801,S,24,160
2802,B,10,128
2803,B,16,148
2804,B,13,141
2805,B,5,155
2806,S,45,156
2807,S,39,166
2808,S,22,162
2809,S,27,134
2810,S,3,159
2811,S,15,164
2812,B,30,135
2813,B,16,132
2814,S,22,146
2815,S,14,113
2816,S,24,168
2817,B,5,192
2818,S,19,157
2819,S,13,151
2820,S,13,154
2821,S,12,151
2822,B,22,168
2823,B,12,134
2824,B,7,179
2825,B,44,154
2826,B,8,131
2827,S,14,168
2828,S,24,136
2829,B,34,154
2830,S,10,154
2831,B,13,146
2832,B,21,127
2833,S,41,145
2834,B,38,172
2835,B,35,138
2836,S,4,153
2837,S,9,137
2838,S,31,152
2839,B,11,156
2840,S,33,150
2841,S,32,128
2842,S,34,160
2843,S,46,171
2844,S,41,130
2845,B,14,153
2846,B,16,163
2847,S,14,140
2848,S,11,137
2849,S,17,157
2850,B,29,154
2851,S,15,155
2852,B,28,130
2853,S,30,155
2854,S,21,127
2855,S,25,165
2856,B,42,155
2857,B,23,160
2858,B,35,145
2859,B,18,167
2860,B,3,155
2861,B,22,153
2862,B,48,145
2863,S,13,140
2864,B,48,175
2865,S,1,150
2866,S,26,147
2867,S,38,164
2868,B,49,132
2869,B,26,153
2870,B,31,154
2871,B,34,175
2872,S,6,147
2873,S,13,134
2874,S,14,153
2875,S,29,127
2876,B,9,136
2877,S,48,164
2878,B,23,128
2879,S,15,150
2880,S,49,128
2881,S,21,161
2882,B,9,147
2883,B,22,148
2884,S,26,160
2885,B,35,149
2886,S,37,153
2887,S,41,157
2888,S,36,156
2889,B,3,154
2890,S,25,160
2891,S,14,152
2892,B,30,145
2893,B,24,168
2894,B,27,164
2895,S,11,176
2896,B,48,161
2897,B,25,161
2898,B,28,157
2899,S,11,157
2900,S,44,135
2901,S,18,141
2902,B,5,158
2903,S,39,150
2904,B,32,117
2905,S,30,145
2906,B,30,149
2907,S,45,138
2908,S,12,128
2909,S,16,168
2910,B,30,170
2911,S,43,136
2912,B,45,148
2913,B,16,144
2914,B,19,147
2915,B,45,171
2916,B,49,163
2917,B,24,142
2918,B,50,151
2919,S,27,132
2920,S,3,155
2921,S,2,159
2922,B,30,136
2923,S,22,133
2924,S,1,159
2925,S,8,138
2926,B,32,138
2927,S,5,172
2928,B,29,139
2929,B,31,147
2930,S,2,155
2931,B,12,142
2932,S,11,168
2933,B,43,167
2934,B,23,146
2935,B,14,142
2936,B,29,164
2937,B,41,138
2938,B,4,140
2939,B,4,158
2940,S,24,154
2941,B,13,116
2942,B,1,154
2943,S,13,150
2944,B,43,156
2945,B,47,180
2946,B,21,167
2947,S,36,155
2948,B,26,125
2949,S,8,125
2950,B,12,153
2951,B,26,164
2952,S,15,160
2953,B,43,151
2954,S,5,142
2955,B,27,138
2956,S,7,152
2957,B,17,132
2958,B,45,116
2959,S,44,125
2960,B,45,139
2961,S,43,169
2962,S,38,153
2963,S,25,151
2964,B,1,127
2965,B,2,149
2966,B,49,141
2967,B,40,173
2968,B,19,164
2969,B,10,155
2970,S,47,151
2971,S,48,154
2972,S,49,159
2973,B,34,160
2974,S,2,143
2975,B,47,140
2976,S,4,144
2977,B,44,159
2978,B,21,139
2979,B,29,141
2980,B,13,166
2981,B,41,157
2982,B,12,157
2983,B,16,147
2984,B,11,135
2985,B,16,158
2986,S,19,155
2987,S,41,160
2988,B,6,146
2989,S,26,176
2990,S,33,158
2991,S,49,164
2992,B,2,161
2993,S,28,126
2994,B,39,152
2995,B,36,116
2996,B,30,149
2997,S,25,167
2998,S,31,157
2999,B,10,154
3000,B,47,180
3001,S,32,151
3002,S,48,182
3003,S,25,134
3004,S,5,134
3005,S,3,192
3006,B,13,135
3007,S,17,163
3008,S,45,133
3009,S,45,149
3010,B,48,130
3011,B,16,122
3012,S,41,177
3013,B,45,156
3014,B,44,149
3015,B,17,166
3016,B,11,120
3017,B,8,128
3018,B,26,129
3019,B,34,124
3020,B,28,156
3021,S,45,144
3022,S,25,131
3023,S,47,150
3024,S,6,151
3025,B,41,116
3026,S,14,155
3027,S,45,139
3028,S,32,159
3029,B,7,150
3030,B,27,152
3031,S,47,135
3032,S,46,157
3033,B,13,163
3034,S,29,165
3035,B,12,183
3036,B,49,159
3037,B,17,153
3038,S,7,119
3039,B,6,162
3040,S,5,157
3041,S,2,154
3042,B,7,128
3043,B,4,153
3044,S,38,150
3045,B,7,148
3046,B,39,148
3047,S,32,150
3048,S,22,151
3049,S,44,130
3050,S,24,178
3051,S,25,150
3052,B,7,180
3053,B,30,145
3054,S,9,145
3055,B,39,119
3056,B,45,158
3057,B,24,141
3058,S,31,134
3059,S,43,135
3060,B,21,171
3061,B,41,150
3062,S,48,178
3063,S,44,122
3064,S,48,152
3065,B,23,167
3066,S,31,183
3067,B,47,137
3068,S,10,147
3069,B,9,160
3070,S,44,154
3071,S,11,138
3072,S,35,167
3073,B,16,145
3074,B,45,167
3075,B,7,182
3076,S,21,154
3077,S,50,150
3078,S,31,152
3079,B,43,161
3080,B,32,169
3081,B,45,140
3082,S,50,174
3083,B,42,125
3084,S,48,133
3085,S,42,167
3086,S,8,154
3087,S,6,140
3088,B,13,171
3089,B,37,163
3090,S,25,159
3091,B,20,159
3092,B,25,142
3093,S,21,145
3094,S,9,160
3095,B,7,117
3096,S,21,179
3097,B,19,152
3098,B,39,133
3099,S,10,150
3100,B,45,140
3101,B,18,142
3102,S,19,143
3103,S,4,142
3104,S,47,164
3105,B,45,170
3106,B,32,173
3107,S,20,138
3108,B,22,169
3109,S,44,149
3110,S,26,175
3111,B,34,148
3112,S,45,143
3113,S,7,183
3114,B,4,138
3115,S,30,174
3116,B,31,136
3117,S,10,142
3118,B,48,155
3119,B,24,174
3120,B,10,130
3121,S,28,110
3122,B,31,156
3123,B,4,147
3124,B,38,172
3125,S,10,147
3126,S,26,150
3127,S,20,158
3128,B,45,142
3129,B,50,138
3130,S,18,164
3131,S,24,134
3132,B,32,155
3133,B,2,154
3134,S,38,146
3135,B,25,175
3136,S,20,173
3137,B,7,150
3138,S,35,180
3139,B,26,163
3140,B,34,128
3141,S,5,167
3142,B,43,150
3143,B,12,140
3144,B,21,166
3145,B,3,151
3146,B,6,131
3147,S,49,140
3148,B,20,157
3149,S,35,154
3150,B,1,118
3151,B,20,167
3152,B,19,167
3153,S,9,144
3154,S,23,144
3155,B,45,133
3156,B,3,148
3157,B,10,146
3158,S,9,156
3159,B,38,142
3160,S,28,146
3161,B,36,174
3162,S,11,149
3163,S,30,172
3164,B,45,171
3165,B,35,142
3166,B,41,172
3167,B,46,160
3168,S,33,130
3169,B,27,142
3170,B,25,139
3171,B,39,174
3172,B,8,157
3173,S,5,154
3174,S,22,141
3175,S,10,139
3176,B,15,149
3177,S,7,157
3178,B,20,161
3179,S,7,172
3180,S,36,141
3181,S,39,121
3182,B,49,157
3183,S,12,144
3184,S,35,158
3185,S,31,129
3186,B,46,149
3187,B,43,173
3188,B,18,162
3189,B,47,165
3190,S,39,147
3191,S,46,139
3192,S,30,168
3193,S,18,190
3194,S,15,126
3195,S,41,147
3196,B,21,164
3197,B,41,145
3198,B,6,160
3199,B,37,155
3200,B,32,161
3201,B,28,156
3202,B,44,132
3203,B,26,152
3204,B,48,125
3205,B,46,128
3206,S,16,143
3207,B,39,126
3208,S,49,172
3209,B,12,145
3210,B,23,145
3211,B,28,156
3212,S,8,139
3213,S,44,160
3214,B,8,164
3215,S,20,125
3216,S,48,147
3217,S,14,160
3218,S,33,184
3219,B,30,134
3220,S,30,152
3221,S,20,151
3222,S,47,161
3223,B,26,159
3224,S,13,166
3225,B,34,151
3226,B,1,122
3227,B,50,168
3228,S,20,152
3229,S,28,165
3230,B,29,138
3231,S,11,147
3232,B,23,140
3233,B,8,163
3234,B,27,148
3235,S,3,158
3236,B,43,132
3237,S,8,118
3238,S,44,132
3239,B,21,151
3240,S,25,116
3241,B,8,150
3242,B,23,152
3243,B,50,142
3244,B,28,177
3245,B,28,159
3246,S,49,146
3247,S,16,167
3248,B,18,149
3249,B,17,140
3250,B,31,142
3251,B,45,136
3252,B,41,161
3253,B,15,177
3254,B,13,153
3255,B,28,153
3256,B,4,145
3257,S,27,146
3258,S,15,137
3259,S,28,110
3260,S,4,165
3261,S,8,156
3262,S,46,126
3263,S,16,177
3264,S,1,158
3265,B,43,144
3266,S,39,154
3267,B,28,166
3268,B,22,150
3269,S,8,167
3270,B,50,139
3271,B,22,130
3272,S,50,149
3273,S,16,136
3274,S,7,154
3275,B,41,164
3276,B,42,188
3277,B,13,160
3278,S,35,155
3279,S,20,147
3280,S,47,160
3281,B,3,149
3282,B,17,157
3283,S,24,168
3284,S,28,145
3285,B,31,145
3286,S,2,113
3287,B,39,144
3288,S,3,147
3289,B,45,143
3290,B,44,149
3291,B,11,135
3292,S,50,150
3293,S,26,135
3294,S,37,150
3295,B,38,151
3296,B,30,169
3297,S,20,132
3298,B,8,147
3299,B,15,161
3300,B,41,138
3301,B,18,147
3302,B,42,147
3303,B,14,176
3304,B,39,164
3305,S,21,150
3306,B,17,179
3307,B,27,140
3308,S,1,148
3309,S,15,155
3310,S,35,168
3311,B,47,186
3312,S,41,161
3313,B,29,146
3314,B,41,145
3315,S,10,159
3316,S,24,153
3317,B,31,174
3318,B,12,133
3319,B,37,150
3320,S,19,159
3321,B,20,147
3322,B,44,171
3323,B,5,132
3324,B,42,160
3325,S,7,155
3326,B,39,146
3327,B,25,123
3328,S,49,178
3329,B,9,154
3330,B,41,151
3331,B,1,138
3332,B,46,123
3333,B,13,143
3334,B,29,131
3335,B,20,152
3336,S,35,139
3337,S,41,151
3338,B,35,154
3339,S,7,151
3340,S,2,171
3341,B,28,176
3342,S,15,163
3343,S,44,167
3344,B,15,104
3345,B,19,152
3346,S,24,162
3347,B,3,156
3348,B,39,158
3349,B,44,167
3350,S,20,163
3351,S,23,168
3352,B,24,148
3353,S,46,167
3354,B,10,157
3355,B,21,121
3356,B,31,131
3357,B,8,165
3358,S,6,162
3359,S,9,147
3360,B,32,152
3361,S,31,136
3362,S,9,133
3363,B,25,137
3364,S,32,132
3365,B,25,144
3366,B,37,136
3367,B,45,142
3368,B,2,150
3369,S,36,151
3370,S,4,183
3371,S,24,141
3372,B,36,148
3373,S,16,158
3374,B,9,152
3375,B,45,146
3376,B,28,148
3377,S,4,152
3378,B,39,147
3379,B,2,145
3380,B,5,146
3381,B,37,155
3382,S,48,156
3383,B,48,158
3384,S,29,126
3385,B,19,154
3386,B,3,167
3387,B,33,176
3388,B,44,178
3389,S,36,152
3390,S,46,165
3391,B,28,141
3392,B,25,149
3393,B,48,157
3394,B,26,146
3395,B,48,153
3396,B,21,157
3397,S,25,135
3398,B,28,164
3399,B,18,155
3400,B,50,161
3401,S,2,159
3402,B,5,146
3403,B,39,168
3404,B,36,151
3405,B,41,137
3406,B,37,150
3407,B,37,156
3408,S,20,163
3409,B,23,154
3410,S,21,167
3411,S,47,145
3412,S,7,173
3413,S,27,146
3414,B,2,124
3415,S,31,150
3416,B,30,148
3417,B,41,158
3418,B,14,160
3419,B,50,147
3420,B,47,168
3421,S,29,149
3422,B,28,142
3423,B,46,162
3424,S,39,153
3425,B,10,201
3426,S,50,152
3427,S,36,151
3428,B,11,133
3429,S,11,150
3430,B,6,147
3431,B,12,164
3432,S,17,149
3433,S,42,167
3434,B,32,187
3435,B,24,135
3436,S,44,126
3437,B,29,167
3438,S,21,129
3439,S,6,148
3440,S,44,138
3441,B,40,150
3442,B,36,149
3443,B,10,139
3444,B,26,148
3445,B,15,159
3446,S,23,166
3447,S,30,134
3448,S,7,157
3449,S,50,156
3450,S,21,154
3451,S,39,163
3452,S,8,156
3453,S,30,174
3454,B,10,115
3455,B,21,140
3456,B,4,176
3457,S,28,148
3458,S,2,152
3459,S,18,160
3460,S,5,146
3461,S,26,145
3462,B,27,143
3463,B,43,173
3464,S,28,152
3465,S,49,155
3466,S,27,157
3467,S,31,162
3468,B,45,166
3469,S,1,147
3470,B,40,170
3471,B,21,160
3472,S,10,182
3473,S,21,153
3474,B,17,156
3475,B,29,128
3476,B,38,136
3477,B,3,134
3478,B,45,150
3479,B,39,140
3480,S,13,152
3481,B,24,160
3482,S,33,182
3483,B,45,153
3484,S,27,140
3485,S,23,137
3486,S,8,125
3487,B,30,146
3488,S,11,137
3489,S,25,164
3490,S,28,163
3491,S,45,131
3492,B,7,177
3493,B,42,149
3494,B,32,138
3495,B,41,140
3496,S,43,123
3497,S,27,149
3498,B,25,153
3499,B,13,166
3500,S,30,163
3501,S,42,146
3502,S,15,165
3503,S,18,151
3504,S,27,139
3505,B,1,180
3506,S,24,153
3507,S,22,151
3508,B,16,196
3509,S,13,138
3510,S,37,163
3511,S,9,126
3512,S,21,159
3513,B,28,149
3514,B,33,172
3515,B,41,166
3516,S,17,162
3517,B,21,132
3518,B,1,153
3519,B,2,152
3520,B,47,147
3521,B,30,149
3522,S,15,158
3523,S,13,170
3524,B,25,146
3525,S,43,123
3526,B,41,145
3527,B,41,185
3528,B,8,176
3529,B,10,172
3530,S,5,149
3531,S,24,159
3532,B,2,137
3533,S,5,161
3534,S,44,156
3535,S,25,148
3536,S,11,139
3537,B,20,138
3538,B,41,168
3539,B,8,137
3540,S,40,167
3541,B,11,149
3542,S,2,159
3543,B,34,146
3544,B,14,153
3545,B,21,164
3546,B,9,155
3547,S,18,174
3548,S,46,152
3549,S,30,156
3550,S,13,117
3551,S,12,164
3552,B,18,138
3553,S,7,121
3554,S,47,155
3555,S,28,159
3556,S,21,128
3557,B,39,161
3558,S,24,132
3559,B,29,158
3560,B,17,179
3561,S,19,126
3562,S,21,144
3563,S,12,154
3564,S,24,150
3565,S,10,160
3566,S,1,159
3567,S,14,159
3568,S,15,138
3569,B,25,145
3570,S,7,135
3571,S,46,139
3572,B,44,131
3573,S,21,140
3574,S,32,152
3575,S,3,155
3576,S,11,143
3577,S,38,154
3578,S,2,150
3579,B,30,153
3580,S,3,177
3581,B,22,179
3582,B,27,156
3583,S,18,153
3584,S,36,150
3585,S,32,135
3586,B,30,132
3587,S,42,164
3588,B,7,170
3589,B,15,121
3590,B,21,154
3591,S,15,143
3592,B,24,170
3593,B,45,163
3594,B,8,148
3595,B,20,176
3596,B,25,148
3597,S,45,173
3598,B,8,168
3599,B,21,141
3600,B,27,151
3601,S,43,119
3602,B,31,139
3603,S,18,148
3604,S,6,152
3605,S,50,133
3606,S,16,147
3607,B,45,136
3608,B,14,166
3609,B,43,158
3610,B,32,136
3611,B,22,153
3612,B,33,160
3613,S,49,127
3614,S,33,144
3615,B,9,129
3616,B,29,163
3617,B,50,143
3618,S,11,155
3619,S,37,161
3620,B,48,168
3621,B,16,174
3622,B,2,158
3623,S,43,144
3624,S,36,146
3625,B,23,156
3626,S,28,154
3627,S,4,165
3628,S,42,149
3629,S,47,157
3630,S,12,153
3631,S,34,159
3632,S,4,143
3633,B,8,149
3634,B,37,174
3635,S,16,171
3636,B,40,138
3637,S,26,148
3638,S,45,170
3639,S,32,165
3640,B,41,155
3641,S,46,159
3642,S,33,149
3643,S,48,143
3644,S,11,164
3645,S,44,132
3646,B,30,157
3647,B,1,162
3648,S,17,147
3649,B,11,151
3650,B,38,117
3651,B,32,128
3652,B,2,146
3653,S,15,151
3654,B,7,151
3655,S,48,124
3656,S,35,127
3657,S,43,157
3658,S,23,150
3659,S,46,167
3660,S,39,170
3661,S,8,134
3662,S,2,140
3663,B,27,128
3664,B,32,146
3665,B,16,143
3666,S,13,134
3667,S,41,169
3668,B,44,180
3669,S,34,143
3670,B,22,148
3671,S,38,173
3672,S,13,161
3673,B,38,146
3674,S,30,154
3675,S,19,143
3676,B,44,167
3677,B,30,147
3678,B,36,138
3679,B,20,148
3680,S,1,144
3681,S,3,176
3682,B,4,146
3683,S,20,170
3684,B,1,130
3685,B,17,159
3686,B,33,143
3687,B,6,160
3688,S,28,165
3689,B,19,169
3690,B,16,184
3691,S,28,157
3692,S,17,157
3693,S,39,149
3694,S,21,157
3695,B,44,164
3696,B,13,150
3697,S,20,166
3698,B,30,140
3699,B,25,183
3700,S,45,165
3701,S,33,160
3702,S,27,134
3703,S,30,153
3704,B,50,153
3705,S,6,148
3706,B,16,140
3707,S,9,142
3708,S,9,177
3709,S,43,160
3710,B,34,125
3711,S,4,156
3712,B,42,177
3713,B,22,160
3714,B,45,158
3715,S,4,133
3716,B,48,149
3717,B,45,128
3718,B,32,131
3719,B,15,148
3720,B,1,146
3721,S,40,162
3722,B,39,150
3723,B,34,150
3724,B,2,150
3725,S,26,157
3726,B,31,161
3727,B,16,144
3728,S,43,160
3729,B,28,130
3730,B,48,144
3731,B,11,143
3732,B,43,138
3733,B,38,152
3734,S,25,142
3735,B,30,159
3736,S,19,153
3737,S,8,142
3738,S,42,163
3739,S,3,151
3740,S,47,166
3741,S,18,146
3742,B,33,164
3743,B,23,148
3744,S,10,141
3745,S,42,149
3746,S,9,121
3747,S,49,157
3748,S,42,155
3749,S,25,147
3750,S,46,143
3751,S,9,144
3752,S,38,133
3753,S,5,140
3754,B,15,174
3755,B,43,154
3756,B,21,127
3757,B,50,150
3758,B,47,174
3759,S,49,169
3760,S,17,155
3761,B,3,147
3762,B,41,136
3763,B,12,155
3764,S,9,163
3765,B,13,160
3766,S,15,127
3767,B,48,151
3768,B,13,133
3769,B,38,157
3770,B,14,135
3771,B,9,134
3772,B,35,140
3773,B,22,162
3774,B,47,134
3775,S,13,116
3776,B,23,135
3777,S,40,143
3778,B,41,155
3779,S,5,135
3780,B,7,163
3781,B,32,163
3782,B,2,168
3783,B,19,156
3784,S,11,139
3785,S,5,159
3786,B,33,171
3787,S,26,122
3788,B,38,120
3789,S,17,141
3790,B,13,165
3791,S,49,153
3792,B,47,162
3793,S,49,164
3794,B,37,151
3795,B,23,156
3796,B,40,169
3797,B,36,144
3798,S,3,161
3799,B,3,146
3800,S,28,128
3801,S,20,149
3802,B,50,155
3803,B,35,151
3804,S,36,140
3805,S,4,128
3806,S,28,152
3807,S,36,127
3808,B,40,156
3809,S,23,155
3810,B,16,131
3811,B,6,178
3812,B,35,154
3813,B,1,175
3814,B,9,152
3815,S,12,144
3816,S,42,163
3817,B,19,154
3818,B,8,137
3819,B,5,139
3820,S,46,159
3821,S,15,146
3822,S,50,142
3823,S,42,115
3824,B,45,138
3825,B,4,148
3826,S,40,169
3827,S,18,136
3828,B,34,152
3829,B,20,158
3830,B,10,167
3831,B,16,167
3832,S,8,140
3833,B,32,137
3834,B,20,147
3835,B,4,170
3836,S,2,159
3837,S,25,138
3838,S,12,160
3839,S,35,153
3840,B,49,148
3841,S,2,147
3842,S,49,179
3843,B,49,135
3844,B,28,135
3845,S,47,174
3846,B,47,157
3847,S,35,132
3848,S,50,129
3849,S,11,161
3850,S,16,104
3851,B,1,160
3852,S,6,161
3853,B,50,115
3854,S,40,142
3855,S,24,163
3856,S,50,136
3857,B,8,128
3858,S,17,138
3859,B,29,144
3860,S,3,152
3861,S,31,150
3862,B,6,133
3863,S,40,161
3864,S,17,165
3865,S,17,145
3866,S,10,165
3867,B,15,165
3868,B,33,145
3869,S,38,142
3870,S,4,173
3871,S,17,156
3872,B,23,137
3873,B,39,123
3874,B,29,146
3875,B,33,155
3876,B,24,151
3877,S,5,163
3878,S,21,156
3879,S,22,144
3880,S,19,162
3881,B,11,141
3882,S,38,183
3883,B,7,160
3884,B,50,156
3885,S,14,133
3886,S,47,152
3887,B,25,147
3888,B,15,186
3889,S,35,139
3890,B,4,161
3891,S,43,135
3892,S,37,146
3893,S,16,159
3894,S,24,151
3895,B,30,176
3896,S,16,150
3897,S,47,143
3898,S,33,141
3899,B,24,161
3900,S,27,137
3901,B,37,140
3902,B,27,160
3903,B,39,145
3904,S,8,154
3905,B,27,137
3906,S,32,142
3907,B,12,150
3908,S,17,158
3909,S,48,151
3910,B,28,153
3911,B,45,153
3912,B,34,158
3913,S,28,149
3914,S,16,166
3915,S,8,167
3916,S,38,176
3917,B,47,131
3918,B,29,180
3919,S,41,165
3920,S,49,149
3921,S,45,134
3922,B,38,148
3923,B,10,126
3924,B,42,138
3925,S,25,142
3926,S,38,133
3927,S,50,157
3928,B,4,152
3929,S,19,167
3930,S,10,131
3931,B,48,167
3932,B,40,139
3933,S,7,155
3934,S,18,148
3935,S,29,157
3936,B,17,159
3937,B,15,142
3938,S,33,156
3939,B,2,158
3940,B,13,168
3941,B,32,145
3942,B,37,142
3943,S,47,159
3944,S,19,122
3945,B,46,146
3946,B,17,135
3947,B,9,155
3948,S,23,149
3949,B,48,143
3950,B,33,148
3951,S,18,137
3952,S,50,138
3953,B,46,137
3954,S,7,153
3955,S,13,147
3956,B,16,170
3957,B,38,143
3958,S,13,157
3959,S,31,142
3960,B,32,140
3961,S,9,151
3962,B,34,146
3963,B,1,145
3964,S,14,167
3965,B,3,158
3966,S,41,142
3967,B,41,131
3968,S,12,128
3969,S,15,152
3970,S,41,141
3971,S,39,135
3972,S,15,138
3973,B,49,147
3974,S,16,136
3975,S,8,158
3976,B,8,137
3977,S,45,153
3978,S,31,143
3979,S,39,125
3980,S,18,149
3981,B,27,147
3982,B,44,138
3983,S,27,145
3984,S,17,156
3985,B,18,135
3986,S,3,148
3987,S,29,136
3988,S,35,155
3989,B,50,180
3990,B,22,170
3991,B,39,143
3992,B,25,153
3993,B,50,149
3994,S,36,172
3995,B,42,137
3996,B,13,136
3997,B,35,148
3998,S,11,157
3999,S,22,142
4000,S,1,155
4001,B,2,174
4002,B,3,123
4003,B,19,150
4004,S,45,171
4005,B,3,153
4006,S,25,150
4007,S,9,123
4008,S,33,154
4009,S,2,145
4010,B,10,149
4011,B,48,131
4012,S,20,157
4013,S,28,169
4014,B,7,145
4015,S,42,166
4016,S,15,139
4017,S,36,161
4018,S,35,117
4019,B,25,153
4020,B,24,174
4021,B,29,149
4022,B,50,147
4023,B,29,148
4024,S,20,143
4025,S,10,151
4026,B,32,158
4027,B,6,155
4028,B,34,127
4029,B,4,166
4030,S,22,150
4031,B,3,163
4032,S,1,142
4033,S,45,131
4034,B,35,151
4035,S,21,123
4036,B,33,140
4037,B,7,171
4038,S,49,145
4039,B,11,136
4040,B,8,158
4041,B,28,164
4042,S,32,163
4043,B,48,174
4044,S,28,140
4045,S,47,157
4046,S,24,129
4047,B,10,147
4048,S,40,140
4049,S,34,149
4050,S,22,140
4051,B,11,152
4052,S,10,166
4053,S,5,151
4054,B,45,146
4055,B,35,159
4056,S,30,147
4057,B,5,155
4058,S,23,130
4059,B,13,127
4060,S,28,143
4061,S,24,182
4062,S,42,168
4063,B,5,142
4064,B,12,158
4065,S,37,156
4066,B,42,163
4067,S,22,163
4068,S,40,174
4069,S,14,145
4070,B,14,161
4071,B,40,150
4072,B,1,161
4073,S,5,163
4074,B,28,168
4075,S,21,171
4076,S,36,143
4077,S,25,150
4078,S,34,146
4079,S,34,136
4080,B,11,171
4081,S,46,131
4082,B,32,160
4083,S,44,134
4084,B,23,135
4085,B,2,144
4086,S,23,166
4087,S,14,130
4088,B,48,143
4089,B,13,156
4090,S,38,144
4091,S,22,158
4092,B,33,178
4093,B,39,132
4094,S,31,162
4095,S,3,153
4096,S,37,149
4097,B,46,155
4098,S,32,171
4099,B,31,150
4100,B,46,154
4101,B,46,151
4102,B,27,155
4103,B,4,144
4104,S,7,147
4105,S,13,146
4106,B,21,139
4107,B,38,169
4108,S,26,115
4109,S,43,146
4110,B,33,176
4111,B,47,161
4112,S,18,164
4113,B,45,158
4114,S,1,162
4115,S,18,172
4116,S,45,162
4117,B,37,161
4118,S,12,179
4119,B,12,168
4120,S,50,117
4121,B,1,129
4122,B,47,139
4123,B,20,137
4124,B,20,150
4125,B,25,125
4126,S,21,154
4127,S,15,157
4128,B,19,149
4129,S,45,160
4130,S,38,148
4131,S,23,167
4132,S,11,161
4133,B,38,130
4134,S,45,161
4135,S,23,166
4136,S,33,156
4137,S,6,172
4138,B,3,149
4139,B,34,167
4140,B,21,133
4141,S,37,153
4142,S,21,132
4143,B,41,123
4144,S,27,151
4145,S,22,149
4146,S,23,146
4147,S,11,144
4148,S,29,126
4149,S,38,143
4150,S,16,148
4151,S,47,133
4152,S,26,136
4153,S,3,140
4154,B,33,153
4155,B,27,118
4156,S,26,156
4157,B,11,113
4158,B,45,178
4159,B,37,135
4160,B,4,159
4161,B,20,160
4162,B,11,155
4163,S,1,134
4164,B,20,153
4165,B,12,159
4166,B,47,160
4167,B,10,137
4168,S,7,159
4169,S,36,150
4170,S,43,140
4171,S,30,119
4172,B,9,151
4173,S,49,143
4174,B,19,139
4175,S,39,158
4176,S,43,136
4177,B,15,147
4178,B,22,152
4179,B,40,136
4180,S,9,169
4181,S,13,139
4182,B,22,154
4183,S,42,166
4184,B,25,139
4185,S,3,156
4186,S,11,165
4187,S,44,146
4188,B,44,144
4189,B,42,151
4190,S,21,151
4191,B,37,148
4192,S,42,149
4193,S,28,148
4194,B,41,146
4195,B,39,161
4196,S,46,124
4197,S,35,150
4198,S,28,157
4199,S,44,156
4200,B,46,158
4201,S,13,161
4202,S,3,135
4203,B,32,157
4204,S,44,129
4205,S,17,173
4206,S,2,143
4207,S,12,161
4208,S,21,148
4209,S,41,152
4210,B,3,138
4211,S,16,142
4212,B,47,156
4213,B,41,153
4214,S,30,139
4215,B,47,155
4216,S,3,163
4217,B,39,153
4218,B,6,119
4219,S,41,178
4220,S,48,147
4221,S,47,151
4222,B,8,158
4223,B,37,136
4224,S,35,171
4225,B,45,149
4226,B,49,138
4227,S,18,162
4228,B,39,146
4229,S,12,172
4230,S,2,148
4231,S,43,165
4232,B,41,147
4233,S,7,167
4234,B,15,154
4235,B,40,173
4236,S,30,147
4237,S,41,130
4238,S,36,134
4239,B,22,146
4240,S,10,138
4241,S,48,175
4242,S,44,156
4243,S,17,172
4244,S,6,179
4245,S,36,156
4246,S,34,172
4247,S,20,162
4248,S,30,150
4249,B,10,134
4250,B,27,136
4251,B,49,136
4252,S,16,134
4253,S,35,144
4254,B,8,124
4255,B,26,175
4256,B,19,152
4257,B,11,157
4258,S,14,137
4259,S,39,146
4260,S,7,144
4261,S,33,163
4262,S,49,152
4263,S,19,165
4264,S,26,167
4265,S,1,175
4266,S,44,152
4267,B,25,128
4268,S,41,165
4269,B,40,148
4270,B,6,163
4271,S,2,166
4272,S,41,143
4273,S,44,144
4274,B,39,153
4275,S,36,149
4276,B,24,155
4277,B,12,143
4278,S,21,181
4279,B,19,137
4280,B,30,158
4281,S,16,144
4282,S,30,177
4283,B,39,148
4284,S,16,173
4285,S,47,126
4286,B,44,154
4287,S,34,150
4288,S,27,154
4289,S,46,146
4290,B,35,146
4291,B,29,130
4292,S,26,152
4293,B,24,145
4294,S,42,146
4295,S,28,132
4296,B,49,173
4297,B,47,168
4298,B,10,135
4299,B,31,166
4300,B,45,149
4301,B,30,163
4302,S,22,150
4303,S,45,125
4304,S,17,142
4305,S,39,164
4306,B,19,151
4307,B,15,142
4308,S,20,128
4309,B,37,141
4310,S,19,134
4311,B,48,152
4312,B,25,158
4313,S,41,160
4314,B,20,160
4315,B,38,152
4316,B,48,149
4317,S,31,174
4318,B,38,171
4319,S,34,146
4320,S,42,125
4321,B,34,174
4322,S,1,164
4323,B,22,179
4324,B,18,146
4325,B,42,160
4326,B,41,140
4327,B,48,163
4328,B,3,149
4329,S,41,136
4330,B,18,167
4331,B,4,145
4332,S,17,140
4333,B,45,145
4334,B,12,153
4335,B,39,174
4336,S,13,144
4337,B,9,148
4338,S,38,160
4339,S,30,154
4340,B,21,125
4341,B,13,144
4342,S,13,155
4343,B,35,154
4344,B,1,140
4345,S,8,143
4346,S,41,152
4347,S,1,140
4348,S,32,151
4349,B,22,130
4350,S,20,113
4351,S,35,147
4352,B,33,138
4353,S,41,169
4354,S,12,169
4355,S,1,166
4356,S,32,164
4357,B,12,139
4358,B,7,151
4359,S,22,128
4360,B,15,152
4361,B,20,157
4362,S,7,142
4363,S,40,167
4364,B,11,142
4365,B,50,146
4366,S,40,157
4367,B,21,121
4368,S,50,135
4369,S,15,128
4370,S,20,121
4371,S,10,155
4372,S,48,143
4373,S,29,162
4374,S,27,137
4375,B,49,157
4376,S,42,164
4377,B,30,155
4378,S,14,173
4379,S,19,153
4380,S,25,166
4381,S,36,152
4382,B,29,156
4383,S,7,130
4384,B,31,151
4385,S,3,163
4386,S,32,137
4387,B,18,120
4388,S,22,155
4389,S,35,152
4390,S,31,139
4391,B,48,155
4392,B,27,138
4393,B,10,173
4394,S,29,133
4395,B,21,141
4396,S,45,124
4397,B,9,140
4398,B,48,166
4399,S,24,133
4400,S,21,150
4401,S,15,140
4402,S,46,144
4403,S,17,158
4404,B,28,164
4405,S,32,167
4406,B,33,153
4407,S,2,145
4408,S,21,188
4409,S,19,149
4410,S,37,134
4411,B,36,132
4412,B,6,124
4413,S,40,145
4414,B,28,150
4415,S,30,124
4416,S,10,187
4417,S,5,119
4418,B,34,142
4419,S,2,139
4420,S,25,148
4421,B,1,149
4422,B,15,146
4423,S,35,158
4424,S,37,144
4425,S,46,142
4426,B,20,153
4427,B,7,158
4428,B,3,115
4429,B,35,142
4430,S,21,163
4431,B,43,146
4432,B,18,153
4433,B,14,159
4434,S,29,180
4435,B,25,155
4436,B,48,127
4437,B,25,159
4438,B,14,136
4439,S,38,155
4440,B,38,158
4441,B,11,155
4442,B,39,163
4443,S,48,162
4444,S,6,141
4445,S,31,155
4446,S,2,114
4447,B,25,148
4448,S,23,126
4449,S,20,167
4450,B,20,123
4451,B,45,162
4452,B,31,134
4453,B,18,128
4454,S,12,178
4455,B,9,158
4456,B,3,161
4457,B,39,163
4458,B,24,165
4459,S,11,134
4460,S,10,166
4461,B,24,181
4462,B,14,151
4463,S,26,146
4464,S,21,160
4465,B,2,144
4466,S,48,167
4467,B,27,153
4468,B,47,125
4469,B,11,144
4470,B,6,182
4471,S,5,153
4472,B,27,166
4473,S,9,147
4474,B,17,144
4475,B,21,166
4476,S,7,171
4477,S,32,144
4478,B,10,163
4479,B,43,163
4480,B,19,149
4481,B,16,126
4482,B,20,150
4483,S,46,174
4484,S,37,141
4485,S,49,134
4486,B,10,143
4487,B,48,163
4488,S,12,132
4489,B,10,130
4490,B,26,156
4491,S,1,140
4492,S,41,136
4493,S,29,151
4494,B,29,139
4495,B,48,153
4496,S,22,140
4497,S,12,135
4498,S,50,134
4499,S,43,176
4500,B,34,143
4501,S,5,138
4502,S,35,147
4503,B,7,152
4504,B,8,178
4505,S,9,146
4506,S,6,144
4507,B,26,165
4508,B,50,164
4509,B,13,168
4510,S,37,124
4511,B,35,146
4512,S,34,128
4513,B,24,144
4514,B,41,157
4515,B,49,155
4516,B,28,114
4517,B,18,141
4518,B,19,185
4519,S,34,141
4520,S,9,163
4521,S,1,140
4522,B,20,150
4523,B,47,169
4524,B,10,164
4525,S,11,156
4526,B,27,143
4527,S,38,156
4528,B,15,150
4529,S,9,164
4530,S,44,168
4531,B,14,167
4532,S,21,158
4533,B,41,159
4534,B,50,132
4535,S,15,148
4536,S,48,148
4537,S,10,157
4538,B,47,168
4539,S,18,133
4540,B,8,127
4541,S,28,171
4542,B,32,166
4543,S,15,134
4544,B,39,171
4545,S,16,163
4546,S,27,170
4547,B,41,117
4548,B,47,158
4549,S,17,141
4550,S,23,125
4551,B,1,164
4552,B,38,146
4553,S,15,133
4554,S,50,146
4555,S,36,144
4556,S,43,126
4557,S,3,131
4558,B,7,128
4559,B,8,136
4560,B,39,136
4561,S,26,167
4562,B,30,135
4563,B,26,172
4564,S,37,148
4565,B,2,147
4566,S,2,177
4567,S,17,170
4568,S,16,156
4569,S,29,137
4570,B,41,140
4571,S,50,171
4572,B,36,157
4573,S,48,175
4574,S,12,151
4575,S,6,124
4576,S,15,139
4577,S,20,165
4578,B,26,156
4579,S,40,147
4580,S,13,134
4581,S,46,131
4582,S,24,134
4583,B,11,172
4584,S,20,160
4585,S,49,151
4586,B,13,131
4587,B,6,164
4588,S,22,155
4589,S,26,143
4590,B,48,156
4591,S,40,147
4592,B,3,145
4593,B,36,160
4594,B,32,144
4595,B,45,140
4596,B,42,150
4597,B,10,161
4598,B,40,139
4599,S,29,187
4600,S,13,100
4601,S,12,131
4602,S,25,128
4603,S,46,127
4604,S,24,154
4605,S,16,139
4606,S,45,144
4607,B,21,148
4608,B,7,156
4609,S,35,131
4610,S,15,172
4611,S,46,167
4612,B,4,131
4613,S,40,154
4614,S,11,134
4615,B,36,150
4616,S,23,145
4617,S,46,148
4618,B,47,163
4619,S,37,155
4620,S,46,173
4621,S,28,142
4622,B,29,160
4623,S,35,149
4624,S,33,141
4625,S,10,167
4626,S,4,176
4627,S,38,120
4628,B,5,151
4629,S,47,144
4630,B,39,149
4631,B,12,139
4632,B,8,140
4633,S,6,136
4634,B,44,168
4635,S,27,143
4636,S,22,147
4637,B,7,142
4638,S,17,136
4639,S,6,169
4640,B,23,149
4641,B,22,160
4642,S,2,150
4643,B,36,132
4644,B,1,147
4645,B,1,144
4646,S,37,147
4647,S,5,152
4648,B,12,158
4649,B,23,169
4650,B,39,173
4651,S,37,126
4652,B,50,168
4653,B,33,135
4654,B,40,156
4655,B,35,135
4656,B,19,155
4657,B,23,138
4658,B,7,142
4659,S,13,145
4660,B,30,184
4661,S,29,149
4662,B,16,147
4663,S,10,145
4664,B,26,167
4665,B,23,146
4666,B,43,179
4667,B,34,133
4668,B,34,143
4669,S,49,139
4670,B,49,148
4671,B,19,158
4672,S,32,138
4673,B,32,158
4674,B,25,143
4675,S,32,166
4676,S,34,153
4677,B,13,127
4678,B,37,143
4679,B,42,169
4680,S,4,149
4681,S,25,131
4682,B,44,139
4683,S,48,165
4684,B,3,127
4685,B,7,149
4686,S,46,180
4687,S,5,140
4688,B,40,130
4689,B,3,151
4690,S,19,156
4691,B,16,172
4692,S,15,194
4693,S,26,146
4694,B,40,161
4695,S,28,167
4696,S,48,159
4697,S,27,180
4698,B,18,137
4699,B,50,158
4700,S,45,150
4701,S,3,152
4702,S,5,166
4703,B,8,167
4704,B,12,164
4705,S,11,140
4706,S,45,173
4707,S,19,143
4708,S,7,146
4709,B,26,169
4710,B,32,168
4711,B,9,144
4712,B,15,143
4713,B,25,151
4714,B,5,170
4715,B,28,162
4716,S,39,142
4717,B,43,153
4718,B,3,153
4719,B,10,126
4720,S,12,157
4721,S,30,141
4722,B,25,154
4723,B,19,147
4724,B,22,153
4725,S,2,171
4726,S,34,160
4727,S,36,155
4728,B,4,174
4729,B,44,180
4730,B,40,134
4731,B,47,160
4732,S,7,144
4733,B,1,156
4734,S,25,155
4735,B,15,150
4736,B,42,145
4737,S,37,148
4738,S,29,146
4739,B,44,170
4740,S,41,140
4741,S,31,141
4742,B,15,120
4743,B,19,159
4744,B,17,164
4745,B,24,147
4746,B,3,138
4747,S,27,155
4748,B,41,158
4749,S,14,149
4750,S,47,136
4751,S,29,157
4752,S,43,137
4753,S,9,153
4754,B,37,151
4755,B,47,174
4756,S,49,165
4757,S,24,139
4758,S,7,152
4759,S,20,158
4760,S,36,160
4761,B,43,153
4762,S,29,165
4763,B,45,144
4764,B,18,133
4765,B,42,165
4766,S,10,126
4767,S,21,138
4768,S,49,151
4769,S,21,175
4770,B,6,138
4771,B,1,126
4772,B,23,147
4773,B,48,156
4774,B,5,162
4775,S,40,147
4776,S,31,126
4777,S,46,136
4778,B,36,148
4779,B,10,157
4780,B,40,134
4781,S,11,159
4782,S,16,146
4783,B,43,138
4784,B,3,156
4785,B,25,146
4786,S,2,143
4787,S,29,156
4788,B,32,147
4789,S,22,151
4790,B,9,154
4791,S,44,146
4792,S,43,156
4793,B,41,146
4794,S,6,143
4795,S,39,176
4796,S,27,181
4797,B,24,153
4798,S,34,154
4799,B,32,161
4800,S,16,154
4801,S,17,147
4802,S,18,164
4803,S,43,150
4804,B,40,148
4805,B,48,153
4806,B,31,147
4807,S,25,159
4808,B,25,146
4809,S,24,139
4810,S,23,139
4811,S,36,158
4812,B,29,138
4813,B,43,151
4814,S,2,171
4815,B,49,126
4816,B,5,150
4817,B,37,159
4818,B,1,155
4819,B,48,121
4820,S,10,164
4821,S,41,135
4822,S,8,152
4823,B,46,143
4824,B,6,158
4825,B,6,174
4826,B,15,177
4827,B,4,151
4828,B,13,134
4829,S,13,164
4830,S,19,142
4831,B,29,144
4832,B,13,144
4833,S,10,150
4834,B,5,143
4835,B,12,128
4836,S,26,150
4837,S,39,139
4838,S,28,138
4839,S,23,149
4840,B,44,129
4841,S,19,146
4842,B,23,155
4843,B,40,152
4844,S,46,172
4845,S,1,162
4846,B,24,139
4847,B,37,173
4848,S,23,148
4849,S,24,137
4850,S,35,145
4851,B,15,167
4852,B,30,163
4853,S,21,154
4854,S,29,119
4855,B,10,157
4856,S,9,147
4857,S,25,152
4858,B,43,148
4859,B,10,151
4860,B,31,151
4861,B,18,153
4862,S,11,156
4863,S,36,167
4864,S,47,152
4865,S,28,167
4866,S,43,158
4867,B,23,147
4868,B,31,162
4869,S,10,155
4870,B,14,133
4871,S,32,148
4872,B,22,170
4873,S,44,144
4874,S,34,135
4875,S,22,137
4876,S,24,161
4877,S,5,122
4878,B,14,135
4879,S,45,155
4880,B,41,177
4881,S,18,133
4882,S,13,138
4883,B,21,144
4884,B,16,145
4885,S,37,130
4886,S,7,160
4887,S,49,142
4888,B,32,146
4889,S,39,146
4890,S,13,164
4891,S,46,156
4892,B,31,133
4893,B,15,170
4894,B,31,137
4895,B,18,175
4896,S,35,137
4897,B,42,151
4898,B,8,170
4899,S,47,145
4900,B,33,149
4901,S,16,140
4902,S,1,125
4903,S,17,163
4904,B,42,152
4905,S,6,153
4906,S,10,118
4907,S,41,157
4908,S,49,131
4909,S,7,143
4910,S,39,140
4911,S,19,153
4912,B,2,139
4913,B,4,143
4914,S,21,136
4915,S,36,145
4916,B,26,135
4917,B,21,134
4918,B,49,142
4919,B,33,140
4920,B,32,146
4921,B,5,127
4922,B,46,161
4923,B,6,165
4924,S,27,163
4925,S,49,148
4926,B,34,131
4927,S,42,151
4928,S,6,144
4929,B,29,132
4930,B,17,175
4931,B,16,172
4932,B,4,138
4933,B,31,135
4934,B,10,174
4935,B,33,157
4936,S,43,139
4937,S,2,173
4938,S,45,128
4939,S,36,151
4940,B,14,169
4941,B,38,155
4942,S,38,173
4943,S,33,151
4944,B,1,143
4945,S,18,155
4946,S,13,141
4947,S,22,149
4948,B,8,145
4949,S,29,160
4950,B,43,113
4951,S,14,163
4952,B,7,161
4953,B,13,160
4954,S,38,161
4955,S,24,131
4956,S,37,170
4957,S,14,157
4958,B,12,146
4959,S,14,160
4960,S,21,164
4961,S,26,145
4962,B,39,165
4963,S,43,142
4964,B,1,156
4965,B,40,153
4966,B,1,173
4967,S,29,122
4968,S,7,145
4969,B,24,112
4970,B,48,126
4971,S,5,118
4972,S,50,147
4973,B,8,152
4974,S,14,160
4975,B,41,163
4976,B,12,175
4977,B,8,126
4978,B,38,147
4979,S,18,134
4980,B,47,145
4981,B,14,134
4982,B,3,138
4983,S,28,159
4984,S,37,116
4985,B,43,171
4986,B,46,180
4987,S,47,142
4988,S,43,153
4989,S,13,161
4990,B,42,140
4991,B,37,125
4992,S,15,128
4993,B,19,142
4994,S,31,162
4995,B,24,158
4996,S,21,147
4997,S,27,131
4998,B,23,137
4999,S,10,143
5000,S,28,143
5001,B,39,136
5002,S,23,160
5003,S,29,141
5004,B,41,161
5005,B,39,141
5006,S,11,123
5007,B,14,143
5008,S,8,164
5009,B,34,158
5010,B,36,140
5011,B,48,145
5012,B,32,139
5013,B,21,126
5014,S,43,136
5015,S,15,145
5016,S,7,150
5017,B,41,127
5018,S,49,163
5019,B,46,169
5020,B,7,181
5021,S,10,125
5022,B,49,146
5023,S,20,138
5024,B,13,143
5025,B,2,148
5026,B,50,147
5027,B,5,160
5028,S,23,143
5029,S,1,152
5030,S,20,142
5031,S,40,162
5032,S,44,137
5033,S,3,135
5034,S,45,148
5035,S,25,153
5036,B,23,132
5037,S,2,159
5038,S,6,167
5039,S,17,154
5040,B,46,171
5041,B,30,162
5042,S,31,150
5043,B,21,139
5044,S,29,128
5045,B,40,142
5046,S,38,169
5047,B,33,163
5048,S,18,159
5049,S,35,154
5050,B,34,150
5051,S,12,158
5052,S,19,148
5053,S,28,159
5054,B,5,135
5055,B,31,114
5056,S,48,150
5057,B,50,165
5058,S,22,159
5059,S,15,153
5060,S,8,163
5061,B,11,116
5062,B,39,178
5063,B,29,181
5064,S,2,134
5065,S,41,167
5066,B,28,147
5067,S,5,152
5068,B,43,176
5069,S,31,166
5070,S,9,139
5071,B,2,149
5072,B,13,158
5073,S,43,155
5074,S,43,134
5075,B,38,144
5076,S,13,153
5077,B,20,153
5078,B,24,150
5079,B,33,135
5080,B,38,167
5081,B,20,164
5082,B,31,145
5083,B,13,160
5084,S,12,140
5085,S,36,151
5086,B,33,155
5087,B,49,156
5088,B,5,105
5089,B,16,156
5090,S,15,158
5091,S,27,138
5092,B,21,150
5093,S,2,146
5094,B,26,134
5095,S,39,119
5096,B,40,150
5097,S,42,142
5098,B,32,151
5099,B,28,168
5100,B,46,133
5101,B,50,160
5102,B,30,140
5103,S,20,161
5104,S,31,176
5105,S,25,136
5106,B,32,144
5107,S,35,151
5108,B,18,150
5109,S,39,162
5110,B,16,137
5111,B,23,180
5112,S,44,155
5113,S,18,163
5114,S,13,132
5115,B,50,137
5116,S,46,158
5117,S,14,171
5118,S,47,142
5119,S,41,145
5120,B,22,157
5121,B,42,175
5122,S,46,139
5123,S,37,161
5124,S,39,142
5125,B,17,148
5126,B,26,177
5127,B,5,144
5128,B,32,154
5129,S,36,139
5130,S,18,134
5131,B,28,149
5132,S,25,136
5133,S,8,140
5134,B,4,156
5135,B,5,163
5136,S,9,164
5137,B,48,162
5138,S,37,159
5139,B,1,180
5140,B,18,139
5141,S,28,168
5142,B,37,153
5143,S,36,171
5144,S,36,155
5145,S,49,143
5146,B,25,168
5147,B,35,184
5148,B,48,156
5149,S,32,148
5150,B,15,174
5151,B,30,166
5152,B,18,176
5153,B,1,129
5154,B,39,142
5155,S,29,136
5156,B,27,153
5157,S,29,179
5158,B,40,149
5159,S,2,135
5160,S,28,156
5161,S,21,172
5162,B,29,129
5163,B,24,150
5164,B,45,144
5165,S,11,131
5166,S,26,153
5167,S,16,163
5168,S,31,162
5169,B,44,141
5170,B,46,147
5171,B,25,146
5172,S,28,148
5173,S,28,152
5174,B,18,137
5175,S,17,155
5176,S,38,156
5177,B,3,159
5178,S,6,133
5179,B,6,169
5180,B,17,150
5181,S,10,168
5182,S,12,160
5183,B,27,162
5184,S,6,153
5185,B,37,155
5186,B,28,146
5187,B,16,166
5188,B,46,154
5189,B,5,141
5190,B,35,147
5191,B,50,176
5192,S,12,136
5193,B,35,145
5194,B,11,150
5195,S,33,152
5196,B,26,118
5197,B,11,150
5198,B,16,122
5199,S,37,156
5200,S,46,134
5201,B,46,154
5202,B,3,161
5203,B,25,167
5204,B,32,167
5205,S,36,150
5206,S,42,163
5207,S,39,139
5208,S,27,150
5209,B,33,132
5210,S,5,153
5211,S,20,153
5212,B,25,138
5213,S,24,141
5214,B,2,146
5215,B,28,159
5216,B,49,131
5217,B,42,156
5218,S,15,143
5219,S,17,155
5220,S,24,131
5221,B,30,164
5222,B,10,146
5223,B,19,152
5224,S,25,166
5225,S,5,155
5226,S,31,139
5227,B,31,164
5228,B,33,144
5229,B,1,158
5230,B,18,164
5231,B,2,169
5232,B,29,140
5233,S,22,139
5234,S,24,142
5235,B,34,161
5236,B,28,169
5237,B,43,133
5238,B,25,159
5239,S,43,150
5240,S,10,148
5241,B,49,129
5242,B,26,162
5243,B,3,158
5244,B,13,138
5245,S,37,185
5246,B,10,126
5247,S,36,164
5248,S,5,160
5249,B,3,149
5250,S,15,146
5251,S,11,124
5252,S,22,167
5253,S,31,165
5254,S,48,133
5255,S,41,141
5256,S,46,128
5257,S,39,146
5258,B,31,150
5259,S,22,153
5260,S,26,126
5261,B,38,150
5262,S,10,154
5263,B,15,139
5264,B,7,142
5265,S,27,152
5266,S,6,138
5267,B,11,157
5268,S,50,171
5269,S,4,143
5270,S,27,137
5271,S,2,159
5272,S,16,157
5273,S,32,147
5274,S,16,137
5275,S,16,142
5276,B,38,140
5277,S,6,167
5278,B,1,173
5279,B,35,163
5280,S,45,143
5281,B,4,150
5282,B,19,146
5283,S,44,151
5284,S,11,147
5285,S,22,144
5286,B,3,169
5287,B,13,155
5288,B,32,172
5289,B,18,133
5290,S,40,136
5291,S,9,138
5292,B,11,121
5293,B,32,157
5294,B,22,149
5295,B,45,146
5296,S,33,155
5297,S,19,137
5298,S,20,120
5299,S,14,167
5300,B,3,127
5301,B,4,156
5302,B,9,182
5303,B,47,193
5304,B,21,147
5305,B,46,163
5306,S,42,143
5307,S,46,153
5308,B,24,167
5309,B,26,137
5310,B,17,147
5311,S,12,154
5312,S,46,112
5313,S,29,159
5314,B,46,160
5315,S,43,127
5316,S,45,174
5317,B,1,143
5318,B,32,165
5319,S,10,146
5320,B,39,158
5321,S,18,143
5322,B,50,147
5323,B,41,135
5324,S,24,144
5325,S,1,124
5326,B,33,122
5327,B,14,153
5328,B,48,139
5329,S,34,169
5330,S,40,187
5331,B,28,119
5332,B,36,127
5333,S,35,157
5334,S,27,163
5335,B,31,154
5336,S,39,180
5337,B,21,136
5338,B,42,138
5339,B,15,154
5340,S,15,149
5341,B,15,151
5342,S,4,150
5343,B,18,151
5344,S,47,180
5345,S,50,153
5346,B,35,130
5347,S,50,150
5348,B,25,171
5349,S,12,123
5350,B,22,166
5351,B,31,151
5352,B,47,178
5353,S,11,170
5354,S,28,143
5355,B,47,136
5356,B,19,134
5357,S,35,170
5358,B,8,158
5359,B,16,154
5360,B,18,155
5361,B,8,124
5362,S,50,141
5363,S,33,165
5364,B,6,129
5365,S,6,152
5366,S,35,162
5367,S,47,174
5368,B,50,168
5369,B,5,139
5370,B,45,155
5371,B,31,157
5372,S,49,179
5373,S,7,155
5374,S,41,152
5375,S,50,159
5376,B,43,175
5377,S,36,146
5378,S,13,134
5379,B,3,164
5380,S,2,157
5381,S,42,168
5382,S,21,125
5383,S,6,164
5384,B,36,161
5385,B,38,133
5386,B,36,131
5387,S,8,153
5388,B,16,155
5389,S,35,129
5390,S,4,142
5391,S,43,179
5392,B,10,141
5393,S,22,124
5394,S,24,190
5395,B,32,145
5396,S,2,149
5397,S,21,135
5398,B,34,143
5399,B,24,121
5400,B,22,160
5401,S,8,157
5402,B,6,132
5403,B,4,141
5404,S,49,140
5405,B,46,173
5406,S,7,168
5407,S,49,138
5408,B,6,138
5409,S,18,178
5410,B,38,154
5411,B,7,155
5412,S,26,176
5413,B,17,157
5414,B,16,134
5415,B,22,140
5416,B,45,163
5417,B,41,181
5418,B,9,126
5419,B,48,154
5420,B,34,152
5421,S,37,150
5422,B,28,139
5423,B,40,151
5424,S,23,156
5425,B,26,167
5426,S,16,160
5427,B,46,143
5428,S,1,149
5429,B,26,170
5430,B,37,150
5431,B,42,127
5432,B,46,161
5433,B,15,148
5434,B,44,149
5435,S,9,126
5436,B,1,149
5437,B,46,157
5438,B,7,151
5439,S,14,148
5440,S,8,165
5441,S,21,169
5442,S,18,137
5443,S,43,163
5444,B,25,155
5445,S,13,143
5446,B,28,113
5447,B,17,152
5448,B,4,142
5449,S,34,154
5450,S,19,152
5451,B,19,157
5452,S,31,161
5453,B,38,173
5454,S,29,138
5455,B,45,168
5456,S,18,171
5457,B,31,117
5458,B,50,143
5459,B,42,153
5460,S,36,117
5461,B,8,179
5462,S,45,147
5463,B,18,132
5464,S,37,150
5465,B,16,147
5466,S,43,150
5467,B,41,161
5468,S,2,151
5469,S,50,150
5470,S,13,149
5471,B,7,150
5472,S,45,147
5473,S,38,134
5474,B,39,135
5475,S,7,134
5476,S,16,140
5477,S,3,152
5478,S,35,134
5479,S,32,170
5480,B,45,133
5481,B,7,158
5482,B,14,154
5483,S,27,180
5484,B,36,186
5485,S,46,177
5486,B,24,152
5487,B,3,160
5488,S,8,170
5489,S,42,151
5490,S,16,155
5491,B,6,146
5492,S,41,155
5493,B,3,132
5494,S,43,143
5495,B,32,133
5496,B,7,159
5497,B,33,120
5498,B,28,161
5499,S,23,144
5500,S,48,142
5501,B,41,147
5502,B,11,145
5503,B,48,141
5504,B,14,149
5505,B,9,140
5506,S,15,129
5507,B,3,155
5508,B,24,146
5509,S,44,126
5510,S,11,153
5511,S,25,154
5512,B,12,152
5513,S,7,154
5514,B,10,151
5515,S,7,140
5516,S,18,154
5517,S,29,177
5518,B,43,160
5519,B,29,132
5520,S,29,163
5521,S,21,175
5522,S,50,123
5523,B,13,129
5524,S,30,143
5525,B,38,175
5526,B,4,152
5527,B,48,143
5528,B,42,136
5529,B,4,144
5530,B,9,139
5531,B,4,147
5532,B,22,151
5533,B,17,169
5534,S,12,146
5535,B,28,157
5536,S,15,156
5537,B,34,142
5538,B,47,146
5539,B,48,146
5540,S,22,128
5541,B,3,156
5542,B,45,155
5543,B,47,125
5544,B,48,158
5545,B,6,155
5546,B,29,123
5547,S,4,153
5548,B,21,141
5549,S,44,106
5550,B,19,155
5551,S,17,133
5552,B,39,174
5553,S,19,164
5554,S,10,125
5555,B,49,146
5556,S,21,124
5557,S,31,150
5558,B,3,133
5559,B,1,149
5560,S,41,161
5561,S,6,140
5562,S,10,148
5563,S,25,138
5564,B,18,151
5565,B,21,158
5566,S,11,142
5567,S,47,138
5568,B,31,146
5569,B,27,149
5570,B,40,151
5571,S,40,170
5572,S,40,151
5573,B,9,147
5574,B,8,175
5575,S,17,160
5576,B,48,176
5577,B,17,129
5578,S,36,171
5579,S,32,145
5580,B,49,135
5581,B,34,149
5582,B,44,141
5583,B,10,157
5584,S,11,141
5585,S,27,141
5586,S,27,156
5587,B,24,159
5588,S,50,153
5589,S,6,163
5590,S,19,170
5591,S,11,130
5592,S,19,164
5593,B,12,145
5594,S,24,156
5595,S,35,127
5596,B,47,140
5597,B,43,187
5598,B,18,137
5599,S,33,152
5600,B,24,153
5601,B,36,126
5602,B,47,156
5603,B,30,139
5604,B,19,144
5605,B,19,138
5606,B,49,153
5607,S,13,160
5608,S,8,123
5609,S,47,134
5610,B,6,159
5611,B,46,125
5612,S,8,126
5613,B,39,146
5614,B,44,150
5615,B,32,157
5616,B,15,164
5617,B,27,166
5618,B,49,144
5619,S,49,113
5620,S,33,157
5621,S,50,150
5622,B,2,160
5623,B,38,151
5624,B,36,142
5625,B,39,163
5626,B,31,151
5627,S,17,165
5628,S,47,159
5629,S,1,132
5630,B,23,134
5631,B,4,163
5632,B,8,148
5633,S,7,155
5634,S,31,152
5635,S,2,165
5636,B,11,151
5637,B,14,135
5638,B,22,165
5639,S,27,157
5640,B,45,179
5641,S,9,169
5642,S,24,154
5643,B,50,148
5644,S,28,153
5645,S,48,185
5646,B,48,143
5647,B,28,149
5648,B,4,183
5649,B,24,137
5650,S,49,134
5651,B,25,162
5652,B,48,148
5653,B,7,145
5654,B,22,151
5655,S,4,139
5656,S,37,140
5657,B,32,149
5658,S,10,133
5659,B,34,159
5660,S,8,140
5661,B,20,187
5662,B,50,162
5663,B,22,108
5664,S,36,152
5665,B,27,180
5666,B,40,155
5667,B,4,171
5668,B,45,142
5669,B,39,136
5670,B,38,103
5671,B,19,148
5672,S,46,119
5673,S,17,134
5674,B,37,133
5675,S,50,162
5676,S,36,165
5677,S,6,134
5678,S,38,166
5679,S,41,171
5680,B,19,162
5681,B,50,165
5682,S,13,126
5683,B,13,139
5684,B,15,160
5685,S,50,174
5686,B,37,153
5687,B,27,134
5688,B,26,167
5689,B,30,149
5690,S,29,154
5691,B,48,149
5692,B,47,137
5693,B,34,183
5694,B,24,140
5695,B,34,170
5696,B,2,139
5697,S,1,134
5698,S,8,180
5699,B,45,142
5700,S,10,140
5701,S,38,166
5702,S,43,142
5703,S,6,148
5704,S,41,138
5705,B,14,144
5706,B,7,125
5707,B,50,140
5708,B,22,155
5709,B,17,138
5710,B,10,153
5711,B,38,135
5712,S,3,157
5713,B,11,140
5714,S,43,150
5715,S,39,149
5716,S,4,162
5717,B,49,142
5718,S,43,144
5719,B,40,150
5720,S,2,162
5721,B,5,125
5722,S,18,130
5723,B,19,146
5724,B,30,158
5725,S,50,140
5726,B,38,162
5727,S,42,136
5728,S,24,147
5729,B,41,147
5730,S,29,146
5731,S,39,182
5732,S,29,146
5733,B,47,153
5734,S,9,151
5735,B,23,135
5736,B,32,144
5737,S,25,148
5738,B,39,169
5739,B,50,148
5740,S,44,185
5741,S,5,155
5742,B,6,155
5743,B,21,166
5744,S,23,148
5745,S,7,141
5746,S,1,144
5747,B,11,148
5748,B,25,158
5749,B,15,154
5750,S,43,151
5751,S,9,168
5752,S,23,130
5753,S,8,151
5754,B,43,151
5755,S,20,156
5756,S,11,130
5757,S,4,137
5758,B,3,158
5759,B,28,141
5760,S,29,149
5761,B,44,155
5762,S,35,157
5763,B,10,137
5764,S,33,149
5765,B,12,132
5766,B,6,159
5767,S,38,151
5768,B,34,158
5769,S,11,156
5770,S,47,148
5771,S,15,133
5772,S,35,157
5773,B,8,142
5774,B,27,102
5775,B,22,137
5776,B,48,135
5777,B,32,143
5778,S,8,122
5779,S,31,170
5780,B,16,121
5781,S,34,170
5782,B,49,152
5783,B,25,148
5784,B,12,175
5785,B,41,165
5786,S,26,146
5787,S,1,158
5788,S,7,134
5789,S,26,146
5790,B,50,148
5791,B,5,132
5792,B,30,143
5793,B,36,163
5794,S,35,152
5795,S,35,171
5796,B,3,157
5797,S,3,148
5798,B,47,140
5799,S,33,134
5800,S,39,142
5801,S,48,140
5802,B,29,143
5803,S,49,140
5804,B,23,145
5805,B,16,135
5806,S,35,134
5807,B,2,156
5808,S,40,146
5809,B,47,176
5810,S,25,132
5811,B,40,151
5812,S,10,126
5813,B,21,149
5814,B,42,125
5815,S,44,151
5816,B,41,142
5817,B,24,156
5818,B,43,140
5819,S,49,121
5820,S,44,135
5821,S,37,164
5822,B,18,158
5823,B,50,151
5824,S,12,157
5825,S,30,141
5826,S,40,155
5827,S,12,163
5828,B,35,145
5829,S,26,144
5830,B,37,157
5831,B,22,143
5832,S,44,153
5833,S,12,155
5834,S,12,144
5835,S,25,116
5836,B,38,159
5837,B,45,148
5838,B,44,139
5839,S,7,167
5840,B,7,173
5841,S,24,123
5842,S,34,171
5843,S,25,153
5844,S,32,163
5845,S,17,151
5846,B,40,163
5847,B,44,151
5848,B,31,157
5849,S,11,147
5850,B,22,159
5851,B,18,177
5852,B,26,162
5853,S,6,157
5854,S,21,148
5855,B,7,157
5856,B,14,148
5857,S,31,136
5858,B,21,151
5859,B,2,166
5860,S,42,158
5861,B,19,148
5862,B,30,164
5863,S,40,153
5864,B,36,144
5865,B,39,133
5866,B,24,150
5867,B,16,148
5868,S,22,124
5869,S,27,168
5870,B,38,179
5871,S,49,142
5872,S,11,138
5873,B,32,147
5874,S,43,107
5875,S,35,147
5876,S,24,148
5877,S,46,134
5878,S,40,153
5879,B,6,157
5880,S,1,153
5881,B,3,150
5882,B,15,155
5883,B,5,136
5884,B,8,171
5885,S,21,173
5886,B,31,153
5887,B,34,163
5888,B,48,139
5889,B,44,138
5890,B,34,147
5891,S,25,162
5892,S,45,174
5893,B,28,180
5894,S,47,171
5895,S,42,134
5896,S,24,151
5897,B,24,151
5898,S,34,160
5899,B,12,187
5900,B,5,149
5901,B,13,140
5902,B,41,166
5903,S,40,135
5904,B,6,173
5905,B,27,159
5906,S,36,140
5907,S,23,151
5908,B,26,125
5909,B,43,145
5910,S,23,154
5911,S,30,158
5912,S,36,147
5913,S,31,190
5914,B,3,128
5915,S,10,171
5916,B,43,124
5917,S,25,148
5918,B,36,148
5919,B,46,135
5920,S,12,171
5921,B,30,145
5922,B,47,158
5923,B,37,175
5924,B,21,183
5925,B,12,141
5926,B,40,133
5927,B,48,141
5928,S,47,178
5929,S,21,125
5930,B,36,143
5931,B,16,141
5932,B,16,144
5933,B,21,163
5934,S,47,149
5935,S,48,158
5936,S,19,155
5937,B,2,177
5938,S,50,149
5939,S,40,161
5940,B,38,157
5941,S,1,165
5942,B,11,135
5943,B,22,143
5944,B,49,140
5945,S,47,133
5946,B,21,155
5947,B,38,173
5948,B,44,152
5949,B,9,153
5950,S,4,129
5951,B,12,166
5952,B,36,159
5953,S,39,142
5954,S,37,132
5955,S,23,148
5956,B,24,142
5957,S,12,128
5958,B,4,140
5959,B,13,139
5960,B,25,148
5961,B,37,163
5962,S,11,154
5963,B,47,154
5964,B,37,158
5965,B,50,151
5966,S,13,147
5967,S,18,144
5968,B,1,176
5969,S,31,160
5970,B,6,155
5971,B,10,170
5972,S,10,158
5973,B,14,153
5974,B,45,167
5975,S,27,165
5976,S,8,150
5977,B,8,142
5978,B,12,145
5979,B,8,155
5980,B,43,127
5981,S,16,158
5982,B,14,172
5983,B,19,139
5984,B,35,138
5985,B,43,156
5986,B,20,120
5987,B,10,159
5988,S,2,153
5989,S,41,156
5990,B,37,176
5991,S,9,136
5992,B,2,138
5993,B,45,142
5994,S,25,164
5995,B,48,150
5996,B,43,154
5997,S,9,140
5998,S,15,162
5999,S,8,127
6000,B,23,147
6001,S,35,166
6002,S,9,131
6003,B,2,167
6004,S,50,179
6005,B,2,139
6006,B,28,185
6007,B,24,148
6008,B,18,131
6009,B,11,152
6010,B,6,128
6011,S,28,158
6012,B,19,143
6013,B,22,154
6014,S,44,148
6015,B,15,180
6016,S,2,155
6017,S,26,151
6018,S,29,126
6019,S,28,140
6020,S,38,140
6021,S,24,140
6022,S,16,142
6023,S,31,154
6024,B,30,168
6025,S,1,171
6026,B,8,155
6027,B,3,151
6028,B,27,183
6029,B,7,156
6030,S,6,130
6031,S,11,165
6032,S,34,131
6033,B,47,148
6034,S,2,142
6035,B,22,153
6036,B,3,140
6037,S,29,152
6038,B,15,150
6039,S,6,167
6040,B,34,155
6041,S,32,139
6042,S,8,155
6043,B,2,164
6044,B,35,141
6045,S,29,146
6046,S,32,144
6047,B,14,131
6048,B,43,137
6049,B,39,145
6050,S,29,165
6051,S,28,173
6052,S,23,142
6053,B,34,153
6054,B,31,161
6055,B,3,130
6056,B,28,165
6057,B,20,148
6058,S,5,148
6059,B,4,148
6060,S,8,131
6061,S,3,138
6062,B,16,150
6063,B,46,138
6064,S,43,138
6065,B,21,144
6066,B,33,170
6067,B,38,155
6068,S,32,138
6069,S,39,134
6070,S,13,136
6071,S,38,133
6072,S,25,139
6073,S,7,125
6074,S,10,181
6075,B,32,130
6076,S,37,167
6077,S,16,145
6078,B,28,162
6079,B,14,128
6080,S,40,121
6081,S,1,134
6082,B,11,142
6083,S,43,118
6084,B,33,167
6085,S,35,153
6086,B,11,162
6087,B,41,160
6088,S,35,179
6089,B,16,170
6090,S,37,140
6091,S,10,127
6092,B,2,164
6093,S,43,158
6094,B,35,162
6095,S,17,123
6096,S,8,141
6097,S,23,148
6098,B,33,135
6099,S,29,143
6100,B,2,145
6101,S,35,149
6102,B,43,139
6103,B,12,156
6104,B,39,145
6105,S,6,154
6106,B,32,166
6107,S,11,143
6108,S,30,133
6109,S,38,143
6110,S,3,148
6111,S,15,146
6112,B,38,149
6113,S,8,176
6114,S,36,134
6115,B,12,158
6116,S,45,143
6117,B,22,181
6118,S,30,134
6119,S,12,171
6120,S,27,130
6121,S,40,126
6122,S,17,142
6123,S,2,158
6124,S,5,138
6125,S,1,154
6126,B,10,144
6127,B,23,147
6128,B,35,157
6129,B,1,136
6130,B,45,148
6131,B,40,165
6132,B,17,156
6133,S,31,144
6134,B,29,175
6135,B,28,149
6136,B,20,146
6137,B,14,146
6138,B,47,128
6139,B,23,137
6140,B,46,180
6141,S,7,150
6142,B,1,155
6143,S,12,173
6144,B,36,161
6145,B,26,153
6146,S,11,154
6147,S,18,127
6148,S,40,138
6149,B,28,150
6150,S,45,132
6151,S,18,125
6152,B,5,154
6153,S,49,135
6154,S,5,178
6155,B,45,129
6156,S,35,134
6157,B,35,139
6158,B,36,161
6159,B,7,138
6160,S,34,160
6161,B,15,156
6162,S,41,126
6163,S,17,127
6164,S,16,136
6165,S,45,138
6166,S,37,143
6167,S,45,167
6168,B,21,141
6169,B,8,168
6170,B,44,132
6171,B,4,134
6172,S,25,161
6173,B,23,150
6174,B,44,155
6175,B,15,153
6176,S,27,153
6177,B,7,163
6178,S,25,140
6179,S,1,168
6180,B,37,172
6181,S,9,153
6182,S,12,131
6183,B,19,146
6184,S,18,173
6185,S,28,150
6186,S,28,139
6187,S,11,157
6188,B,21,165
6189,S,24,119
6190,S,2,151
6191,S,20,136
6192,S,33,160
6193,B,28,148
6194,B,17,151
6195,S,25,176
6196,B,27,156
6197,S,45,142
6198,S,22,164
6199,S,15,155
6200,B,28,185
6201,B,12,152
6202,B,49,156
6203,S,28,161
6204,S,26,144
6205,B,49,134
6206,S,7,139
6207,B,12,140
6208,S,24,148
6209,S,35,143
6210,S,35,152
6211,B,7,150
6212,S,31,114
6213,S,36,127
6214,B,37,152
6215,S,29,156
6216,B,9,161
6217,S,17,145
6218,B,10,140
6219,B,11,138
6220,B,48,153
6221,S,22,161
6222,B,47,129
6223,S,49,160
6224,B,41,136
6225,B,24,153
6226,S,9,159
6227,B,43,147
6228,B,24,119
6229,S,4,149
6230,B,20,143
6231,S,19,136
6232,S,13,146
6233,B,8,157
6234,B,46,158
6235,S,19,147
6236,S,6,141
6237,S,29,131
6238,S,19,151
6239,B,32,139
6240,B,36,180
6241,S,44,156
6242,B,23,164
6243,B,42,121
6244,B,25,152
6245,B,3,145
6246,S,3,140
6247,S,39,169
6248,B,10,141
6249,S,40,167
6250,B,20,145
6251,B,3,159
6252,B,26,126
6253,S,31,148
6254,S,28,144
6255,S,12,150
6256,S,24,149
6257,S,17,183
6258,S,35,167
6259,S,45,156
6260,B,29,129
6261,B,1,153
6262,S,10,151
6263,S,33,170
6264,S,40,167
6265,S,38,133
6266,B,39,169
6267,B,20,133
6268,S,31,127
6269,B,18,153
6270,S,15,145
6271,B,6,140
6272,S,9,148
6273,B,36,141
6274,B,16,143
6275,B,37,145
6276,B,42,154
6277,S,2,156
6278,S,37,158
6279,B,12,146
6280,B,14,145
6281,B,10,131
6282,B,12,157
6283,B,12,152
6284,B,25,173
6285,S,28,152
6286,S,33,175
6287,S,46,172
6288,S,19,164
6289,B,24,163
6290,S,47,154
6291,B,36,138
6292,S,42,170
6293,B,38,141
6294,B,49,153
6295,B,13,138
6296,S,38,139
6297,S,44,178
6298,B,50,160
6299,B,30,152
6300,S,18,151
6301,S,48,149
6302,S,2,145
6303,B,28,152
6304,S,28,172
6305,S,6,146
6306,B,24,172
6307,S,6,152
6308,B,15,141
6309,S,1,120
6310,S,40,143
6311,S,50,148
6312,S,24,170
6313,B,28,155
6314,S,10,138
6315,S,35,146
6316,S,1,161
6317,B,35,167
6318,S,41,133
6319,B,31,144
6320,S,2,151
6321,S,38,144
6322,S,5,157
6323,S,25,165
6324,B,2,146
6325,B,9,140
6326,S,23,169
6327,S,41,133
6328,B,6,141
6329,B,49,159
6330,S,30,183
6331,S,22,136
6332,S,32,157
6333,S,19,149
6334,B,19,146
6335,S,39,143
6336,B,44,151
6337,B,18,143
6338,B,9,134
6339,S,18,137
6340,B,31,161
6341,S,33,167
6342,B,17,124
6343,S,18,159
6344,B,44,165
6345,S,24,162
6346,S,28,152
6347,B,1,146
6348,B,32,171
6349,B,46,172
6350,B,41,154
6351,S,15,148
6352,S,30,119
6353,B,14,170
6354,B,12,145
6355,B,36,180
6356,S,18,174
6357,B,4,130
6358,B,34,128
6359,B,11,152
6360,S,9,148
6361,S,5,139
6362,S,50,168
6363,S,1,143
6364,S,36,174
6365,B,6,161
6366,B,40,114
6367,B,30,132
6368,B,21,172
6369,B,28,147
6370,B,24,150
6371,B,29,146
6372,B,3,153
6373,B,30,143
6374,B,44,157
6375,B,1,131
6376,S,42,149
6377,B,33,173
6378,S,19,138
6379,B,42,145
6380,B,27,155
6381,B,27,133
6382,S,31,158
6383,B,27,159
6384,B,33,176
6385,B,31,143
6386,B,6,159
6387,B,50,124
6388,B,10,163
6389,S,50,153
6390,S,30,152
6391,S,14,159
6392,S,16,133
6393,S,10,157
6394,S,18,135
6395,S,3,147
6396,S,15,131
6397,S,20,156
6398,B,21,112
6399,B,25,139
6400,S,4,143
6401,S,22,155
6402,B,18,135
6403,B,26,155
6404,S,6,137
6405,S,26,154
6406,B,1,153
6407,B,35,159
6408,S,3,161
6409,S,41,142
6410,S,39,147
6411,B,15,128
6412,B,30,198
6413,S,7,135
6414,B,46,167
6415,S,44,171
6416,S,11,172
6417,B,26,158
6418,S,18,161
6419,B,44,144
6420,B,43,182
6421,B,12,150
6422,S,37,171
6423,S,4,135
6424,B,45,159
6425,B,6,163
6426,S,47,158
6427,B,23,157
6428,S,22,121
6429,B,29,162
6430,S,7,177
6431,S,46,158
6432,B,36,159
6433,B,23,136
6434,S,43,129
6435,B,4,124
6436,B,44,162
6437,B,20,149
6438,B,8,159
6439,B,18,181
6440,S,14,153
6441,S,3,153
6442,S,41,167
6443,B,15,157
6444,S,12,165
6445,S,23,136
6446,B,22,169
6447,B,3,138
6448,S,27,147
6449,S,37,153
6450,B,28,141
6451,B,5,138
6452,S,3,146
6453,B,31,133
6454,S,14,147
6455,B,37,143
6456,S,24,142
6457,B,2,172
6458,B,49,137
6459,B,22,160
6460,S,23,159
6461,B,5,150
6462,S,17,153
6463,B,26,164
6464,B,17,146
6465,B,38,166
6466,B,37,135
6467,B,15,134
6468,B,5,140
6469,B,48,178
6470,B,27,131
6471,B,23,141
6472,B,35,175
6473,S,33,151
6474,S,8,150
6475,B,25,159
6476,S,40,125
6477,B,19,159
6478,S,30,183
6479,S,49,141
6480,S,12,141
6481,B,11,167
6482,S,15,144
6483,B,27,164
6484,B,10,159
6485,S,24,120
6486,S,30,144
6487,S,2,149
6488,B,6,166
6489,S,11,150
6490,B,12,146
6491,B,28,132
6492,B,47,172
6493,B,5,166
6494,S,8,165
6495,S,47,140
6496,B,28,142
6497,B,50,132
6498,B,24,140
6499,S,36,150
6500,B,37,146
6501,S,45,119
6502,S,25,161
6503,B,46,170
6504,B,16,150
6505,S,35,124
6506,B,39,188
6507,B,33,167
6508,S,18,172
6509,S,20,134
6510,B,9,123
6511,B,47,109
6512,S,36,153
6513,B,40,154
6514,S,15,130
6515,B,43,145
6516,B,18,156
6517,S,18,152
6518,B,34,146
6519,B,5,116
6520,S,37,187
6521,B,45,144
6522,B,48,139
6523,B,9,128
6524,B,18,122
6525,B,15,119
6526,B,23,161
6527,B,45,162
6528,B,3,151
6529,B,33,174
6530,B,27,123
6531,S,26,165
6532,B,4,193
6533,S,46,151
6534,B,30,165
6535,S,26,144
6536,B,50,142
6537,B,44,143
6538,B,6,123
6539,S,44,113
6540,B,39,136
6541,B,11,153
6542,B,17,169
6543,B,48,168
6544,S,11,164
6545,B,37,156
6546,B,8,153
6547,S,32,140
6548,B,36,136
6549,S,27,150
6550,S,3,126
6551,S,15,156
6552,S,33,156
6553,S,24,147
6554,S,50,168
6555,S,20,157
6556,B,13,135
6557,S,39,156
6558,B,23,146
6559,B,20,131
6560,S,11,155
6561,S,9,158
6562,S,19,156
6563,B,17,145
6564,B,48,155
6565,S,42,128
6566,S,44,149
6567,B,35,159
6568,S,44,169
6569,B,48,144
6570,S,20,157
6571,B,43,159
6572,S,22,149
6573,B,9,160
6574,S,12,188
6575,S,43,137
6576,B,16,143
6577,S,13,158
6578,B,6,154
6579,S,43,140
6580,S,47,138
6581,S,24,158
6582,S,45,153
6583,S,32,135
6584,S,46,154
6585,S,47,135
6586,S,16,163
6587,S,24,145
6588,S,25,162
6589,S,5,149
6590,S,6,153
6591,B,22,162
6592,S,1,137
6593,S,40,164
6594,S,12,122
6595,S,39,149
6596,B,37,134
6597,S,26,182
6598,S,16,155
6599,B,30,142
6600,S,46,159
6601,B,18,161
6602,B,19,124
6603,B,43,173
6604,S,16,138
6605,B,27,134
6606,B,20,146
6607,B,46,162
6608,B,43,135
6609,S,15,155
6610,B,2,172
6611,B,35,145
6612,B,23,132
6613,B,10,151
6614,B,29,171
6615,B,36,162
6616,S,43,146
6617,S,48,159
6618,B,30,120
6619,S,18,163
6620,S,42,167
6621,B,42,155
6622,B,22,144
6623,B,15,136
6624,S,28,142
6625,S,44,152
6626,S,1,142
6627,B,18,155
6628,B,49,147
6629,S,10,146
6630,S,24,155
6631,S,42,148
6632,B,31,183
6633,B,47,158
6634,B,30,159
6635,B,8,154
6636,S,37,163
6637,B,50,152
6638,B,41,152
6639,B,32,132
6640,B,13,158
6641,S,40,145
6642,S,50,145
6643,S,12,157
6644,B,47,142
6645,S,16,144
6646,S,40,160
6647,S,43,160
6648,B,10,157
6649,S,15,145
6650,B,12,166
6651,B,19,137
6652,S,15,164
6653,S,15,132
6654,B,33,152
6655,S,3,166
6656,S,36,124
6657,S,3,170
6658,B,8,136
6659,B,13,161
6660,S,8,152
6661,B,26,151
6662,B,36,132
6663,B,36,173
6664,B,32,139
6665,S,46,113
6666,S,26,139
6667,S,13,148
6668,S,10,139
6669,B,14,154
6670,B,46,156
6671,B,41,157
6672,B,10,150
6673,S,36,138
6674,B,44,145
6675,B,12,128
6676,S,40,138
6677,S,14,158
6678,S,16,132
6679,S,16,123
6680,B,4,155
6681,S,26,144
6682,S,1,145
6683,S,43,178
6684,S,20,153
6685,B,42,169
6686,S,5,169
6687,B,50,175
6688,S,33,160
6689,S,43,170
6690,S,31,154
6691,S,25,178
6692,B,31,145
6693,B,24,161
6694,S,12,150
6695,B,24,156
6696,B,5,128
6697,B,37,160
6698,S,37,144
6699,B,37,160
6700,S,21,141
6701,S,36,144
6702,S,31,144
6703,B,9,157
6704,B,11,150
6705,B,5,166
6706,S,6,170
6707,B,20,164
6708,B,49,168
6709,S,40,143
6710,S,30,131
6711,S,3,154
6712,S,32,152
6713,S,15,159
6714,B,12,163
6715,B,29,108
6716,S,22,148
6717,S,42,147
6718,S,14,133
6719,S,13,173
6720,B,25,133
6721,S,20,137
6722,B,47,168
6723,S,12,153
6724,B,8,153
6725,B,23,153
6726,B,25,153
6727,S,19,133
6728,S,1,154
6729,B,1,138
6730,B,26,133
6731,S,20,159
6732,S,29,137
6733,S,20,150
6734,B,23,141
6735,S,45,155
6736,B,2,149
6737,S,16,163
6738,S,13,146
6739,B,38,160
6740,S,40,169
6741,B,30,147
6742,S,37,177
6743,S,9,165
6744,S,45,152
6745,S,38,160
6746,S,23,148
6747,B,11,141
6748,B,28,128
6749,S,16,155
6750,B,34,163
6751,S,40,134
6752,S,43,143
6753,S,16,160
6754,S,19,175
6755,B,20,146
6756,S,20,156
6757,B,26,124
6758,B,46,150
6759,S,18,139
6760,S,18,146
6761,S,17,169
6762,B,43,128
6763,B,10,146
6764,B,27,163
6765,B,39,154
6766,S,37,148
6767,S,7,140
6768,B,49,172
6769,S,9,183
6770,B,31,147
6771,B,31,143
6772,S,23,141
6773,B,19,178
6774,S,38,138
6775,B,50,162
6776,B,20,152
6777,S,37,150
6778,S,5,159
6779,B,47,138
6780,B,10,124
6781,S,7,139
6782,B,30,152
6783,S,26,140
6784,S,13,130
6785,S,38,146
6786,S,1,130
6787,S,6,129
6788,B,24,161
6789,S,13,146
6790,S,15,145
6791,B,5,136
6792,B,4,167
6793,B,19,142
6794,B,43,156
6795,B,3,164
6796,B,12,156
6797,S,27,166
6798,B,15,148
6799,S,46,148
6800,S,43,127
6801,S,35,149
6802,B,42,176
6803,S,46,155
6804,B,49,139
6805,B,10,145
6806,B,29,126
6807,S,5,118
6808,S,20,146
6809,B,21,197
6810,B,24,160
6811,B,11,165
6812,B,18,158
6813,S,26,131
6814,S,47,160
6815,B,13,173
6816,B,40,182
6817,B,1,186
6818,B,37,163
6819,B,14,151
6820,B,15,158
6821,B,17,142
6822,S,45,144
6823,B,43,151
6824,S,1,153
6825,S,28,136
6826,B,23,153
6827,S,16,130
6828,B,14,160
6829,B,6,169
6830,B,36,171
6831,S,32,137
6832,B,46,151
6833,B,3,160
6834,B,38,134
6835,B,6,146
6836,S,43,142
6837,B,19,113
6838,B,47,154
6839,S,17,146
6840,S,31,145
6841,S,21,112
6842,S,39,132
6843,B,17,161
6844,B,15,134
6845,S,10,164
6846,S,5,141
6847,B,10,140
6848,S,38,128
6849,S,25,134
6850,S,17,151
6851,B,16,138
6852,S,37,150
6853,B,12,160
6854,B,4,154
6855,B,34,155
6856,S,45,154
6857,S,45,149
6858,S,4,159
6859,B,30,127
6860,B,45,161
6861,B,41,137
6862,B,38,139
6863,S,45,142
6864,S,49,156
6865,B,32,162
6866,B,32,154
6867,S,48,157
6868,S,12,150
6869,B,2,169
6870,S,8,155
6871,S,12,143
6872,S,17,140
6873,S,13,129
6874,B,35,150
6875,B,13,149
6876,S,2,146
6877,S,33,166
6878,S,22,130
6879,B,18,149
6880,S,24,159
6881,S,50,151
6882,S,21,173
6883,B,44,161
6884,S,12,129
6885,S,28,150
6886,B,48,166
6887,S,27,176
6888,B,32,148
6889,S,21,166
6890,B,10,158
6891,B,27,162
6892,B,6,160
6893,B,39,141
6894,B,47,164
6895,B,10,152
6896,S,50,160
6897,S,14,159
6898,B,49,158
6899,S,15,161
6900,S,10,151
6901,S,12,172
6902,S,3,131
6903,S,25,118
6904,B,33,144
6905,B,42,160
6906,S,7,158
6907,B,42,156
6908,B,15,169
6909,B,5,155
6910,B,12,154
6911,B,24,158
6912,S,8,117
6913,S,35,148
6914,B,35,163
6915,S,26,136
6916,S,38,156
6917,B,34,146
6918,S,25,149
6919,S,20,169
6920,B,3,162
6921,S,12,131
6922,S,16,133
6923,S,34,156
6924,S,41,156
6925,S,19,112
6926,S,8,150
6927,S,47,124
6928,B,8,154
6929,B,46,172
6930,S,13,153
6931,B,2,141
6932,S,11,148
6933,S,35,146
6934,B,47,152
6935,S,33,143
6936,B,29,175
6937,B,49,166
6938,S,40,133
6939,S,37,139
6940,B,13,140
6941,B,48,135
6942,B,28,179
6943,S,2,161
6944,B,23,149
6945,B,48,145
6946,B,26,140
6947,B,7,148
6948,B,12,148
6949,S,16,154
6950,B,23,149
6951,B,27,150
6952,B,40,140
6953,B,4,134
6954,S,11,131
6955,S,49,164
6956,S,12,177
6957,B,33,138
6958,S,14,136
6959,B,31,122
6960,S,22,155
6961,B,41,146
6962,S,16,157
6963,S,36,165
6964,S,5,157
6965,B,10,148
6966,B,39,153
6967,B,7,160
6968,B,48,144
6969,B,34,158
6970,S,48,134
6971,B,26,181
6972,S,3,143
6973,S,49,150
6974,S,41,154
6975,B,42,142
6976,S,9,150
6977,S,39,156
6978,S,33,157
6979,B,23,148
6980,S,16,134
6981,S,23,141
6982,S,46,160
6983,B,45,170
6984,S,26,133
6985,S,49,166
6986,B,7,139
6987,B,21,141
6988,S,38,156
6989,B,22,170
6990,S,28,152
6991,B,49,162
6992,S,38,148
6993,B,29,119
6994,S,40,144
6995,S,28,144
6996,S,40,165
6997,S,32,156
6998,B,39,132
6999,S,20,143
7000,S,40,150
7001,S,26,164
7002,S,39,166
7003,S,8,158
7004,S,30,138
7005,S,14,153
7006,S,35,148
7007,B,25,132
7008,S,17,153
7009,S,21,132
7010,B,41,152
7011,S,1,141
7012,S,3,157
7013,B,26,148
7014,B,26,154
7015,S,36,149
7016,B,18,169
7017,S,23,152
7018,B,35,150
7019,B,43,150
7020,B,35,144
7021,B,40,161
7022,S,7,148
7023,S,27,179
7024,B,29,184
7025,S,1,153
7026,B,23,155
7027,S,49,150
7028,S,50,175
7029,S,42,169
7030,B,23,189
7031,S,19,154
7032,B,13,126
7033,S,35,141
7034,S,33,132
7035,S,47,158
7036,B,11,139
7037,S,42,135
7038,B,14,171
7039,S,24,154
7040,B,19,161
7041,S,17,154
7042,B,26,122
7043,S,18,129
7044,S,26,168
7045,S,11,145
7046,S,50,164
7047,B,8,145
7048,S,28,167
7049,S,9,139
7050,S,12,173
7051,B,8,139
7052,B,41,145
7053,S,29,159
7054,B,25,149
7055,S,35,163
7056,S,39,145
7057,B,39,138
7058,S,15,147
7059,B,21,156
7060,B,9,144
7061,S,22,150
7062,S,39,152
7063,B,1,159
7064,B,6,133
7065,B,46,164
7066,S,10,152
7067,S,32,176
7068,B,42,139
7069,B,40,155
7070,S,21,128
7071,S,11,142
7072,B,44,139
7073,S,9,144
7074,S,33,156
7075,S,32,154
7076,S,4,138
7077,S,4,139
7078,B,17,137
7079,S,30,165
7080,S,24,149
7081,B,23,161
7082,B,47,141
7083,S,8,179
7084,S,45,164
7085,S,13,163
7086,S,14,142
7087,B,22,181
7088,B,15,132
7089,B,8,151
7090,B,5,123
7091,B,16,164
7092,B,31,146
7093,B,36,152
7094,B,35,144
7095,S,13,157
7096,B,12,146
7097,S,44,169
7098,B,45,147
7099,S,27,157
7100,S,21,155
7101,B,31,141
7102,B,7,166
7103,S,28,162
7104,S,25,155
7105,S,6,161
7106,S,11,136
7107,S,38,155
7108,B,26,161
7109,B,38,149
7110,S,28,166
7111,S,22,136
7112,B,2,135
7113,B,8,138
7114,B,31,131
7115,B,37,146
7116,B,44,139
7117,S,11,148
7118,B,27,145
7119,S,19,132
7120,B,48,141
7121,S,40,138
7122,S,36,136
7123,S,50,142
7124,S,23,139
7125,B,34,171
7126,B,10,153
7127,B,29,146
7128,S,43,148
7129,B,9,130
7130,S,39,140
7131,S,6,148
7132,S,38,163
7133,S,17,151
7134,S,14,160
7135,S,32,125
7136,B,34,135
7137,B,6,148
7138,B,14,147
7139,S,49,129
7140,S,6,154
7141,B,40,144
7142,S,22,153
7143,B,2,145
7144,B,37,158
7145,B,24,136
7146,S,28,168
7147,B,15,174
7148,S,21,174
7149,B,49,165
7150,S,43,152
7151,S,13,149
7152,B,48,149
7153,B,8,147
7154,B,16,151
7155,B,37,144
7156,S,21,142
7157,S,8,170
7158,B,4,149
7159,S,35,146
7160,B,3,165
7161,S,21,131
7162,B,46,159
7163,S,14,141
7164,S,45,162
7165,S,14,156
7166,S,29,150
7167,B,14,142
7168,S,37,130
7169,B,14,149
7170,S,46,151
7171,B,41,171
7172,S,49,111
7173,S,6,139
7174,S,43,142
7175,B,6,141
7176,S,16,168
7177,S,37,129
7178,B,8,133
7179,B,25,171
7180,S,40,151
7181,B,43,188
7182,B,31,167
7183,S,12,122
7184,S,39,159
7185,S,50,152
7186,S,16,138
7187,S,12,157
7188,B,5,142
7189,S,5,158
7190,B,45,166
7191,S,21,137
7192,B,41,135
7193,S,27,176
7194,S,8,164
7195,B,13,154
7196,B,1,178
7197,S,10,182
7198,S,33,136
7199,B,17,158
7200,S,34,143
7201,B,38,135
7202,S,37,159
7203,S,37,117
7204,B,45,137
7205,B,37,157
7206,B,18,159
7207,S,49,166
7208,S,23,167
7209,B,46,132
7210,B,35,162
7211,S,9,128
7212,S,13,158
7213,B,42,158
7214,S,8,163
7215,B,49,114
7216,S,50,165
7217,B,13,126
7218,S,49,169
7219,B,33,143
7220,S,42,155
7221,S,33,166
7222,B,19,149
7223,S,29,140
7224,B,46,153
7225,B,39,144
7226,B,23,145
7227,B,33,145
7228,S,9,159
7229,S,9,148
7230,S,3,149
7231,S,5,159
7232,B,6,157
7233,B,47,142
7234,S,18,142
7235,S,5,152
7236,B,45,172
7237,S,7,158
7238,B,50,158
7239,B,36,162
7240,B,40,166
7241,S,7,156
7242,B,30,157
7243,B,38,160
7244,S,17,159
7245,S,14,162
7246,B,32,153
7247,S,10,155
7248,B,45,147
7249,B,12,161
7250,S,40,165
7251,B,3,161
7252,B,7,144
7253,S,14,167
7254,B,26,142
7255,S,45,151
7256,B,50,182
7257,B,3,162
7258,S,27,152
7259,B,5,139
7260,S,38,162
7261,B,1,186
7262,S,2,130
7263,B,7,154
7264,S,37,151
7265,B,2,164
7266,S,13,154
7267,B,42,166
7268,S,14,153
7269,S,37,156
7270,B,5,149
7271,S,32,133
7272,B,17,151
7273,S,46,153
7274,S,32,149
7275,B,37,123
7276,B,5,105
7277,S,1,136
7278,S,4,150
7279,B,15,161
7280,S,9,143
7281,B,24,175
7282,B,10,163
7283,S,12,158
7284,B,6,160
7285,B,47,144
7286,B,29,139
7287,S,12,144
7288,S,12,142
7289,S,42,143
7290,S,9,146
7291,S,27,160
7292,B,20,138
7293,B,44,133
7294,B,45,148
7295,S,38,164
7296,S,7,153
7297,B,37,153
7298,B,38,135
7299,B,11,181
7300,S,49,135
7301,S,47,146
7302,S,33,149
7303,S,9,169
7304,B,1,95
7305,S,20,163
7306,S,15,149
7307,S,43,168
7308,B,3,157
7309,S,19,149
7310,B,4,161
7311,S,37,157
7312,B,41,120
7313,B,13,174
7314,S,18,162
7315,S,18,148
7316,S,11,154
7317,B,15,149
7318,S,10,143
7319,B,11,164
7320,B,47,160
7321,S,44,150
7322,B,22,159
7323,B,14,139
7324,B,36,153
7325,S,16,150
7326,S,30,148
7327,B,38,102
7328,B,34,149
7329,B,8,149
7330,S,2,170
7331,B,25,168
7332,B,32,154
7333,B,30,143
7334,S,25,149
7335,B,35,129
7336,S,6,136
7337,S,31,193
7338,S,2,147
7339,S,44,153
7340,B,7,150
7341,B,29,158
7342,B,6,167
7343,S,6,142
7344,S,10,145
7345,S,10,137
7346,B,43,154
7347,B,5,161
7348,S,18,157
7349,S,27,174
7350,B,37,136
7351,S,19,155
7352,S,10,160
7353,B,7,138
7354,B,42,139
7355,B,9,146
7356,B,9,147
7357,B,33,142
7358,S,1,129
7359,B,26,135
7360,B,5,164
7361,S,17,153
7362,S,23,164
7363,B,27,141
7364,S,23,169
7365,S,2,179
7366,B,7,148
7367,B,36,158
7368,S,27,156
7369,B,41,155
7370,B,23,159
7371,B,19,110
7372,S,30,153
7373,B,15,153
7374,B,4,149
7375,B,9,165
7376,B,2,134
7377,B,47,148
7378,B,37,160
7379,S,5,181
7380,S,17,153
7381,S,1,152
7382,S,21,149
7383,B,50,134
7384,S,20,141
7385,B,10,172
7386,S,41,141
7387,S,25,155
7388,B,16,155
7389,B,24,154
7390,S,14,145
7391,S,32,124
7392,B,27,149
7393,B,32,164
7394,S,21,141
7395,B,48,148
7396,B,12,160
7397,S,29,130
7398,B,46,121
7399,S,23,148
7400,S,18,178
7401,B,40,141
7402,S,35,161
7403,S,33,140
7404,S,30,153
7405,B,43,138
7406,B,24,131
7407,B,3,140
7408,S,33,157
7409,S,33,149
7410,S,9,190
7411,B,21,148
7412,S,20,155
7413,S,48,138
7414,S,10,115
7415,B,22,139
7416,S,49,161
7417,S,11,133
7418,S,2,149
7419,S,43,176
7420,S,6,157
7421,B,7,130
7422,S,6,153
7423,B,30,131
7424,B,15,172
7425,S,15,150
7426,S,33,138
7427,B,47,126
7428,B,27,138
7429,B,26,148
7430,S,23,148
7431,B,7,176
7432,B,24,154
7433,S,13,158
7434,S,16,171
7435,B,8,162
7436,S,34,170
7437,S,1,156
7438,B,47,143
7439,S,4,150
7440,B,45,152
7441,B,7,155
7442,S,39,131
7443,B,6,144
7444,B,1,151
7445,B,20,146
7446,S,49,154
7447,S,48,140
7448,B,42,136
7449,S,3,141
7450,B,10,169
7451,S,44,133
7452,B,38,148
7453,S,41,139
7454,S,24,156
7455,B,41,138
7456,B,22,183
7457,B,22,168
7458,B,11,149
7459,S,34,147
7460,B,39,124
7461,B,46,155
7462,B,7,115
7463,S,2,157
7464,B,10,153
7465,B,13,133
7466,S,8,150
7467,B,32,167
7468,S,27,152
7469,B,1,146
7470,B,44,156
7471,S,23,132
7472,S,1,162
7473,B,42,137
7474,S,50,144
7475,B,14,139
7476,S,8,159
7477,S,38,148
7478,B,43,154
7479,S,36,136
7480,S,43,157
7481,S,2,140
7482,S,23,157
7483,B,28,128
7484,B,24,151
7485,B,6,179
7486,S,27,157
7487,S,10,153
7488,S,1,165
7489,B,13,158
7490,S,42,184
7491,S,11,160
7492,S,45,164
7493,B,40,131
7494,B,19,139
7495,B,15,144
7496,B,48,183
7497,S,39,152
7498,B,15,155
7499,B,10,138
7500,B,31,146
7501,S,49,154
7502,S,16,145
7503,B,43,136
7504,S,6,152
7505,B,21,169
7506,B,18,163
7507,S,27,122
7508,S,33,151
7509,S,8,141
7510,S,21,131
7511,B,9,153
7512,B,22,177
7513,B,9,132
7514,B,32,129
7515,B,22,136
7516,S,41,149
7517,B,49,165
7518,S,2,163
7519,B,19,171
7520,S,24,127
7521,S,28,160
7522,S,5,146
7523,S,7,151
7524,B,33,145
7525,S,8,151
7526,S,42,141
7527,S,35,158
7528,B,14,126
7529,B,32,153
7530,S,2,146
7531,B,29,160
7532,S,33,162
7533,S,46,124
7534,S,11,143
7535,B,22,137
7536,S,34,152
7537,S,10,135
7538,S,20,157
7539,B,29,167
7540,S,29,143
7541,S,44,154
7542,B,46,172
7543,B,22,178
7544,B,26,144
7545,S,27,111
7546,B,34,145
7547,S,47,156
7548,S,43,138
7549,B,17,140
7550,S,4,141
7551,S,50,144
7552,S,23,152
7553,B,44,139
7554,B,48,131
7555,B,21,153
7556,S,1,140
7557,S,13,155
7558,S,31,146
7559,S,32,153
7560,S,5,145
7561,B,16,157
7562,S,14,156
7563,S,48,158
7564,B,4,140
7565,B,12,153
7566,B,5,143
7567,S,24,151
7568,S,32,143
7569,B,28,153
7570,B,40,162
7571,S,8,154
7572,S,37,148
7573,B,3,169
7574,S,28,153
7575,B,14,156
7576,B,48,162
7577,S,37,180
7578,B,18,184
7579,B,44,174
7580,S,4,147
7581,S,35,178
7582,B,49,161
7583,B,14,138
7584,B,50,142
7585,B,22,156
7586,B,13,162
7587,B,12,146
7588,S,18,155
7589,S,37,142
7590,B,29,168
7591,B,37,126
7592,S,16,153
7593,B,35,134
7594,B,26,154
7595,S,17,149
7596,B,47,158
7597,S,7,162
7598,B,30,149
7599,B,49,139
7600,S,11,163
7601,B,25,177
7602,B,50,147
7603,S,4,154
7604,B,29,162
7605,S,42,129
7606,S,11,157
7607,S,23,135
7608,B,48,140
7609,S,2,144
7610,S,35,147
7611,S,20,132
7612,B,24,135
7613,S,2,159
7614,B,46,152
7615,B,37,151
7616,B,50,143
7617,B,24,145
7618,S,3,158
7619,S,17,143
7620,B,11,142
7621,S,13,145
7622,B,11,150
7623,B,23,152
7624,B,42,176
7625,S,23,157
7626,B,15,174
7627,S,19,170
7628,S,3,157
7629,B,26,128
7630,S,13,147
7631,B,13,140
7632,B,11,147
7633,S,9,161
7634,B,37,151
7635,B,8,147
7636,B,49,163
7637,S,6,127
7638,B,50,154
7639,S,49,146
7640,S,39,138
7641,B,4,178
7642,B,26,174
7643,B,5,181
7644,S,18,131
7645,B,5,155
7646,B,18,135
7647,B,37,163
7648,B,7,161
7649,B,12,142
7650,S,7,128
7651,S,24,158
7652,B,28,149
7653,S,31,142
7654,S,41,167
7655,S,17,174
7656,S,45,176
7657,B,40,170
7658,S,15,170
7659,B,1,169
7660,B,18,133
7661,S,9,124
7662,S,7,158
7663,B,23,153
7664,B,21,159
7665,B,18,139
7666,B,38,148
7667,B,20,142
7668,B,29,148
7669,S,38,146
7670,S,39,142
7671,B,24,141
7672,S,6,156
7673,B,46,143
7674,S,45,134
7675,B,38,134
7676,B,20,147
7677,S,32,111
7678,B,37,131
7679,B,14,159
7680,B,36,151
7681,S,23,130
7682,B,4,137
7683,B,22,166
7684,S,28,145
7685,S,4,128
7686,S,23,133
7687,B,48,130
7688,B,28,163
7689,S,9,148
7690,S,33,151
7691,S,26,147
7692,S,11,164
7693,S,20,164
7694,B,21,164
7695,S,6,134
7696,S,12,154
7697,S,1,158
7698,B,43,136
7699,S,11,147
7700,S,13,132
7701,S,12,156
7702,B,11,180
7703,B,18,170
7704,B,39,145
7705,B,1,169
7706,S,29,128
7707,B,9,167
7708,S,22,141
7709,B,38,157
7710,S,31,141
7711,S,42,154
7712,B,5,161
7713,B,48,151
7714,B,49,140
7715,B,35,145
7716,B,30,158
7717,B,6,159
7718,B,3,149
7719,S,2,151
7720,B,21,129
7721,S,18,155
7722,S,27,167
7723,B,31,165
7724,S,14,160
7725,S,1,139
7726,B,12,140
7727,B,18,145
7728,S,43,174
7729,B,15,165
7730,B,13,158
7731,S,8,179
7732,B,17,133
7733,S,46,129
7734,B,13,162
7735,B,25,147
7736,S,8,145
7737,B,30,177
7738,B,25,129
7739,S,31,155
7740,S,28,170
7741,B,17,135
7742,S,18,167
7743,S,5,187
7744,S,33,144
7745,S,2,162
7746,B,40,159
7747,B,12,135
7748,S,11,149
7749,S,36,146
7750,B,18,139
7751,B,50,154
7752,S,28,156
7753,S,13,160
7754,S,49,135
7755,B,11,143
7756,S,24,168
7757,B,25,132
7758,B,18,133
7759,S,12,160
7760,B,18,126
7761,B,42,148
7762,B,22,151
7763,B,33,150
7764,S,48,141
7765,S,12,141
7766,B,21,141
7767,B,3,158
7768,B,44,144
7769,S,4,151
7770,S,27,128
7771,B,19,152
7772,B,34,114
7773,S,18,160
7774,B,25,135
7775,B,35,154
7776,S,23,171
7777,S,17,118
7778,S,25,155
7779,B,26,144
7780,B,45,142
7781,B,34,159
7782,S,37,160
7783,B,4,127
7784,B,11,117
7785,B,1,160
7786,S,42,138
7787,S,2,170
7788,S,49,164
7789,S,3,148
7790,S,16,159
7791,S,18,144
7792,S,2,141
7793,S,31,144
7794,S,26,148
7795,S,45,147
7796,B,48,142
7797,B,27,148
7798,S,37,163
7799,S,50,139
7800,B,29,131
7801,S,22,133
7802,B,39,137
7803,B,25,150
7804,S,14,150
7805,S,44,130
7806,B,33,142
7807,S,26,128
7808,B,41,149
7809,S,2,137
7810,S,8,143
7811,S,4,146
7812,S,49,138
7813,B,35,135
7814,S,27,143
7815,S,14,135
7816,B,26,163
7817,B,37,128
7818,B,38,114
7819,B,50,156
7820,B,35,141
7821,B,32,133
7822,B,21,136
7823,B,50,144
7824,B,1,134
7825,S,20,154
7826,S,11,159
7827,B,14,168
7828,B,50,156
7829,B,21,149
7830,S,45,142
7831,B,8,130
7832,S,27,138
7833,S,2,165
7834,S,22,146
7835,S,13,147
7836,B,34,116
7837,B,18,187
7838,B,50,133
7839,S,43,143
7840,B,45,159
7841,B,30,129
7842,B,1,135
7843,S,41,159
7844,S,15,161
7845,B,22,147
7846,B,17,167
7847,B,42,163
7848,B,29,145
7849,B,8,159
7850,S,10,169
7851,S,41,157
7852,S,14,180
7853,B,33,158
7854,B,5,118
7855,S,11,146
7856,S,27,155
7857,B,42,157
7858,S,21,164
7859,B,43,125
7860,B,43,133
7861,S,37,155
7862,B,18,139
7863,B,5,137
7864,S,38,135
7865,B,47,146
7866,S,31,156
7867,S,26,143
7868,B,9,154
7869,B,16,150
7870,B,12,129
7871,S,13,156
7872,S,39,148
7873,S,41,160
7874,B,34,142
7875,S,1,139
7876,B,19,161
7877,B,20,172
7878,B,27,142
7879,B,38,138
7880,B,15,158
7881,S,24,147
7882,B,18,169
7883,S,26,151
7884,B,49,150
7885,S,1,165
7886,B,25,161
7887,S,9,144
7888,S,45,164
7889,S,17,154
7890,B,24,141
7891,S,44,124
7892,B,45,180
7893,S,33,144
7894,B,37,172
7895,S,32,171
7896,B,46,138
7897,S,27,149
7898,B,15,188
7899,S,3,150
7900,S,50,136
7901,S,19,160
7902,B,37,164
7903,S,43,164
7904,B,17,153
7905,B,39,154
7906,S,37,165
7907,B,1,185
7908,S,30,145
7909,S,12,153
7910,B,38,161
7911,B,38,141
7912,B,48,155
7913,S,26,174
7914,S,12,146
7915,S,50,134
7916,S,17,158
7917,B,4,151
7918,S,7,172
7919,S,13,133
7920,B,10,170
7921,B,26,147
7922,B,19,181
7923,S,4,156
7924,S,40,158
7925,B,20,146
7926,B,47,168
7927,B,14,126
7928,S,37,157
7929,S,21,157
7930,B,31,173
7931,B,3,133
7932,S,25,133
7933,S,11,128
7934,B,40,149
7935,B,4,152
7936,B,2,153
7937,S,28,178
7938,S,40,129
7939,S,36,133
7940,S,50,175
7941,B,42,175
7942,S,1,143
7943,B,31,155
7944,S,29,151
7945,S,27,185
7946,B,22,165
7947,S,10,144
7948,S,16,151
7949,S,32,149
7950,S,15,157
7951,B,43,156
7952,B,26,129
7953,B,1,152
7954,B,42,132
7955,B,5,150
7956,S,15,164
7957,S,6,149
7958,B,22,158
7959,B,38,148
7960,B,30,140
7961,B,13,149
7962,S,20,147
7963,S,29,123
7964,S,18,150
7965,S,28,150
7966,B,27,114
7967,B,50,163
7968,B,1,148
7969,S,27,155
7970,S,5,172
7971,S,41,162
7972,B,50,173
7973,S,6,147
7974,S,11,137
7975,S,6,114
7976,S,17,144
7977,B,39,158
7978,B,1,137
7979,S,23,145
7980,B,21,146
7981,S,17,123
7982,S,43,146
7983,S,16,130
7984,B,32,154
7985,S,1,148
7986,B,1,146
7987,S,21,169
7988,S,2,159
7989,B,39,158
7990,B,2,162
7991,B,38,174
7992,S,48,143
7993,B,16,155
7994,S,26,166
7995,S,41,140
7996,B,1,140
7997,B,26,134
7998,S,6,163
7999,S,19,169
8000,S,14,147
8001,B,22,140
8002,S,13,153
8003,S,20,154
8004,S,33,160
8005,B,49,136
8006,S,39,132
8007,S,3,151
8008,B,8,172
8009,B,35,156
8010,S,13,154
8011,B,25,145
8012,S,18,161
8013,S,36,158
8014,B,16,135
8015,B,43,172
8016,B,3,167
8017,S,30,164
8018,B,39,158
8019,S,44,160
8020,B,24,113
8021,S,19,156
8022,S,4,144
8023,B,41,113
8024,B,19,172
8025,S,48,162
8026,B,47,159
8027,B,37,132
8028,S,25,127
8029,S,9,163
8030,S,49,156
8031,S,1,162
8032,S,48,150
8033,S,5,152
8034,S,36,164
8035,S,1,151
8036,B,4,165
8037,S,4,140
8038,S,16,151
8039,S,1,165
8040,S,42,173
8041,B,42,157
8042,S,35,150
8043,B,1,152
8044,B,11,133
8045,B,48,140
8046,B,9,145
8047,B,39,144
8048,S,50,138
8049,S,49,169
8050,S,24,129
8051,B,8,140
8052,B,40,154
8053,S,3,149
8054,B,32,161
8055,S,43,137
8056,S,41,149
8057,B,3,162
8058,S,39,146
8059,S,45,169
8060,S,6,160
8061,B,36,145
8062,B,36,145
8063,S,23,144
8064,S,19,138
8065,S,26,148
8066,S,44,155
8067,S,10,158
8068,B,21,132
8069,S,25,151
8070,B,7,153
8071,S,9,177
8072,S,1,146
8073,S,29,149
8074,B,26,152
8075,B,9,118
8076,B,24,121
8077,S,2,188
8078,B,1,143
8079,B,29,157
8080,B,6,141
8081,S,32,131
8082,B,34,148
8083,S,37,155
8084,B,20,143
8085,B,14,157
8086,B,37,139
8087,S,4,143
8088,S,24,174
8089,B,7,145
8090,S,30,135
8091,B,21,108
8092,S,6,175
8093,S,28,174
8094,S,14,159
8095,S,22,138
8096,S,13,164
8097,S,46,137
8098,S,30,148
8099,S,36,172
8100,B,50,138
8101,B,16,162
8102,S,6,166
8103,S,16,128
8104,B,12,152
8105,B,2,144
8106,S,13,140
8107,B,45,155
8108,S,14,155
8109,S,19,172
8110,S,9,179
8111,S,16,158
8112,B,30,164
8113,S,40,118
8114,B,16,149
8115,B,15,166
8116,S,16,147
8117,B,2,146
8118,B,5,150
8119,S,40,196
8120,B,34,154
8121,S,19,177
8122,B,43,153
8123,B,39,162
8124,B,44,152
8125,S,22,149
8126,S,18,159
8127,S,9,140
8128,S,21,182
8129,S,37,162
8130,B,8,161
8131,B,1,186
8132,S,14,160
8133,B,12,108
8134,S,10,174
8135,B,32,149
8136,S,5,140
8137,S,47,152
8138,B,20,165
8139,S,2,146
8140,S,4,169
8141,B,25,150
8142,B,40,143
8143,S,9,161
8144,S,41,174
8145,S,46,164
8146,S,32,149
8147,S,2,142
8148,S,33,125
8149,B,28,154
8150,S,1,137
8151,S,11,157
8152,B,26,156
8153,B,33,141
8154,S,26,132
8155,S,27,130
8156,B,21,147
8157,S,42,166
8158,B,38,177
8159,S,48,171
8160,S,5,161
8161,S,39,133
8162,S,21,174
8163,S,1,155
8164,S,14,128
8165,B,27,135
8166,S,48,148
8167,B,38,158
8168,S,7,155
8169,B,46,146
8170,B,22,132
8171,S,36,122
8172,S,45,150
8173,B,12,153
8174,S,11,129
8175,B,13,159
8176,S,41,162
8177,B,22,145
8178,S,45,145
8179,S,5,126
8180,B,29,157
8181,S,4,146
8182,S,19,128
8183,B,25,116
8184,B,47,146
8185,B,45,154
8186,S,20,137
8187,S,48,143
8188,S,21,131
8189,S,44,166
8190,S,25,136
8191,B,44,136
8192,B,29,179
8193,B,13,145
8194,S,35,152
8195,B,37,145
8196,B,9,137
8197,B,7,157
8198,S,47,136
8199,S,44,179
8200,S,43,163
8201,S,21,146
8202,S,32,150
8203,S,7,136
8204,B,1,150
8205,B,4,166
8206,S,27,137
8207,B,19,148
8208,B,23,140
8209,S,21,162
8210,B,20,168
8211,S,5,176
8212,S,13,151
8213,B,34,149
8214,S,2,195
8215,B,21,122
8216,S,29,166
8217,B,16,132
8218,S,20,161
8219,S,10,179
8220,B,12,135
8221,B,45,149
8222,S,48,148
8223,B,2,131
8224,S,43,150
8225,B,38,140
8226,S,31,132
8227,S,37,129
8228,S,10,158
8229,S,8,159
8230,B,34,137
8231,B,20,166
8232,S,23,164
8233,S,49,141
8234,S,1,145
8235,S,32,167
8236,B,22,130
8237,B,9,140
8238,S,17,174
8239,S,10,150
8240,B,23,163
8241,B,22,112
8242,S,30,127
8243,B,20,131
8244,B,48,157
8245,S,43,152
8246,S,30,132
8247,S,40,153
8248,S,20,157
8249,B,33,148
8250,S,44,146
8251,B,13,103
8252,B,9,125
8253,S,42,150
8254,S,18,141
8255,B,37,124
8256,S,15,162
8257,B,28,168
8258,B,36,149
8259,S,46,136
8260,S,31,158
8261,S,34,164
8262,B,13,185
8263,B,25,175
8264,S,43,158
8265,B,24,168
8266,B,49,168
8267,B,30,148
8268,B,25,148
8269,S,22,158
8270,S,2,134
8271,S,10,160
8272,B,15,166
8273,S,8,168
8274,S,2,124
8275,B,11,124
8276,B,4,122
8277,B,46,155
8278,S,46,145
8279,S,4,161
8280,S,38,166
8281,S,46,110
8282,S,27,174
8283,S,21,161
8284,S,35,155
8285,B,29,167
8286,B,38,145
8287,B,21,151
8288,S,20,135
8289,S,33,138
8290,S,14,164
8291,S,36,174
8292,S,10,134
8293,B,44,160
8294,S,38,143
8295,S,44,155
8296,B,43,165
8297,B,41,182
8298,S,35,149
8299,B,10,131
8300,S,7,165
8301,B,2,128
8302,S,46,165
8303,B,8,151
8304,B,31,142
8305,B,38,152
8306,B,15,134
8307,B,18,163
8308,S,30,139
8309,B,16,133
8310,S,30,167
8311,S,34,155
8312,B,23,160
8313,S,1,150
8314,S,50,127
8315,B,43,159
8316,B,41,161
8317,B,44,158
8318,S,23,120
8319,B,42,162
8320,B,44,129
8321,B,34,147
8322,S,3,147
8323,S,24,138
8324,B,5,155
8325,S,31,154
8326,B,49,136
8327,B,15,131
8328,S,35,156
8329,S,8,142
8330,S,50,140
8331,B,48,139
8332,B,29,136
8333,S,35,142
8334,B,41,156
8335,S,50,144
8336,S,17,139
8337,S,31,164
8338,S,15,175
8339,S,47,154
8340,S,5,176
8341,S,14,142
8342,B,49,137
8343,S,33,139
8344,B,32,160
8345,S,29,140
8346,B,10,131
8347,S,15,136
8348,B,50,112
8349,B,46,148
8350,B,22,168
8351,S,46,171
8352,S,15,119
8353,B,12,111
8354,S,48,175
8355,S,5,166
8356,S,16,142
8357,S,25,142
8358,B,20,181
8359,S,25,139
8360,S,47,146
8361,B,23,136
8362,S,41,129
8363,S,18,144
8364,B,22,136
8365,B,11,157
8366,B,26,170
8367,B,42,160
8368,S,49,155
8369,S,18,146
8370,S,46,126
8371,S,36,171
8372,B,19,141
8373,B,48,124
8374,B,9,130
8375,S,19,137
8376,B,2,175
8377,B,28,145
8378,S,37,174
8379,S,46,145
8380,B,27,173
8381,S,29,171
8382,S,27,168
8383,S,28,167
8384,B,48,202
8385,S,16,150
8386,S,3,167
8387,B,9,183
8388,B,18,132
8389,B,5,112
8390,B,36,144
8391,B,27,110
8392,S,7,135
8393,S,29,169
8394,B,18,140
8395,S,8,169
8396,S,14,144
8397,B,50,170
8398,S,26,162
8399,S,28,155
8400,S,4,167
8401,B,36,171
8402,S,25,151
8403,B,5,175
8404,S,40,148
8405,S,23,129
8406,B,29,139
8407,S,17,137
8408,B,14,149
8409,S,1,154
8410,B,5,149
8411,B,18,136
8412,S,36,160
8413,S,31,145
8414,B,15,164
8415,B,20,180
8416,S,5,151
8417,S,24,112
8418,S,6,132
8419,S,44,167
8420,S,10,143
8421,S,6,177
8422,B,30,148
8423,S,38,176
8424,S,45,152
8425,B,19,158
8426,B,29,139
8427,S,42,144
8428,S,4,134
8429,S,33,158
8430,B,35,172
8431,S,16,159
8432,B,21,142
8433,B,5,168
8434,S,27,152
8435,B,41,167
8436,B,36,152
8437,B,36,149
8438,S,26,167
8439,S,28,162
8440,S,4,168
8441,S,42,168
8442,B,38,160
8443,B,16,162
8444,B,46,142
8445,B,1,158
8446,S,4,159
8447,B,33,152
8448,S,45,179
8449,S,45,121
8450,B,9,135
8451,B,19,120
8452,B,2,172
8453,S,27,165
8454,S,17,163
8455,S,48,153
8456,B,26,193
8457,S,16,155
8458,B,9,161
8459,B,9,135
8460,S,15,195
8461,B,12,161
8462,B,42,164
8463,B,7,154
8464,B,14,154
8465,S,35,144
8466,S,13,155
8467,B,42,169
8468,B,8,138
8469,B,11,164
8470,B,27,149
8471,S,22,139
8472,B,26,152
8473,S,50,159
8474,S,1,138
8475,B,17,140
8476,S,48,139
8477,B,47,155
8478,S,41,150
8479,S,41,175
8480,B,41,147
8481,S,12,169
8482,S,50,157
8483,B,22,138
8484,B,26,192
8485,S,22,149
8486,B,25,147
8487,B,24,175
8488,B,40,162
8489,S,27,137
8490,S,24,163
8491,B,16,160
8492,S,11,164
8493,S,29,131
8494,S,47,163
8495,S,43,143
8496,B,45,140
8497,S,9,166
8498,S,13,150
8499,S,32,141
8500,B,6,146
8501,B,42,163
8502,S,27,165
8503,B,48,132
8504,B,43,145
8505,S,27,159
8506,S,43,134
8507,B,27,150
8508,B,19,135
8509,S,38,162
8510,B,49,131
8511,B,27,133
8512,B,33,143
8513,B,7,158
8514,S,13,164
8515,S,6,139
8516,B,14,151
8517,S,9,168
8518,S,50,171
8519,B,7,158
8520,S,31,135
8521,B,36,146
8522,B,14,141
8523,B,9,158
8524,B,13,165
8525,S,50,148
8526,S,18,139
8527,B,48,158
8528,B,23,132
8529,S,14,165
8530,B,48,136
8531,S,1,140
8532,B,33,135
8533,B,43,162
8534,B,25,156
8535,S,37,164
8536,S,44,163
8537,B,27,158
8538,B,8,152
8539,B,7,160
8540,S,50,161
8541,B,8,159
8542,S,39,152
8543,S,47,139
8544,B,15,150
8545,B,18,144
8546,S,27,157
8547,S,43,183
8548,B,7,162
8549,S,3,147
8550,S,5,155
8551,S,32,153
8552,B,35,197
8553,B,7,161
8554,S,42,162
8555,B,50,151
8556,B,11,162
8557,B,10,154
8558,S,26,171
8559,B,48,123
8560,B,16,165
8561,S,10,136
8562,B,17,175
8563,S,20,143
8564,S,14,188
8565,S,13,117
8566,B,37,129
8567,B,32,160
8568,B,4,155
8569,B,21,168
8570,S,6,169
8571,S,8,164
8572,B,7,169
8573,S,2,132
8574,B,1,144
8575,B,34,166
8576,B,35,148
8577,S,41,157
8578,S,45,137
8579,B,50,180
8580,B,33,167
8581,S,32,147
8582,S,39,146
8583,B,16,165
8584,B,20,171
8585,B,43,155
8586,S,19,164
8587,B,16,164
8588,B,4,159
8589,B,46,158
8590,B,22,162
8591,B,27,157
8592,S,5,159
8593,S,36,148
8594,S,21,155
8595,B,49,137
8596,S,1,148
8597,B,41,118
8598,S,5,145
8599,S,38,173
8600,S,23,117
8601,S,25,146
8602,S,39,108
8603,B,4,148
8604,B,41,136
8605,S,28,165
8606,S,26,137
8607,B,24,168
8608,S,10,152
8609,B,29,138
8610,B,9,136
8611,S,26,154
8612,S,1,165
8613,S,2,152
8614,B,42,176
8615,S,8,165
8616,B,33,178
8617,S,12,151
8618,S,29,173
8619,B,1,156
8620,B,27,191
8621,S,35,142
8622,B,49,129
8623,B,32,110
8624,B,27,148
8625,B,13,150
8626,B,43,172
8627,B,9,171
8628,B,12,155
8629,B,19,157
8630,B,10,134
8631,B,23,146
8632,S,3,162
8633,S,29,152
8634,B,7,154
8635,B,16,181
8636,S,50,136
8637,S,13,126
8638,S,10,185
8639,B,50,143
8640,B,28,152
8641,S,8,149
8642,S,3,168
8643,S,34,145
8644,B,2,184
8645,B,2,156
8646,S,46,160
8647,S,16,157
8648,S,49,162
8649,B,49,156
8650,B,31,161
8651,S,30,145
8652,S,36,148
8653,B,12,129
8654,B,40,136
8655,B,2,133
8656,S,36,152
8657,B,44,164
8658,B,8,131
8659,B,7,154
8660,B,46,159
8661,S,17,131
8662,B,37,157
8663,B,21,136
8664,S,32,114
8665,S,38,138
8666,S,49,149
8667,S,12,147
8668,B,28,160
8669,B,45,132
8670,S,39,145
8671,S,1,157
8672,S,22,154
8673,S,30,152
8674,B,24,153
8675,S,3,175
8676,B,27,143
8677,B,15,155
8678,S,38,147
8679,B,9,145
8680,S,18,151
8681,B,31,153
8682,S,40,143
8683,S,19,144
8684,S,32,142
8685,B,21,175
8686,B,16,128
8687,B,17,146
8688,B,50,154
8689,B,18,167
8690,B,8,143
8691,S,22,152
8692,B,7,164
8693,S,35,145
8694,S,38,145
8695,B,25,161
8696,B,25,160
8697,B,11,133
8698,S,16,158
8699,B,15,164
8700,B,39,140
8701,S,23,141
8702,B,21,176
8703,B,34,138
8704,S,9,152
8705,S,26,162
8706,B,39,169
8707,B,29,137
8708,B,11,160
8709,B,9,157
8710,B,35,145
8711,B,8,165
8712,S,26,142
8713,S,39,132
8714,B,1,105
8715,S,15,157
8716,B,14,161
8717,B,15,127
8718,B,50,137
8719,S,1,150
8720,B,43,159
8721,B,7,163
8722,B,40,144
8723,B,32,142
8724,S,4,155
8725,B,12,153
8726,S,12,137
8727,S,25,156
8728,S,48,148
8729,S,23,145
8730,S,40,166
8731,B,15,150
8732,B,47,144
8733,B,9,175
8734,B,41,163
8735,S,30,157
8736,B,29,147
8737,S,16,164
8738,S,40,175
8739,S,49,152
8740,S,7,157
8741,B,43,170
8742,S,27,166
8743,S,22,147
8744,B,42,138
8745,S,5,168
8746,B,36,169
8747,B,45,153
8748,S,43,145
8749,B,47,151
8750,B,44,156
8751,B,26,159
8752,S,29,134
8753,B,25,134
8754,S,16,143
8755,B,10,142
8756,B,23,147
8757,B,5,143
8758,B,47,135
8759,S,42,165
8760,S,6,122
8761,B,19,167
8762,B,3,142
8763,B,48,144
8764,B,16,137
8765,B,16,154
8766,B,23,153
8767,S,25,161
8768,B,35,162
8769,S,7,162
8770,S,44,145
8771,S,27,142
8772,S,22,122
8773,B,34,137
8774,B,18,157
8775,B,25,152
8776,S,19,158
8777,B,28,164
8778,S,24,170
8779,B,10,127
8780,S,23,155
8781,B,16,161
8782,S,26,164
8783,S,49,146
8784,S,17,119
8785,S,33,123
8786,S,18,142
8787,S,46,145
8788,S,27,152
8789,B,21,147
8790,B,37,169
8791,S,21,145
8792,S,8,137
8793,B,44,147
8794,B,49,167
8795,S,27,131
8796,S,48,166
8797,S,45,183
8798,B,14,135
8799,S,44,137
8800,S,37,154
8801,B,20,146
8802,S,1,165
8803,B,10,134
8804,B,36,145
8805,B,19,167
8806,S,30,174
8807,B,24,146
8808,B,42,158
8809,B,30,141
8810,B,34,156
8811,B,6,171
8812,S,10,128
8813,B,13,157
8814,S,45,131
8815,B,37,126
8816,S,26,140
8817,S,26,172
8818,S,41,160
8819,B,43,151
8820,B,34,165
8821,S,13,129
8822,B,10,184
8823,B,4,179
8824,S,25,138
8825,S,50,150
8826,B,28,157
8827,S,44,174
8828,S,11,176
8829,S,32,154
8830,B,22,145
8831,S,39,136
8832,S,39,174
8833,B,2,131
8834,S,46,161
8835,B,8,144
8836,B,49,163
8837,B,37,167
8838,B,1,130
8839,B,7,170
8840,S,23,148
8841,B,35,157
8842,B,33,154
8843,B,19,168
8844,S,4,147
8845,S,16,146
8846,B,33,141
8847,S,5,162
8848,B,41,155
8849,B,18,142
8850,B,23,134
8851,B,13,152
8852,B,26,148
8853,S,25,148
8854,S,29,134
8855,S,3,156
8856,B,10,170
8857,S,43,145
8858,B,45,133
8859,B,31,162
8860,B,34,143
8861,S,28,153
8862,S,31,165
8863,S,29,163
8864,S,13,129
8865,B,11,139
8866,S,47,178
8867,S,2,162
8868,S,24,168
8869,B,17,146
8870,S,23,147
8871,S,21,146
8872,S,16,145
8873,S,16,132
8874,B,49,132
8875,B,19,140
8876,B,7,133
8877,S,50,164
8878,S,44,148
8879,S,35,154
8880,S,32,164
8881,B,1,143
8882,B,22,176
8883,B,11,151
8884,S,28,161
8885,B,17,173
8886,S,48,163
8887,B,11,156
8888,S,20,163
8889,S,7,163
8890,B,13,169
8891,B,35,151
8892,S,1,167
8893,S,49,167
8894,B,11,128
8895,S,31,142
8896,S,49,126
8897,B,8,157
8898,S,47,155
8899,S,42,156
8900,S,4,158
8901,B,29,175
8902,B,10,153
8903,S,10,154
8904,B,14,147
8905,B,23,162
8906,S,29,163
8907,S,7,131
8908,S,38,171
8909,S,7,141
8910,S,23,136
8911,S,26,165
8912,S,40,146
8913,S,34,152
8914,B,2,159
8915,B,40,175
8916,S,19,170
8917,B,44,179
8918,S,50,144
8919,S,40,137
8920,B,6,159
8921,B,49,147
8922,S,1,151
8923,S,2,171
8924,S,16,144
8925,S,4,134
8926,B,38,137
8927,B,6,173
8928,S,3,173
8929,B,26,155
8930,B,3,147
8931,B,26,152
8932,S,43,128
8933,S,30,141
8934,S,14,126
8935,B,21,133
8936,S,23,126
8937,S,6,149
8938,B,31,165
8939,B,17,162
8940,S,33,152
8941,S,41,182
8942,S,16,164
8943,B,2,132
8944,B,32,191
8945,B,43,177
8946,S,34,143
8947,B,20,154
8948,S,38,139
8949,B,47,147
8950,S,3,144
8951,B,45,139
8952,B,4,165
8953,B,20,152
8954,S,38,153
8955,B,36,137
8956,S,32,145
8957,B,26,177
8958,B,45,146
8959,B,16,119
8960,S,14,173
8961,S,39,133
8962,B,4,152
8963,B,47,144
8964,B,39,134
8965,B,5,140
8966,S,20,126
8967,B,12,147
8968,B,5,131
8969,S,35,182
8970,B,48,147
8971,B,4,147
8972,S,27,144
8973,S,6,130
8974,B,35,152
8975,B,33,135
8976,B,41,155
8977,S,34,156
8978,B,49,125
8979,S,50,185
8980,S,50,183
8981,S,1,124
8982,S,6,159
8983,B,23,144
8984,B,1,139
8985,S,32,128
8986,B,19,134
8987,B,7,137
8988,B,28,150
8989,B,31,142
8990,S,2,149
8991,B,26,136
8992,S,7,129
8993,S,31,160
8994,S,34,155
8995,B,27,144
8996,B,43,133
8997,S,2,158
8998,B,50,148
8999,B,30,135
9000,S,28,154
9001,S,28,158
9002,S,1,127
9003,B,29,148
9004,S,21,163
9005,B,12,158
9006,B,16,131
9007,S,37,154
9008,B,31,159
9009,S,30,160
9010,B,32,113
9011,S,19,166
9012,B,36,141
9013,S,48,147
9014,B,46,136
9015,S,8,181
9016,S,25,178
9017,S,31,173
9018,B,9,117
9019,S,26,134
9020,S,29,156
9021,B,42,132
9022,B,28,157
9023,B,4,139
9024,S,39,150
9025,B,17,149
9026,S,34,132
9027,S,36,138
9028,S,4,140
9029,B,42,164
9030,B,2,153
9031,B,7,130
9032,B,42,149
9033,S,41,152
9034,B,49,141
9035,B,26,150
9036,S,15,156
9037,B,27,158
9038,B,2,159
9039,S,11,131
9040,B,41,187
9041,B,2,153
9042,B,25,160
9043,S,9,126
9044,S,24,144
9045,B,31,131
9046,S,21,173
9047,S,45,149
9048,B,20,159
9049,S,43,126
9050,S,32,168
9051,S,4,137
9052,S,14,133
9053,S,42,145
9054,S,17,150
9055,S,47,164
9056,B,36,146
9057,S,23,171
9058,B,33,135
9059,B,19,124
9060,B,42,132
9061,S,41,121
9062,B,14,167
9063,S,26,128
9064,S,2,139
9065,S,31,149
9066,S,33,149
9067,S,16,150
9068,B,50,153
9069,B,43,128
9070,S,47,140
9071,S,39,179
9072,S,2,153
9073,S,21,147
9074,B,39,135
9075,B,35,168
9076,S,1,143
9077,B,30,155
9078,B,49,144
9079,B,37,183
9080,B,48,145
9081,S,10,135
9082,S,23,147
9083,B,16,176
9084,B,36,158
9085,S,8,153
9086,S,45,158
9087,B,20,152
9088,S,36,159
9089,B,20,151
9090,B,9,133
9091,S,39,176
9092,S,44,153
9093,B,15,127
9094,S,22,129
9095,B,6,131
9096,B,23,158
9097,B,18,157
9098,B,30,142
9099,S,10,156
9100,S,12,158
9101,S,8,138
9102,B,34,133
9103,B,36,147
9104,S,6,142
9105,S,41,161
9106,S,41,177
9107,B,38,146
9108,B,43,147
9109,S,23,155
9110,S,45,141
9111,S,45,171
9112,B,31,164
9113,B,35,143
9114,B,29,141
9115,S,25,155
9116,B,6,158
9117,S,31,150
9118,S,49,173
9119,B,49,145
9120,S,49,150
9121,S,2,157
9122,S,42,132
9123,S,26,147
9124,B,4,171
9125,S,37,152
9126,B,16,175
9127,B,16,164
9128,S,32,165
9129,B,20,145
9130,S,40,163
9131,B,9,153
9132,S,7,129
9133,B,49,158
9134,B,50,148
9135,B,20,161
9136,S,19,154
9137,B,4,145
9138,B,26,131
9139,S,24,170
9140,B,12,155
9141,B,7,144
9142,B,50,149
9143,S,29,167
9144,S,5,130
9145,B,46,154
9146,S,19,149
9147,S,13,153
9148,B,42,127
9149,S,16,147
9150,S,6,161
9151,B,44,140
9152,B,31,140
9153,B,44,133
9154,B,44,143
9155,B,44,164
9156,S,22,138
9157,B,29,141
9158,B,28,161
9159,B,44,136
9160,B,32,149
9161,B,40,126
9162,B,16,161
9163,S,37,167
9164,B,44,154
9165,S,28,134
9166,S,9,153
9167,S,32,152
9168,B,39,138
9169,B,24,154
9170,B,4,161
9171,B,12,154
9172,B,48,165
9173,B,36,166
9174,S,14,146
9175,S,41,149
9176,S,21,157
9177,S,29,144
9178,S,4,171
9179,S,1,156
9180,B,30,147
9181,S,20,173
9182,B,16,127
9183,S,35,145
9184,B,36,180
9185,B,29,159
9186,B,21,177
9187,B,16,163
9188,B,35,149
9189,S,11,155
9190,B,43,161
9191,B,24,150
9192,B,48,162
9193,B,44,173
9194,B,34,166
9195,B,47,135
9196,S,16,155
9197,B,42,178
9198,S,39,175
9199,B,30,149
9200,S,12,141
9201,B,3,137
9202,B,45,146
9203,B,50,155
9204,B,30,182
9205,B,28,143
9206,B,2,148
9207,S,7,164
9208,B,24,150
9209,B,49,152
9210,B,6,165
9211,S,42,137
9212,S,27,127
9213,S,10,177
9214,S,8,142
9215,B,30,162
9216,S,29,139
9217,B,45,150
9218,S,16,150
9219,S,26,121
9220,B,25,160
9221,S,35,161
9222,B,32,163
9223,B,30,145
9224,B,34,160
9225,S,48,177
9226,S,47,152
9227,B,14,146
9228,S,20,131
9229,S,26,117
9230,S,47,157
9231,B,1,164
9232,S,30,157
9233,S,50,148
9234,B,43,146
9235,B,24,142
9236,B,39,147
9237,S,35,160
9238,S,17,159
9239,S,2,183
9240,S,37,139
9241,S,38,159
9242,S,36,159
9243,B,1,145
9244,B,44,148
9245,B,26,160
9246,B,23,148
9247,B,48,144
9248,B,39,154
9249,B,43,127
9250,B,22,145
9251,B,18,151
9252,B,25,161
9253,B,38,153
9254,B,9,164
9255,B,18,158
9256,S,6,157
9257,B,29,157
9258,S,31,133
9259,S,44,126
9260,S,47,126
9261,S,37,146
9262,S,29,166
9263,B,21,138
9264,B,32,157
9265,B,8,147
9266,S,22,135
9267,S,23,146
9268,B,7,132
9269,B,28,144
9270,B,44,129
9271,S,27,151
9272,B,7,163
9273,B,39,159
9274,S,23,164
9275,S,12,148
9276,S,39,166
9277,S,14,162
9278,S,6,165
9279,B,34,141
9280,B,11,118
9281,B,8,176
9282,B,5,148
9283,S,32,148
9284,S,11,159
9285,B,25,171
9286,B,27,157
9287,B,16,128
9288,B,22,121
9289,S,38,156
9290,B,45,150
9291,B,16,145
9292,S,48,140
9293,S,24,132
9294,S,27,136
9295,B,44,150
9296,B,47,167
9297,B,39,174
9298,B,22,158
9299,B,29,160
9300,S,48,168
9301,B,21,159
9302,B,17,130
9303,S,27,129
9304,B,46,156
9305,B,46,146
9306,B,45,147
9307,S,15,152
9308,S,14,146
9309,S,21,155
9310,B,50,162
9311,B,39,158
9312,B,31,176
9313,S,34,151
9314,S,42,153
9315,S,45,129
9316,S,35,133
9317,S,9,170
9318,S,48,153
9319,B,45,148
9320,B,13,129
9321,S,42,155
9322,B,5,134
9323,B,14,159
9324,S,2,156
9325,S,45,165
9326,B,46,166
9327,S,1,165
9328,B,42,143
9329,B,48,170
9330,S,47,167
9331,B,4,162
9332,S,47,145
9333,B,28,140
9334,S,35,149
9335,B,42,152
9336,S,49,148
9337,S,10,159
9338,B,49,157
9339,S,1,160
9340,S,6,137
9341,B,43,155
9342,S,27,127
9343,S,1,115
9344,S,13,164
9345,B,13,161
9346,S,41,163
9347,B,20,153
9348,S,40,173
9349,B,33,149
9350,B,50,146
9351,B,2,154
9352,B,18,145
9353,B,48,162
9354,B,16,187
9355,S,25,158
9356,S,28,130
9357,B,50,159
9358,B,35,140
9359,S,6,145
9360,S,35,155
9361,B,39,153
9362,B,20,164
9363,B,18,127
9364,B,44,146
9365,B,33,164
9366,B,20,149
9367,B,16,160
9368,S,48,154
9369,S,28,164
9370,S,50,148
9371,S,19,132
9372,B,12,145
9373,S,40,174
9374,B,29,137
9375,S,14,145
9376,S,23,151
9377,B,49,147
9378,S,31,126
9379,B,16,131
9380,S,28,157
9381,S,21,131
9382,B,31,147
9383,S,22,156
9384,B,36,150
9385,B,1,158
9386,B,22,152
9387,S,9,123
9388,S,19,153
9389,S,43,162
9390,S,29,134
9391,S,30,148
9392,B,45,144
9393,B,28,154
9394,B,29,160
9395,B,6,156
9396,B,34,160
9397,S,46,148
9398,S,23,162
9399,S,28,159
9400,S,35,164
9401,S,2,150
9402,B,17,133
9403,B,14,165
9404,S,24,136
9405,S,37,113
9406,S,18,191
9407,S,49,155
9408,B,27,134
9409,B,32,129
9410,S,46,147
9411,S,12,158
9412,S,35,175
9413,B,22,162
9414,S,9,177
9415,S,4,177
9416,B,32,121
9417,S,48,143
9418,B,20,151
9419,B,41,119
9420,S,42,151
9421,S,37,139
9422,B,36,151
9423,B,43,135
9424,S,15,156
9425,B,47,167
9426,B,49,156
9427,B,29,151
9428,S,40,145
9429,B,1,146
9430,S,24,139
9431,B,46,136
9432,S,49,132
9433,S,4,155
9434,B,4,138
9435,B,48,160
9436,S,19,153
9437,B,41,162
9438,S,25,129
9439,B,15,165
9440,B,10,128
9441,B,15,145
9442,S,31,135
9443,B,29,156
9444,B,20,166
9445,S,23,123
9446,S,44,135
9447,S,9,154
9448,S,35,150
9449,S,45,165
9450,B,36,118
9451,S,32,148
9452,S,24,158
9453,S,44,112
9454,S,33,129
9455,S,9,121
9456,S,30,159
9457,S,2,137
9458,B,36,133
9459,S,19,153
9460,B,31,149
9461,S,30,159
9462,S,23,168
9463,B,20,160
9464,B,50,172
9465,B,42,162
9466,B,3,169
9467,B,37,157
9468,S,24,148
9469,S,23,123
9470,B,17,151
9471,S,16,162
9472,S,16,141
9473,S,12,137
9474,B,27,155
9475,S,3,144
9476,B,30,153
9477,B,37,147
9478,B,20,172
9479,S,27,160
9480,B,39,170
9481,S,21,161
9482,B,21,156
9483,B,48,154
9484,S,28,153
9485,B,20,138
9486,S,6,134
9487,S,33,153
9488,S,30,144
9489,S,26,139
9490,S,40,142
9491,B,48,148
9492,S,22,147
9493,S,2,136
9494,B,15,149
9495,B,1,159
9496,B,28,141
9497,S,2,146
9498,S,16,147
9499,S,12,167
9500,B,5,155
9501,B,6,152
9502,S,20,141
9503,S,16,159
9504,B,17,123
9505,S,47,141
9506,S,20,158
9507,B,1,164
9508,B,7,145
9509,B,48,160
9510,B,33,159
9511,S,42,145
9512,B,35,175
9513,S,27,110
9514,S,31,177
9515,S,7,136
9516,B,24,159
9517,B,33,155
9518,B,24,164
9519,B,18,151
9520,S,6,153
9521,S,14,132
9522,S,32,135
9523,S,22,132
9524,B,46,157
9525,B,11,133
9526,S,8,137
9527,S,30,174
9528,S,35,150
9529,B,7,141
9530,B,37,140
9531,B,36,174
9532,B,35,145
9533,B,17,103
9534,S,39,153
9535,B,20,157
9536,B,24,166
9537,S,48,162
9538,B,38,179
9539,B,12,146
9540,B,13,141
9541,S,6,149
9542,B,13,146
9543,B,6,165
9544,S,13,160
9545,B,5,141
9546,S,20,152
9547,S,1,160
9548,S,46,144
9549,B,4,152
9550,S,43,138
9551,S,21,165
9552,S,28,126
9553,B,48,166
9554,S,8,136
9555,B,39,178
9556,B,39,172
9557,S,22,178
9558,B,6,162
9559,B,2,154
9560,S,48,183
9561,S,42,144
9562,S,4,148
9563,B,11,144
9564,S,26,166
9565,B,27,168
9566,B,32,154
9567,S,41,155
9568,S,40,163
9569,S,10,173
9570,B,32,129
9571,B,48,146
9572,B,9,169
9573,S,32,151
9574,B,30,151
9575,B,46,131
9576,B,42,152
9577,S,18,153
9578,S,17,132
9579,B,36,134
9580,S,23,158
9581,B,19,147
9582,S,3,159
9583,S,44,172
9584,B,41,148
9585,S,2,142
9586,S,12,168
9587,B,17,155
9588,B,20,138
9589,S,17,157
9590,S,39,165
9591,S,3,146
9592,B,33,150
9593,S,28,156
9594,S,3,161
9595,B,25,147
9596,S,9,140
9597,B,33,140
9598,S,29,116
9599,S,23,143
9600,S,40,139
9601,B,5,119
9602,B,27,121
9603,B,9,174
9604,B,47,185
9605,B,36,119
9606,S,38,162
9607,S,43,151
9608,S,37,155
9609,B,14,146
9610,B,47,152
9611,S,34,157
9612,S,46,148
9613,S,20,131
9614,B,17,129
9615,S,37,137
9616,B,29,161
9617,B,36,147
9618,B,48,124
9619,S,31,134
9620,B,22,132
9621,B,9,129
9622,S,17,123
9623,S,41,151
9624,S,45,157
9625,B,38,138
9626,B,43,135
9627,B,11,166
9628,B,49,143
9629,B,34,118
9630,B,3,158
9631,S,33,162
9632,S,44,128
9633,S,32,161
9634,S,40,139
9635,S,18,136
9636,S,18,153
9637,S,37,140
9638,S,10,158
9639,B,15,135
9640,S,31,146
9641,S,23,145
9642,S,33,143
9643,S,18,145
9644,S,44,156
9645,B,46,149
9646,S,11,165
9647,S,29,147
9648,S,42,152
9649,B,40,121
9650,S,18,138
9651,S,23,156
9652,S,42,163
9653,S,20,156
9654,B,39,138
9655,S,16,140
9656,B,14,154
9657,S,48,148
9658,B,13,157
9659,B,6,153
9660,S,10,131
9661,B,18,140
9662,B,35,159
9663,B,20,159
9664,B,4,135
9665,S,28,152
9666,B,33,176
9667,B,18,142
9668,B,20,153
9669,B,5,140
9670,S,16,161
9671,S,34,138
9672,S,7,130
9673,S,21,165
9674,S,23,146
9675,B,38,181
9676,B,28,153
9677,S,18,147
9678,S,9,145
9679,B,41,144
9680,S,45,150
9681,S,40,135
9682,B,46,168
9683,S,27,164
9684,S,10,148
9685,S,48,116
9686,B,23,153
9687,S,47,156
9688,B,44,122
9689,S,30,140
9690,S,6,163
9691,B,25,137
9692,B,39,141
9693,S,26,155
9694,S,48,143
9695,S,1,141
9696,S,2,126
9697,S,22,140
9698,B,45,134
9699,B,39,123
9700,B,5,136
9701,B,37,154
9702,S,39,142
9703,B,22,175
9704,B,18,143
9705,B,34,136
9706,B,43,129
9707,S,18,148
9708,S,50,137
9709,S,38,155
9710,B,20,136
9711,S,42,152
9712,B,50,142
9713,S,35,140
9714,S,27,146
9715,B,10,144
9716,B,40,156
9717,B,32,140
9718,S,20,172
9719,B,23,142
9720,B,8,139
9721,B,43,163
9722,B,42,178
9723,S,30,173
9724,S,40,166
9725,S,16,130
9726,B,45,159
9727,S,9,130
9728,B,33,141
9729,S,26,161
9730,S,42,161
9731,S,20,158
9732,B,42,139
9733,S,30,158
9734,B,16,140
9735,B,35,141
9736,S,2,164
9737,S,32,147
9738,S,33,157
9739,B,42,138
9740,S,34,143
9741,S,41,155
9742,B,16,153
9743,B,48,135
9744,S,30,138
9745,B,17,154
9746,S,29,168
9747,B,17,102
9748,S,45,142
9749,B,19,135
9750,B,37,128
9751,S,3,142
9752,B,46,138
9753,S,3,150
9754,B,25,141
9755,B,2,152
9756,B,2,130
9757,B,49,155
9758,B,25,146
9759,S,37,152
9760,S,28,134
9761,B,34,142
9762,S,46,147
9763,B,8,156
9764,S,43,127
9765,S,29,138
9766,S,13,144
9767,S,32,137
9768,B,23,135
9769,S,3,167
9770,S,35,157
9771,B,18,153
9772,B,23,161
9773,B,49,148
9774,B,13,146
9775,B,39,146
9776,S,32,161
9777,S,40,143
9778,B,15,123
9779,S,31,162
9780,S,5,124
9781,S,34,160
9782,B,43,159
9783,B,43,174
9784,B,15,169
9785,S,50,138
9786,S,10,161
9787,S,2,134
9788,B,43,164
9789,S,16,148
9790,S,46,163
9791,B,10,116
9792,S,6,132
9793,B,44,159
9794,B,11,176
9795,B,17,143
9796,B,25,146
9797,B,7,158
9798,S,10,155
9799,S,40,132
9800,S,21,130
9801,S,17,166
9802,S,14,140
9803,B,24,160
9804,S,8,144
9805,B,50,183
9806,S,29,163
9807,B,33,158
9808,B,14,147
9809,B,45,142
9810,B,28,115
9811,S,50,163
9812,B,32,119
9813,B,17,143
9814,S,5,146
9815,S,43,142
9816,B,4,154
9817,B,8,163
9818,B,25,132
9819,B,13,157
9820,B,26,119
9821,S,30,148
9822,S,27,169
9823,S,28,156
9824,B,30,161
9825,S,10,148
9826,S,31,166
9827,B,41,150
9828,S,10,153
9829,B,19,156
9830,S,7,130
9831,S,37,142
9832,B,43,180
9833,B,25,159
9834,S,17,135
9835,S,30,128
9836,S,26,166
9837,B,21,163
9838,B,17,148
9839,B,37,148
9840,S,9,143
9841,S,43,141
9842,B,44,144
9843,B,8,131
9844,B,37,149
9845,B,13,136
9846,S,26,158
9847,S,1,150
9848,S,22,149
9849,B,5,157
9850,B,9,140
9851,S,11,139
9852,S,8,152
9853,S,37,142
9854,B,24,133
9855,S,33,144
9856,B,39,168
9857,B,13,172
9858,S,20,126
9859,B,44,143
9860,B,16,164
9861,S,6,150
9862,S,25,137
9863,B,50,181
9864,S,48,172
9865,B,20,171
9866,B,10,171
9867,B,13,136
9868,B,41,137
9869,S,37,144
9870,B,49,162
9871,S,7,144
9872,S,32,156
9873,B,13,147
9874,B,4,140
9875,S,5,165
9876,B,25,149
9877,B,22,185
9878,B,15,161
9879,S,14,147
9880,B,8,132
9881,S,49,156
9882,S,28,121
9883,B,1,158
9884,S,42,148
9885,S,44,163
9886,B,31,162
9887,B,3,132
9888,B,27,152
9889,S,22,162
9890,S,22,159
9891,B,50,143
9892,B,35,146
9893,B,38,162
9894,S,47,137
9895,B,8,109
9896,B,22,165
9897,S,11,149
9898,S,38,169
9899,S,38,156
9900,S,8,155
9901,B,7,135
9902,B,31,103
9903,S,20,155
9904,S,23,135
9905,S,22,167
9906,S,30,161
9907,B,11,166
9908,S,33,146
9909,S,18,141
9910,B,39,151
9911,S,44,130
9912,S,27,136
9913,B,28,148
9914,S,12,146
9915,S,5,126
9916,B,36,116
9917,S,3,146
9918,S,29,173
9919,S,30,129
9920,B,37,150
9921,S,10,140
9922,S,12,153
9923,S,5,167
9924,B,16,165
9925,S,8,155
9926,B,12,135
9927,B,27,145
9928,B,13,148
9929,B,4,159
9930,B,15,154
9931,S,18,170
9932,S,46,165
9933,B,25,152
9934,S,1,144
9935,S,40,128
9936,S,29,144
9937,S,21,142
9938,B,33,145
9939,S,16,146
9940,S,25,149
9941,S,17,145
9942,S,22,146
9943,B,7,167
9944,B,49,171
9945,B,17,145
9946,B,10,125
9947,B,21,179
9948,B,20,165
9949,B,24,148
9950,S,28,155
9951,S,35,134
9952,S,15,159
9953,B,11,152
9954,B,31,150
9955,B,6,156
9956,S,14,114
9957,B,35,136
9958,S,11,126
9959,S,13,140
9960,B,20,150
9961,S,27,159
9962,B,43,143
9963,S,20,147
9964,S,13,151
9965,B,35,151
9966,B,6,147
9967,B,12,151
9968,S,10,141
9969,B,10,171
9970,B,1,147
9971,B,47,128
9972,S,18,141
9973,B,26,161
9974,S,43,130
9975,B,4,146
9976,S,30,143
9977,S,42,154
9978,B,26,153
9979,S,17,136
9980,S,47,152
9981,S,4,154
9982,S,19,125
9983,B,13,144
9984,B,32,137
9985,B,16,144
9986,B,1,131
9987,S,4,164
9988,B,39,159
9989,B,15,140
9990,B,48,145
9991,S,33,153
9992,B,7,138
9993,S,3,139
9994,B,31,134
9995,B,2,143
9996,B,3,138
9997,B,36,166
9998,B,9,127
9999,B,15,143
10000,B,1,166
10001,S,37,147
10002,B,33,150
10003,B,38,130
10004,B,41,128
10005,S,21,182
10006,B,39,175
10007,S,6,163
10008,S,30,118
10009,S,30,126
10010,S,20,148
10011,B,20,143
10012,S,11,159
10013,S,9,132
10014,S,35,135
10015,B,45,139
10016,B,31,160
10017,S,16,170
10018,S,11,146
10019,S,20,134
10020,B,22,143
10021,S,40,143
10022,S,25,141
10023,S,31,149
10024,B,46,142
10025,S,15,163
10026,B,37,161
10027,B,49,132
10028,B,2,148
10029,S,9,168
10030,S,4,121
10031,B,47,155
10032,B,5,148
10033,S,45,149
10034,S,9,133
10035,S,11,152
10036,S,45,131
10037,B,9,168
10038,S,3,149
10039,B,27,159
10040,B,46,174
10041,S,41,158
10042,B,10,169
10043,S,16,138
10044,B,30,157
10045,B,12,147
10046,S,32,148
10047,S,27,155
10048,B,34,165
10049,S,9,135
10050,B,34,153
10051,S,29,163
10052,S,41,160
10053,B,49,167
10054,S,45,133
10055,S,31,135
10056,B,39,161
10057,B,11,149
10058,B,48,120
10059,S,30,164
10060,B,47,148
10061,B,10,151
10062,B,41,129
10063,B,28,139
10064,S,42,158
10065,S,20,137
10066,B,48,133
10067,S,21,155
10068,S,19,147
10069,B,42,146
10070,B,39,165
10071,B,47,165
10072,B,24,148
10073,S,37,134
10074,B,15,141
10075,S,38,141
10076,B,48,145
10077,B,45,179
10078,S,45,158
10079,B,22,165
10080,S,33,159
10081,B,15,177
10082,B,18,167
10083,S,16,152
10084,B,28,192
10085,S,7,164
10086,B,17,165
10087,B,41,171
10088,S,11,160
10089,B,16,176
10090,B,5,142
10091,S,4,161
10092,B,7,150
10093,B,32,158
10094,B,35,141
10095,S,4,161
10096,S,18,135
10097,B,10,133
10098,S,5,164
10099,B,38,145
10100,B,6,140
10101,B,21,160
10102,B,32,123
10103,B,38,148
10104,B,47,166
10105,S,2,127
10106,S,45,148
10107,S,40,140
10108,S,40,187
10109,S,8,133
10110,S,21,139
10111,S,32,122
10112,B,15,162
10113,B,33,141
10114,B,2,165
10115,S,8,148
10116,S,43,170
10117,S,46,172
10118,S,50,151
10119,B,30,158
10120,S,19,162
10121,B,4,145
10122,S,33,133
10123,S,43,136
10124,S,5,136
10125,S,13,141
10126,B,33,144
10127,B,48,135
10128,B,19,155
10129,S,47,154
10130,B,39,164
10131,B,32,130
10132,B,18,140
10133,S,43,148
10134,B,34,142
10135,B,27,157
10136,S,6,144
10137,S,27,126
10138,B,43,171
10139,S,22,149
10140,S,11,151
10141,S,31,131
10142,B,10,148
10143,S,11,150
10144,B,8,143
10145,S,29,108
10146,B,23,139
10147,S,19,138
10148,B,47,140
10149,B,35,152
10150,B,29,164
10151,S,7,155
10152,S,36,143
10153,B,27,160
10154,S,31,159
10155,S,37,143
10156,B,33,164
10157,S,29,145
10158,S,49,168
10159,S,7,158
10160,B,3,137
10161,S,43,156
10162,S,20,154
10163,B,49,141
10164,B,42,117
10165,S,14,149
10166,B,23,154
10167,S,28,150
10168,S,50,151
10169,S,46,140
10170,S,44,139
10171,B,7,151
10172,S,7,131
10173,B,27,151
10174,B,44,137
10175,B,1,164
10176,B,9,164
10177,S,19,167
10178,S,22,140
10179,S,38,170
10180,B,3,125
10181,B,37,149
10182,S,34,136
10183,S,9,160
10184,S,1,139
10185,B,50,160
10186,S,43,150
10187,B,2,161
10188,B,21,139
10189,B,40,144
10190,S,2,142
10191,S,45,143
10192,S,37,186
10193,S,21,179
10194,S,33,137
10195,S,45,158
10196,B,25,138
10197,B,10,164
10198,S,41,165
10199,S,4,172
10200,B,9,156
10201,B,19,160
10202,B,29,133
10203,B,12,168
10204,S,37,163
10205,B,17,157
10206,B,11,176
10207,B,22,136
10208,B,46,136
10209,B,12,158
10210,B,36,135
10211,S,50,142
10212,S,38,129
10213,S,13,152
10214,S,26,157
10215,S,36,154
10216,S,10,147
10217,B,17,158
10218,B,26,150
10219,B,47,169
10220,B,30,151
10221,B,20,167
10222,S,8,185
10223,B,45,159
10224,B,38,139
10225,B,17,160
10226,B,37,141
10227,S,1,143
10228,S,6,160
10229,B,7,156
10230,B,25,147
10231,B,20,121
10232,S,50,134
10233,B,19,160
10234,B,6,160
10235,S,6,148
10236,B,8,151
10237,B,20,132
10238,B,6,163
10239,B,11,146
10240,S,38,139
10241,B,20,138
10242,S,27,133
10243,B,37,155
10244,S,25,157
10245,S,7,124
10246,S,34,141
10247,B,5,135
10248,B,23,154
10249,S,18,161
10250,S,10,114
10251,S,21,156
10252,S,30,129
10253,S,2,134
10254,B,29,160
10255,S,17,196
10256,S,16,186
10257,B,46,151
10258,B,40,119
10259,S,6,175
10260,B,20,156
10261,B,1,136
10262,S,49,159
10263,S,23,151
10264,B,36,172
10265,B,23,141
10266,S,6,163
10267,B,6,143
10268,B,42,170
10269,S,19,150
10270,S,15,152
10271,S,3,141
10272,S,18,153
10273,S,19,149
10274,S,36,138
10275,S,50,153
10276,S,30,132
10277,B,42,149
10278,B,4,144
10279,S,30,154
10280,B,49,150
10281,B,42,134
10282,S,39,137
10283,B,13,180
10284,B,5,143
10285,S,7,152
10286,S,18,173
10287,B,11,109
10288,B,23,149
10289,S,38,162
10290,S,15,140
10291,S,43,153
10292,S,24,184
10293,B,15,147
10294,B,14,128
10295,B,24,153
10296,B,49,176
10297,B,20,133
10298,B,23,139
10299,B,47,160
10300,S,40,142
10301,S,42,113
10302,S,14,154
10303,S,49,198
10304,S,33,147
10305,S,46,142
10306,B,48,159
10307,S,34,146
10308,S,16,175
10309,B,31,119
10310,S,17,129
10311,B,16,143
10312,S,49,126
10313,S,39,138
10314,S,1,146
10315,S,24,151
10316,B,21,139
10317,S,39,152
10318,B,25,168
10319,B,22,166
10320,B,36,129
10321,B,24,167
10322,S,38,138
10323,S,1,159
10324,B,41,170
10325,S,24,142
10326,S,39,181
10327,B,17,151
10328,B,7,122
10329,S,26,154
10330,B,42,145
10331,B,22,156
10332,B,4,143
10333,B,4,144
10334,B,8,156
10335,B,6,124
10336,S,38,136
10337,S,13,157
10338,S,48,159
10339,B,9,112
10340,B,44,150
10341,B,42,149
10342,B,25,137
10343,B,49,148
10344,S,14,140
10345,B,4,151
10346,S,32,141
10347,S,41,134
10348,B,24,139
10349,S,47,139
10350,S,5,157
10351,B,9,153
10352,B,34,129
10353,S,19,163
10354,B,41,145
10355,B,2,151
10356,B,8,154
10357,S,39,161
10358,B,41,141
10359,B,27,154
10360,S,16,148
10361,B,15,151
10362,B,43,144
10363,B,22,126
10364,B,41,154
10365,S,30,132
10366,B,16,164
10367,S,38,178
10368,S,21,133
10369,B,12,137
10370,S,49,158
10371,S,17,169
10372,S,16,145
10373,S,50,139
10374,S,8,120
10375,B,20,149
10376,B,2,153
10377,B,21,166
10378,S,21,121
10379,S,39,154
10380,B,45,154
10381,B,50,117
10382,S,4,116
10383,B,23,143
10384,B,47,149
10385,S,25,148
10386,B,12,143
10387,S,26,151
10388,B,33,152
10389,S,5,160
10390,B,43,156
10391,S,30,162
10392,B,37,143
10393,B,39,111
10394,S,21,179
10395,S,5,146
10396,B,44,149
10397,B,5,166
10398,B,26,140
10399,S,1,151
10400,B,23,146
10401,S,42,135
10402,S,11,155
10403,S,36,145
10404,S,14,149
10405,B,1,141
10406,B,3,126
10407,B,37,179
10408,B,36,117
10409,B,33,115
10410,S,11,156
10411,B,3,182
10412,S,13,143
10413,B,11,133
10414,S,23,152
10415,S,35,166
10416,S,9,151
10417,B,5,151
10418,S,9,161
10419,S,17,134
10420,B,32,128
10421,S,49,159
10422,B,11,141
10423,S,23,140
10424,S,2,170
10425,S,6,163
10426,B,45,129
10427,S,46,148
10428,B,14,171
10429,B,1,172
10430,B,9,107
10431,B,16,174
10432,S,34,174
10433,B,1,156
10434,B,41,139
10435,S,13,130
10436,S,8,145
10437,S,50,159
10438,B,39,161
10439,B,27,134
10440,S,28,153
10441,S,36,165
10442,S,16,148
10443,B,1,137
10444,S,5,127
10445,B,25,173
10446,B,30,139
10447,B,2,155
10448,S,36,144
10449,B,7,174
10450,S,27,149
10451,S,10,143
10452,S,1,154
10453,B,19,142
10454,B,2,151
10455,S,40,151
10456,S,13,169
10457,B,22,164
10458,B,45,146
10459,B,45,136
10460,B,36,168
10461,B,21,170
10462,B,41,172
10463,S,16,148
10464,S,45,172
10465,S,32,138
10466,S,44,156
10467,B,39,162
10468,S,8,157
10469,S,50,152
10470,B,44,155
10471,S,12,138
10472,S,35,132
10473,B,26,156
10474,B,18,158
10475,B,16,192
10476,B,35,149
10477,B,46,189
10478,S,5,164
10479,S,9,163
10480,B,24,125
10481,S,45,130
10482,S,12,142
10483,B,21,138
10484,S,29,135
10485,S,39,144
10486,B,29,158
10487,B,2,156
10488,S,10,151
10489,S,17,133
10490,S,6,152
10491,S,1,127
10492,S,3,169
10493,B,23,146
10494,B,13,161
10495,S,46,174
10496,S,13,181
10497,S,30,162
10498,S,43,148
10499,B,1,145
10500,S,48,144
10501,B,48,182
10502,B,49,148
10503,S,37,131
10504,B,22,129
10505,S,4,154
10506,B,48,155
10507,S,10,172
10508,S,36,146
10509,S,33,112
10510,B,50,125
10511,B,37,143
10512,S,46,141
10513,B,42,157
10514,B,19,133
10515,S,18,153
10516,S,43,119
10517,S,20,158
10518,S,29,180
10519,S,38,175
10520,B,41,150
10521,S,19,142
10522,B,23,145
10523,B,45,166
10524,S,17,176
10525,B,22,155
10526,B,41,166
10527,B,30,141
10528,S,29,131
10529,B,44,172
10530,S,36,139
10531,B,25,169
10532,S,14,101
10533,S,44,142
10534,B,14,113
10535,B,29,153
10536,B,30,160
10537,S,7,123
10538,B,41,149
10539,B,32,153
10540,B,13,143
10541,B,46,156
10542,S,13,148
10543,S,38,161
10544,S,44,163
10545,B,47,164
10546,B,9,154
10547,S,21,175
10548,B,45,156
10549,S,8,159
10550,S,39,144
10551,B,13,144
10552,B,31,161
10553,S,5,148
10554,S,3,132
10555,B,46,160
10556,S,29,145
10557,B,10,163
10558,B,17,157
10559,B,13,152
10560,S,24,162
10561,S,31,148
10562,S,36,157
10563,B,43,156
10564,B,44,158
10565,B,27,148
10566,S,7,174
10567,B,11,155
10568,B,16,166
10569,B,24,140
10570,S,45,146
10571,S,16,165
10572,B,21,163
10573,S,38,144
10574,S,14,188
10575,S,28,162
10576,B,35,133
10577,S,14,150
10578,B,13,139
10579,B,17,136
10580,S,45,168
10581,B,26,154
10582,S,10,142
10583,S,37,108
10584,B,10,159
10585,B,37,171
10586,S,2,140
10587,S,7,160
10588,S,42,151
10589,S,2,146
10590,B,12,172
10591,B,4,144
10592,B,20,141
10593,B,30,145
10594,S,8,124
10595,S,12,131
10596,B,16,141
10597,B,38,147
10598,B,25,149
10599,B,8,141
10600,B,31,156
10601,B,11,141
10602,B,4,154
10603,B,10,148
10604,B,18,141
10605,B,30,137
10606,B,21,142
10607,S,48,169
10608,S,10,158
10609,B,26,119
10610,B,34,163
10611,B,6,169
10612,B,4,133
10613,S,17,159
10614,S,38,146
10615,S,9,136
10616,S,37,148
10617,S,45,150
10618,B,17,131
10619,S,10,125
10620,S,12,200
10621,S,30,121
10622,B,17,134
10623,S,32,155
10624,S,45,151
10625,S,27,150
10626,S,4,134
10627,S,6,152
10628,B,39,165
10629,S,10,140
10630,S,39,160
10631,B,33,165
10632,B,5,168
10633,S,17,136
10634,B,13,149
10635,S,5,150
10636,S,46,165
10637,S,35,153
10638,B,42,152
10639,S,25,144
10640,S,37,190
10641,S,41,150
10642,B,13,162
10643,B,12,166
10644,S,16,165
10645,S,44,167
10646,S,2,163
10647,B,37,158
10648,B,17,169
10649,B,34,147
10650,S,31,173
10651,B,45,150
10652,S,24,118
10653,B,3,153
10654,S,4,143
10655,S,19,151
10656,B,36,148
10657,S,47,160
10658,S,10,136
10659,S,27,141
10660,B,5,144
10661,B,3,138
10662,B,7,166
10663,S,36,155
10664,S,24,159
10665,B,10,152
10666,S,11,140
10667,B,46,133
10668,B,44,152
10669,B,40,150
10670,S,39,136
10671,S,18,166
10672,S,22,140
10673,B,39,131
10674,S,29,137
10675,S,17,177
10676,B,44,142
10677,S,43,162
10678,B,19,156
10679,B,23,152
10680,B,44,146
10681,S,6,152
10682,B,40,153
10683,B,29,185
10684,S,37,154
10685,S,25,136
10686,B,50,149
10687,B,34,118
10688,S,30,136
10689,S,39,171
10690,B,40,156
10691,S,34,133
10692,B,3,147
10693,B,14,170
10694,S,48,141
10695,B,44,150
10696,S,2,139
10697,S,14,154
10698,B,21,149
10699,B,29,175
10700,B,45,156
10701,B,45,154
10702,S,35,159
10703,S,27,122
10704,S,43,166
10705,S,39,138
10706,B,23,152
10707,S,8,145
10708,B,47,171
10709,B,42,157
10710,S,1,140
10711,B,10,123
10712,B,10,141
10713,S,40,137
10714,S,22,146
10715,S,19,143
10716,B,31,158
10717,B,46,134
10718,B,19,179
10719,S,44,144
10720,S,29,136
10721,S,25,138
10722,B,30,144
10723,B,31,169
10724,S,12,132
10725,B,17,110
10726,S,22,158
10727,B,18,155
10728,S,12,157
10729,S,29,130
10730,S,42,137
10731,S,38,138
10732,S,18,163
10733,S,33,145
10734,S,5,169
10735,B,18,133
10736,B,9,165
10737,B,27,164
10738,B,28,136
10739,B,45,114
10740,S,45,127
10741,B,17,190
10742,S,2,164
10743,B,10,139
10744,S,19,160
10745,S,39,135
10746,B,23,127
10747,S,8,162
10748,B,26,165
10749,B,46,148
10750,B,4,147
10751,S,2,139
10752,S,2,144
10753,S,15,160
10754,B,9,144
10755,S,41,155
10756,S,29,150
10757,B,42,155
10758,S,42,164
10759,B,19,156
10760,S,27,121
10761,B,5,158
10762,B,35,154
10763,B,32,154
10764,B,49,134
10765,B,26,144
10766,S,20,170
10767,S,40,161
10768,S,23,135
10769,S,21,149
10770,S,11,180
10771,B,22,167
10772,B,43,158
10773,S,28,154
10774,B,40,161
10775,S,25,143
10776,S,11,158
10777,S,29,166
10778,B,6,148
10779,B,44,154
10780,B,30,157
10781,B,47,133
10782,B,2,152
10783,B,28,159
10784,S,9,108
10785,S,48,144
10786,S,35,142
10787,S,12,148
10788,S,25,160
10789,B,47,163
10790,B,31,161
10791,S,36,164
10792,B,6,158
10793,B,27,136
10794,B,15,145
10795,S,41,141
10796,S,41,160
10797,S,31,127
10798,B,13,141
10799,B,29,163
10800,S,4,134
10801,S,22,130
10802,B,38,142
10803,S,14,162
10804,B,15,174
10805,B,11,141
10806,S,2,161
10807,S,46,125
10808,B,47,151
10809,B,22,146
10810,S,34,133
10811,B,38,178
10812,S,42,183
10813,B,19,123
10814,B,36,164
10815,B,24,160
10816,S,26,131
10817,S,15,127
10818,S,22,174
10819,S,39,113
10820,B,33,139
10821,S,48,187
10822,S,12,139
10823,B,40,150
10824,B,35,159
10825,S,23,148
10826,S,1,164
10827,S,11,142
10828,B,21,145
10829,S,11,140
10830,S,2,147
10831,S,14,167
10832,B,4,181
10833,B,16,168
10834,B,33,146
10835,S,6,140
10836,S,23,157
10837,S,36,158
10838,B,50,137
10839,B,3,178
10840,B,14,164
10841,B,30,145
10842,S,26,155
10843,S,2,142
10844,B,11,139
10845,S,5,138
10846,S,28,163
10847,S,30,144
10848,S,37,139
10849,S,40,164
10850,S,22,153
10851,S,42,149
10852,B,37,144
10853,B,29,136
10854,B,19,146
10855,B,36,164
10856,B,45,125
10857,S,9,125
10858,S,30,172
10859,B,50,177
10860,B,5,140
10861,B,6,158
10862,S,19,157
10863,S,21,137
10864,B,43,159
10865,B,31,154
10866,S,30,153
10867,B,2,119
10868,B,47,148
10869,S,44,155
10870,B,11,167
10871,S,19,181
10872,B,13,149
10873,S,15,141
10874,S,2,134
10875,S,6,129
10876,B,36,152
10877,B,24,144
10878,B,38,138
10879,B,46,166
10880,B,39,144
10881,S,6,177
10882,B,10,157
10883,S,20,129
10884,S,39,169
10885,B,8,151
10886,B,47,158
10887,B,17,127
10888,S,39,140
10889,S,45,152
10890,B,27,162
10891,B,12,140
10892,S,8,152
10893,B,10,178
10894,B,45,153
10895,B,33,129
10896,B,19,154
10897,S,36,150
10898,B,39,160
10899,B,36,166
10900,B,20,130
10901,S,11,139
10902,B,44,164
10903,B,33,163
10904,B,21,159
10905,S,36,154
10906,B,15,181
10907,S,41,171
10908,S,46,104
10909,B,31,153
10910,B,45,172
10911,B,40,152
10912,B,31,170
10913,S,3,133
10914,S,16,151
10915,B,11,147
10916,B,18,154
10917,S,38,106
10918,S,5,116
10919,S,34,166
10920,S,46,152
10921,S,30,136
10922,S,46,150
10923,S,10,141
10924,B,48,163
10925,B,8,157
10926,S,32,160
10927,B,6,152
10928,B,49,137
10929,S,2,179
10930,B,25,151
10931,B,4,130
10932,S,1,137
10933,S,39,160
10934,S,26,133
10935,S,44,162
10936,B,50,155
10937,B,14,144
10938,S,48,166
10939,S,34,156
10940,B,5,154
10941,S,42,131
10942,B,12,141
10943,B,20,146
10944,B,26,165
10945,S,35,128
10946,S,35,142
10947,B,40,180
10948,B,47,151
10949,B,37,164
10950,S,21,157
10951,B,44,167
10952,S,18,137
10953,S,21,146
10954,B,37,156
10955,S,2,175
10956,B,11,166
10957,B,28,141
10958,S,36,118
10959,S,13,141
10960,S,13,171
10961,B,16,130
10962,B,27,173
10963,S,29,155
10964,S,18,135
10965,S,48,148
10966,S,26,161
10967,B,32,146
10968,B,7,160
10969,S,22,161
10970,S,31,165
10971,S,3,138
10972,B,1,149
10973,B,8,168
10974,S,29,150
10975,B,35,156
10976,B,45,144
10977,S,5,127
10978,B,7,137
10979,S,25,158
10980,B,5,170
10981,B,34,126
10982,B,22,130
10983,S,22,165
10984,S,17,140
10985,B,48,160
10986,S,33,139
10987,S,50,150
10988,B,18,144
10989,B,13,150
10990,S,41,166
10991,S,18,134
10992,S,27,158
10993,S,2,139
10994,B,6,150
10995,B,39,152
10996,S,32,145
10997,B,15,144
10998,S,18,155
10999,B,45,134
11000,B,50,136
11001,S,48,130
11002,B,35,136
11003,S,43,162
11004,B,44,162
11005,S,2,145
11006,B,39,149
11007,B,27,176
11008,S,13,157
11009,S,45,152
11010,S,2,166
11011,B,18,130
11012,S,48,141
11013,S,30,146
11014,B,32,166
11015,S,46,152
11016,S,12,156
11017,S,17,145
11018,S,37,139
11019,S,19,140
11020,B,49,172
11021,S,45,114
11022,S,22,154
11023,B,33,143
11024,B,48,157
11025,B,42,149
11026,S,38,154
11027,S,45,162
11028,S,44,141
11029,B,27,144
11030,B,28,123
11031,S,47,141
11032,S,44,145
11033,B,4,128
11034,B,7,134
11035,B,44,156
11036,S,26,141
11037,B,48,140
11038,B,50,162
11039,S,36,153
11040,S,19,179
11041,B,41,168
11042,B,10,145
11043,B,41,163
11044,B,31,128
11045,S,26,152
11046,S,43,133
11047,B,4,141
11048,B,18,139
11049,S,46,157
11050,S,34,155
11051,B,47,154
11052,B,30,165
11053,B,44,124
11054,S,1,172
11055,S,47,161
11056,B,5,162
11057,S,26,160
11058,S,6,149
11059,B,38,174
11060,B,24,168
11061,S,12,157
11062,S,47,162
11063,S,46,138
11064,B,43,154
11065,S,19,222
11066,S,36,145
11067,B,41,151
11068,B,7,145
11069,B,6,158
11070,B,11,141
11071,S,31,147
11072,B,27,133
11073,B,10,135
11074,S,14,135
11075,B,37,168
11076,S,26,135
11077,B,7,154
11078,B,48,155
11079,S,1,141
11080,B,32,124
11081,B,34,159
11082,S,28,170
11083,B,11,139
11084,B,49,121
11085,B,37,150
11086,B,10,148
11087,S,32,162
11088,S,44,121
11089,B,40,142
11090,S,19,133
11091,S,22,174
11092,S,31,147
11093,S,24,157
11094,S,11,167
11095,B,29,161
11096,S,1,130
11097,B,13,150
11098,S,10,146
11099,B,12,157
11100,S,15,165
11101,B,14,148
11102,B,17,158
11103,S,11,138
11104,S,1,160
11105,B,30,147
11106,S,25,151
11107,B,22,146
11108,B,42,137
11109,B,18,156
11110,S,8,136
11111,B,22,160
11112,B,38,129
11113,B,4,152
11114,S,26,167
11115,S,39,124
11116,B,15,156
11117,B,17,166
11118,B,45,171
11119,S,11,179
11120,B,15,119
11121,S,44,157
11122,B,14,160
11123,B,3,173
11124,B,50,159
11125,B,1,128
11126,S,3,156
11127,B,48,158
11128,S,15,160
11129,B,44,151
11130,B,33,137
11131,B,35,136
11132,S,6,136
11133,B,24,166
11134,S,1,166
11135,S,30,137
11136,B,46,131
11137,S,49,157
11138,B,43,134
11139,S,35,152
11140,B,25,167
11141,S,24,136
11142,S,45,141
11143,B,7,173
11144,S,15,127
11145,S,40,152
11146,B,14,147
11147,B,41,151
11148,S,39,163
11149,S,34,188
11150,S,9,141
11151,B,41,142
11152,B,39,153
11153,S,44,166
11154,B,24,147
11155,B,16,144
11156,B,49,165
11157,S,23,160
11158,S,47,154
11159,B,9,128
11160,S,48,166
11161,S,41,151
11162,B,20,136
11163,S,27,159
11164,S,37,160
11165,S,16,157
11166,B,40,137
11167,B,47,145
11168,B,20,152
11169,B,31,163
11170,S,23,153
11171,S,16,156
11172,S,27,145
11173,B,39,169
11174,S,19,125
11175,B,13,128
11176,S,27,139
11177,S,28,172
11178,S,33,155
11179,S,14,166
11180,B,6,173
11181,B,43,158
11182,B,14,147
11183,S,43,114
11184,S,11,154
11185,S,48,174
11186,S,47,141
11187,B,11,136
11188,B,18,146
11189,B,39,167
11190,B,7,137
11191,B,3,157
11192,B,26,144
11193,B,48,167
11194,S,10,158
11195,S,20,179
11196,S,50,165
11197,B,43,142
11198,S,41,129
11199,S,6,148
11200,S,40,177
11201,B,39,149
11202,B,19,116
11203,S,41,151
11204,B,32,164
11205,B,46,151
11206,S,20,117
11207,S,32,169
11208,B,35,135
11209,S,50,113
11210,B,46,149
11211,S,9,124
11212,B,23,142
11213,B,36,137
11214,B,20,125
11215,S,29,159
11216,B,35,122
11217,B,29,131
11218,S,3,150
11219,S,33,162
11220,S,26,137
11221,B,48,138
11222,S,33,160
11223,S,18,154
11224,S,11,162
11225,S,15,115
11226,S,17,152
11227,S,39,139
11228,S,7,153
11229,S,25,157
11230,B,5,158
11231,B,34,134
11232,B,27,158
11233,S,25,179
11234,S,4,163
11235,B,31,150
11236,S,28,149
11237,B,43,162
11238,B,8,141
11239,S,3,154
11240,B,26,146
11241,S,23,123
11242,S,45,144
11243,B,41,127
11244,B,8,177
11245,S,34,157
11246,B,35,153
11247,S,46,164
11248,S,33,178
11249,S,21,150
11250,B,38,150
11251,S,31,147
11252,B,2,151
11253,B,12,148
11254,S,7,161
11255,B,24,123
11256,B,6,125
11257,S,39,172
11258,B,47,156
11259,S,3,164
11260,S,43,140
11261,B,37,167
11262,S,28,144
11263,S,5,149
11264,S,20,152
11265,B,39,150
11266,B,36,143
11267,S,2,126
11268,S,39,170
11269,S,6,139
11270,B,9,160
11271,B,49,148
11272,B,9,147
11273,B,37,164
11274,S,14,155
11275,S,44,151
11276,B,24,166
11277,S,25,143
11278,B,1,148
11279,S,26,139
11280,B,12,181
11281,S,48,164
11282,B,4,146
11283,S,38,129
11284,S,32,165
11285,B,11,144
11286,B,42,162
11287,B,35,161
11288,B,9,168
11289,B,44,137
11290,B,23,153
11291,S,38,159
11292,B,15,175
11293,B,19,160
11294,S,45,135
11295,B,2,139
11296,S,26,137
11297,B,19,136
11298,S,5,159
11299,B,49,152
11300,B,1,165
11301,B,26,128
11302,S,36,156
11303,B,17,115
11304,S,3,150
11305,B,45,123
11306,S,50,160
11307,B,18,144
11308,S,37,139
11309,S,2,145
11310,S,48,173
11311,S,33,152
11312,B,30,143
11313,S,22,154
11314,S,44,133
11315,S,37,158
11316,B,18,142
11317,B,20,151
11318,B,19,139
11319,S,30,131
11320,S,13,158
11321,S,30,145
11322,S,39,150
11323,S,13,130
11324,B,19,179
11325,S,9,170
11326,S,44,182
11327,S,34,182
11328,S,44,148
11329,S,9,149
11330,S,49,156
11331,S,25,148
11332,B,28,152
11333,B,50,131
11334,B,18,143
11335,S,36,167
11336,S,26,145
11337,S,25,150
11338,B,44,163
11339,S,3,129
11340,B,32,163
11341,B,14,155
11342,B,10,148
11343,S,12,142
11344,B,48,143
11345,S,3,162
11346,B,34,125
11347,S,39,147
11348,S,7,162
11349,S,4,139
11350,S,24,150
11351,B,22,148
11352,B,8,151
11353,S,24,140
11354,S,40,171
11355,B,19,152
11356,B,46,150
11357,B,1,158
11358,B,38,175
11359,S,17,127
11360,B,18,146
11361,B,18,124
11362,B,32,157
11363,B,17,133
11364,B,31,141
11365,B,45,131
11366,S,8,158
11367,S,34,152
11368,B,40,151
11369,B,33,160
11370,B,44,128
11371,S,10,119
11372,S,30,158
11373,S,14,163
11374,S,19,139
11375,S,9,163
11376,S,33,155
11377,B,13,173
11378,S,20,154
11379,S,48,142
11380,B,21,159
11381,B,5,160
11382,S,49,172
11383,B,36,146
11384,B,17,129
11385,S,24,188
11386,B,33,133
11387,S,11,144
11388,B,31,166
11389,S,25,149
11390,S,35,145
11391,S,20,132
11392,S,29,142
11393,B,47,123
11394,B,14,166
11395,B,44,156
11396,B,24,147
11397,B,7,135
11398,S,26,154
11399,B,7,127
11400,B,6,138
11401,S,17,152
11402,B,1,178
11403,S,6,151
11404,S,38,162
11405,S,20,143
11406,S,14,147
11407,B,5,137
11408,S,24,156
11409,B,15,154
11410,B,29,170
11411,B,40,133
11412,S,6,159
11413,B,49,136
11414,B,20,149
11415,B,19,123
11416,S,48,136
11417,S,36,140
11418,S,34,133
11419,B,31,133
11420,S,9,172
11421,B,24,158
11422,B,30,138
11423,S,15,150
11424,B,3,138
11425,B,14,151
11426,B,39,155
11427,S,17,158
11428,B,19,165
11429,S,14,143
11430,B,48,174
11431,B,26,147
11432,S,32,144
11433,S,1,166
11434,S,27,165
11435,S,26,152
11436,B,25,189
11437,B,11,151
11438,B,44,179
11439,B,8,177
11440,B,35,161
11441,B,31,136
11442,S,17,151
11443,B,39,142
11444,B,20,151
11445,S,42,152
11446,S,3,130
11447,S,26,141
11448,S,23,162
11449,B,7,152
11450,B,17,156
11451,B,22,171
11452,S,6,97
11453,B,34,122
11454,S,23,177
11455,B,10,147
11456,S,25,152
11457,B,30,153
11458,B,20,127
11459,B,25,154
11460,S,6,137
11461,S,47,137
11462,S,48,120
11463,S,37,134
11464,S,32,160
11465,B,7,168
11466,B,45,151
11467,S,22,135
11468,S,28,157
11469,S,31,164
11470,S,36,143
11471,S,5,158
11472,B,32,156
11473,S,39,139
11474,B,36,141
11475,B,36,145
11476,S,9,161
11477,B,13,174
11478,B,26,143
11479,B,24,134
11480,B,15,156
11481,B,22,151
11482,S,19,150
11483,B,48,150
11484,B,40,140
11485,B,49,156
11486,B,1,149
11487,B,1,170
11488,S,50,179
11489,S,30,170
11490,B,43,142
11491,B,22,170
11492,S,2,154
11493,S,30,172
11494,S,29,139
11495,B,3,153
11496,S,49,170
11497,B,30,168
11498,B,12,140
11499,B,24,154
11500,S,11,135
11501,S,24,143
11502,S,42,173
11503,S,24,168
11504,S,32,144
11505,S,1,144
11506,B,44,160
11507,B,30,159
11508,S,47,158
11509,S,1,176
11510,S,36,135
11511,S,49,149
11512,B,22,175
11513,S,13,155
11514,S,31,106
11515,S,14,150
11516,B,18,165
11517,S,4,149
11518,B,26,144
11519,S,43,156
11520,S,23,169
11521,S,17,133
11522,S,25,128
11523,S,40,147
11524,S,29,159
11525,B,23,131
11526,S,16,165
11527,S,29,127
11528,S,46,164
11529,B,17,134
11530,B,32,152
11531,B,39,139
11532,B,48,139
11533,S,21,146
11534,B,2,143
11535,B,29,141
11536,S,3,144
11537,S,34,180
11538,B,13,137
11539,S,26,163
11540,B,16,158
11541,S,39,169
11542,S,3,142
11543,S,50,173
11544,B,4,134
11545,S,6,153
11546,S,14,181
11547,B,46,150
11548,S,3,157
11549,B,27,139
11550,S,29,120
11551,S,14,147
11552,B,30,176
11553,S,42,128
11554,S,26,146
11555,S,48,193
11556,B,9,150
11557,S,13,179
11558,S,10,149
11559,B,46,164
11560,S,6,152
11561,B,12,145
11562,S,35,134
11563,B,44,157
11564,S,34,159
11565,S,38,158
11566,S,13,129
11567,B,16,153
11568,B,14,139
11569,S,29,155
11570,S,34,146
11571,B,22,186
11572,B,43,181
11573,B,27,139
11574,B,47,157
11575,S,34,165
11576,S,4,137
11577,S,6,172
11578,B,16,169
11579,S,7,143
11580,B,32,143
11581,S,17,147
11582,S,20,134
11583,B,45,138
11584,B,27,160
11585,S,1,144
11586,S,1,165
11587,S,38,141
11588,B,49,151
11589,S,42,129
11590,S,28,153
11591,S,3,153
11592,S,14,166
11593,S,29,154
11594,S,1,140
11595,B,17,149
11596,S,22,134
11597,S,45,154
11598,B,40,171
11599,B,31,127
11600,B,13,129
11601,B,29,148
11602,B,17,157
11603,B,48,125
11604,B,21,128
11605,S,17,161
11606,S,43,165
11607,S,48,138
11608,B,41,199
11609,B,30,157
11610,S,22,123
11611,B,28,161
11612,B,14,160
11613,B,9,160
11614,S,39,142
11615,B,16,157
11616,S,17,159
11617,B,16,138
11618,B,8,130
11619,S,18,158
11620,B,14,158
11621,B,2,129
11622,B,39,175
11623,S,14,182
11624,B,1,118
11625,B,19,138
11626,B,35,157
11627,B,45,171
11628,B,25,151
11629,B,4,127
11630,S,45,142
11631,B,37,149
11632,B,23,154
11633,S,34,147
11634,S,34,147
11635,S,29,140
11636,S,38,125
11637,B,18,132
11638,S,34,141
11639,B,24,140
11640,B,44,133
11641,B,49,146
11642,B,9,139
11643,S,7,155
11644,S,42,156
11645,S,44,163
11646,S,43,154
11647,B,22,124
11648,S,33,141
11649,B,37,144
11650,S,40,146
11651,S,20,121
11652,S,7,149
11653,S,1,134
11654,S,48,138
11655,B,46,149
11656,S,9,149
11657,S,19,132
11658,S,22,149
11659,B,29,146
11660,S,23,138
11661,B,24,142
11662,S,4,144
11663,B,43,150
11664,B,20,125
11665,S,50,159
11666,S,18,126
11667,S,37,125
11668,B,8,129
11669,B,14,172
11670,S,38,157
11671,B,31,160
11672,S,4,148
11673,S,22,148
11674,S,20,140
11675,S,30,143
11676,S,7,176
11677,S,28,136
11678,B,27,156
11679,S,8,168
11680,B,22,140
11681,B,11,167
11682,S,47,139
11683,B,25,155
11684,S,50,156
11685,B,32,156
11686,B,13,144
11687,B,19,136
11688,S,13,172
11689,S,7,143
11690,S,4,168
11691,B,22,138
11692,S,16,163
11693,S,23,147
11694,S,24,140
11695,S,12,141
11696,B,43,133
11697,B,14,159
11698,S,31,159
11699,S,27,117
11700,B,23,126
11701,B,20,140
11702,B,46,165
11703,B,19,153
11704,B,22,156
11705,S,36,153
11706,S,46,151
11707,S,38,143
11708,B,3,153
11709,B,5,169
11710,S,34,169
11711,S,42,154
11712,B,24,154
11713,B,39,149
11714,B,14,162
11715,B,3,158
11716,B,40,146
11717,B,44,153
11718,B,28,141
11719,B,32,116
11720,B,43,150
11721,B,35,151
11722,S,5,114
11723,B,34,146
11724,S,34,143
11725,B,49,185
11726,S,16,152
11727,S,9,134
11728,B,45,138
11729,B,12,147
11730,S,28,160
11731,S,31,174
11732,S,20,166
11733,S,2,172
11734,S,50,131
11735,B,49,154
11736,S,16,137
11737,S,39,141
11738,S,36,127
11739,S,29,147
11740,S,20,147
11741,S,34,169
11742,S,17,143
11743,S,40,139
11744,B,46,169
11745,S,16,148
11746,B,28,155
11747,S,20,138
11748,B,10,154
11749,S,38,161
11750,B,25,170
11751,S,50,121
11752,S,34,133
11753,B,8,164
11754,B,10,161
11755,B,43,133
11756,B,9,148
11757,B,4,169
11758,B,46,139
11759,S,4,152
11760,S,33,148
11761,S,32,145
11762,S,21,138
11763,S,33,106
11764,B,22,161
11765,S,38,154
11766,S,21,137
11767,S,43,119
11768,S,24,137
11769,S,33,132
11770,S,23,149
11771,S,5,150
11772,B,31,168
11773,S,17,139
11774,S,27,161
11775,B,11,146
11776,S,17,165
11777,S,23,154
11778,B,12,170
11779,B,4,132
11780,S,33,175
11781,S,29,184
11782,S,24,143
11783,B,4,152
11784,B,6,140
11785,S,43,169
11786,B,41,155
11787,B,16,136
11788,B,21,138
11789,B,35,177
11790,B,12,118
11791,B,46,118
11792,S,14,162
11793,B,32,141
11794,B,14,151
11795,B,1,142
11796,S,33,191
11797,B,48,161
11798,S,9,164
11799,B,34,154
11800,S,42,131
11801,S,38,176
11802,S,22,137
11803,B,31,165
11804,B,40,146
11805,S,7,137
11806,B,33,153
11807,B,3,140
11808,S,31,152
11809,S,47,149
11810,S,5,153
11811,B,39,153
11812,B,7,183
11813,S,36,125
11814,S,13,144
11815,S,8,176
11816,S,10,161
11817,B,19,150
11818,B,19,157
11819,B,6,154
11820,B,26,137
11821,B,12,158
11822,B,27,152
11823,S,22,156
11824,B,30,143
11825,S,22,154
11826,S,9,160
11827,B,44,163
11828,B,48,124
11829,B,10,168
11830,S,1,149
11831,S,48,143
11832,S,38,146
11833,B,21,149
11834,S,12,175
11835,B,45,143
11836,B,45,160
11837,B,12,137
11838,B,37,132
11839,B,49,170
11840,B,18,180
11841,S,47,153
11842,S,27,180
11843,S,31,144
11844,B,13,166
11845,B,7,138
11846,B,26,162
11847,S,27,152
11848,S,48,134
11849,B,37,134
11850,B,5,152
11851,B,21,153
11852,S,21,146
11853,B,4,149
11854,B,24,155
11855,B,15,164
11856,S,21,153
11857,S,46,161
11858,S,45,147
11859,B,1,141
11860,S,17,169
11861,B,29,168
11862,S,7,171
11863,S,1,154
11864,S,12,143
11865,S,46,153
11866,B,15,129
11867,B,41,143
11868,S,35,168
11869,S,25,162
11870,B,24,130
11871,B,23,156
11872,B,45,125
11873,B,2,151
11874,B,47,173
11875,S,38,147
11876,B,36,153
11877,B,16,130
11878,B,25,140
11879,S,42,151
11880,S,17,170
11881,S,3,154
11882,S,41,136
11883,S,23,169
11884,B,13,163
11885,S,30,148
11886,B,25,135
11887,S,1,125
11888,S,31,126
11889,S,28,169
11890,B,29,136
11891,B,38,130
11892,B,41,129
11893,S,48,163
11894,B,2,162
11895,B,2,161
11896,B,42,149
11897,B,38,150
11898,S,36,151
11899,B,42,149
11900,S,9,179
11901,S,45,159
11902,S,23,141
11903,S,30,134
11904,S,6,166
11905,S,43,129
11906,S,9,160
11907,B,7,161
11908,S,48,130
11909,S,20,160
11910,S,13,167
11911,S,39,153
11912,S,44,129
11913,B,38,167
11914,B,8,158
11915,B,24,161
11916,S,37,152
11917,S,19,184
11918,B,23,147
11919,B,28,154
11920,S,47,149
11921,S,41,119
11922,S,36,157
11923,B,47,167
11924,B,33,132
11925,S,19,151
11926,S,40,139
11927,S,42,153
11928,S,25,152
11929,S,49,161
11930,B,3,154
11931,B,40,158
11932,B,17,164
11933,S,41,156
11934,B,8,166
11935,B,37,172
11936,S,14,169
11937,S,16,145
11938,B,49,151
11939,S,36,156
11940,B,34,171
11941,B,33,155
11942,S,22,142
11943,B,28,158
11944,B,18,169
11945,S,17,157
11946,S,36,143
11947,B,26,150
11948,B,29,146
11949,B,37,164
11950,B,15,153
11951,B,29,142
11952,S,1,136
11953,B,37,149
11954,S,29,139
11955,S,49,125
11956,B,45,134
11957,S,47,186
11958,S,30,154
11959,S,14,131
11960,B,14,169
11961,S,42,139
11962,S,45,153
11963,B,5,161
11964,S,38,146
11965,B,30,150
11966,B,3,161
11967,B,25,154
11968,S,27,137
11969,B,40,154
11970,S,27,156
11971,S,30,169
11972,B,21,156
11973,B,26,133
11974,S,42,155
11975,S,18,184
11976,B,2,172
11977,S,10,159
11978,S,17,154
11979,B,23,130
11980,S,1,155
11981,B,34,143
11982,B,40,119
11983,S,40,149
11984,B,41,152
11985,B,24,159
11986,S,34,163
11987,S,33,148
11988,B,32,161
11989,B,13,158
11990,S,42,135
11991,B,27,154
11992,S,11,167
11993,S,12,124
11994,S,21,157
11995,S,27,138
11996,B,8,159
11997,B,22,150
11998,S,45,156
11999,B,10,130
12000,B,6,149
12001,S,16,149
12002,S,4,152
12003,S,17,165
12004,S,4,141
12005,S,4,128
12006,B,5,166
12007,B,29,142
12008,S,9,158
12009,B,17,156
12010,B,11,150
12011,B,19,150
12012,B,25,135
12013,B,39,151
12014,S,6,130
12015,S,18,159
12016,B,28,158
12017,S,24,171
12018,B,39,159
12019,B,22,161
12020,S,36,140
12021,B,29,121
12022,B,36,138
12023,B,37,129
12024,B,20,147
12025,B,11,141
12026,B,42,162
12027,B,42,123
12028,S,39,161
12029,S,33,167
12030,B,49,147
12031,B,14,162
12032,S,37,145
12033,B,38,136
12034,B,21,148
12035,B,1,159
12036,B,2,163
12037,B,29,126
12038,S,40,157
12039,S,45,145
12040,S,33,111
12041,S,26,166
12042,S,45,137
12043,B,30,137
12044,B,16,169
12045,S,30,142
12046,S,27,185
12047,S,18,138
12048,B,13,189
12049,B,47,149
12050,B,7,147
12051,B,13,149
12052,B,14,119
12053,B,23,147
12054,S,11,159
12055,B,19,134
12056,B,1,116
12057,B,10,141
12058,S,31,122
12059,B,41,172
12060,B,9,159
12061,S,16,150
12062,S,29,160
12063,B,29,166
12064,S,9,140
12065,B,42,159
12066,S,28,129
12067,S,31,125
12068,S,32,168
12069,S,9,156
12070,B,12,171
12071,S,45,155
12072,B,45,178
12073,B,24,154
12074,B,49,172
12075,S,10,153
12076,S,9,158
12077,S,18,124
12078,B,5,139
12079,S,48,155
12080,B,28,136
12081,B,38,140
12082,S,43,147
12083,B,36,140
12084,B,13,155
12085,S,42,133
12086,B,50,171
12087,S,36,146
12088,S,48,133
12089,B,18,148
12090,B,30,144
12091,B,6,141
12092,S,6,145
12093,S,44,147
12094,B,21,140
12095,B,20,131
12096,S,31,147
12097,B,32,136
12098,S,36,133
12099,S,37,167
12100,S,26,139
12101,B,23,133
12102,S,27,139
12103,B,50,161
12104,B,21,153
12105,S,5,185
12106,S,18,127
12107,B,11,142
12108,S,13,138
12109,B,46,143
12110,B,23,149
12111,S,7,129
12112,S,8,156
12113,B,2,172
12114,S,44,136
12115,B,28,150
12116,B,39,139
12117,B,22,158
12118,B,32,150
12119,B,10,167
12120,B,45,149
12121,S,33,166
12122,S,46,176
12123,B,44,122
12124,B,8,156
12125,B,34,177
12126,B,34,121
12127,B,23,161
12128,S,48,139
12129,S,9,128
12130,B,48,158
12131,S,38,154
12132,S,14,151
12133,B,6,180
12134,S,16,121
12135,B,2,127
12136,S,28,156
12137,S,38,159
12138,S,16,148
12139,B,33,147
12140,B,36,151
12141,S,46,166
12142,B,9,135
12143,B,33,120
12144,B,2,142
12145,B,29,172
12146,B,28,158
12147,B,28,159
12148,S,41,129
12149,B,12,146
12150,B,31,146
12151,B,14,170
12152,B,42,162
12153,S,43,147
12154,S,20,149
12155,S,9,174
12156,B,3,164
12157,B,19,154
12158,S,19,152
12159,B,13,150
12160,B,48,151
12161,S,37,164
12162,S,49,166
12163,B,44,168
12164,B,23,141
12165,S,49,132
12166,S,25,154
12167,B,46,155
12168,S,30,143
12169,S,28,118
12170,S,5,147
12171,B,33,117
12172,S,14,144
12173,B,35,151
12174,B,11,134
12175,B,18,136
12176,S,8,152
12177,S,21,162
12178,S,33,149
12179,B,42,135
12180,S,8,155
12181,B,32,141
12182,S,3,154
12183,B,41,126
12184,B,21,140
12185,S,40,164
12186,B,35,156
12187,S,16,146
12188,S,18,149
12189,S,39,146
12190,B,29,152
12191,B,44,130
12192,S,15,150
12193,S,27,186
12194,S,48,191
12195,S,41,152
12196,B,36,151
12197,S,12,140
12198,B,44,145
12199,S,47,137
12200,S,18,151
12201,S,49,128
12202,B,34,116
12203,S,30,161
12204,S,34,144
12205,B,42,133
12206,B,49,177
12207,B,48,146
12208,B,43,142
12209,B,18,152
12210,B,32,152
12211,B,8,129
12212,B,29,148
12213,S,43,157
12214,S,18,147
12215,B,2,149
12216,S,6,135
12217,S,17,145
12218,S,50,159
12219,S,20,163
12220,S,36,161
12221,S,31,154
12222,B,8,152
12223,S,30,152
12224,B,30,151
12225,B,45,159
12226,S,49,144
12227,B,30,141
12228,B,43,169
12229,S,50,171
12230,S,44,144
12231,B,49,140
12232,B,15,147
12233,B,30,146
12234,S,33,128
12235,B,17,128
12236,S,30,155
12237,B,19,143
12238,B,13,178
12239,B,6,172
12240,S,9,151
12241,B,6,138
12242,S,24,170
12243,B,33,139
12244,B,6,157
12245,S,4,162
12246,B,49,150
12247,S,18,161
12248,B,25,149
12249,S,19,141
12250,B,45,176
12251,S,14,145
12252,S,42,154
12253,B,14,155
12254,B,7,162
12255,B,8,156
12256,B,1,148
12257,S,7,147
12258,B,14,148
12259,B,3,128
12260,S,44,156
12261,S,17,143
12262,B,29,140
12263,B,48,137
12264,S,43,158
12265,B,21,132
12266,S,7,171
12267,S,43,169
12268,S,45,149
12269,B,35,158
12270,S,14,158
12271,S,49,139
12272,S,34,142
12273,B,47,148
12274,S,40,157
12275,S,3,153
12276,B,23,152
12277,S,38,142
12278,B,45,158
12279,B,43,134
12280,S,34,157
12281,B,22,144
12282,B,3,166
12283,S,46,142
12284,B,41,123
12285,S,14,134
12286,S,19,148
12287,B,23,176
12288,B,32,146
12289,S,31,173
12290,S,37,143
12291,S,17,182
12292,B,4,165
12293,B,28,153
12294,B,33,136
12295,B,25,162
12296,S,48,143
12297,S,24,148
12298,S,38,156
12299,B,36,133
12300,S,42,175
12301,S,2,133
12302,B,17,152
12303,B,30,152
12304,B,23,157
12305,B,39,141
12306,S,4,174
12307,B,10,157
12308,S,10,134
12309,S,9,153
12310,S,7,134
12311,S,19,122
12312,B,4,161
12313,B,9,161
12314,S,48,176
12315,S,16,160
12316,S,30,183
12317,S,10,139
12318,B,32,126
12319,S,37,162
12320,S,20,148
12321,S,46,137
12322,S,8,163
12323,B,29,130
12324,B,19,147
12325,B,29,133
12326,B,10,142
12327,S,2,149
12328,B,26,159
12329,B,31,188
12330,S,18,162
12331,B,50,159
12332,S,25,162
12333,S,43,148
12334,S,25,157
12335,B,33,155
12336,B,23,187
12337,B,9,140
12338,B,3,130
12339,S,50,146
12340,S,23,144
12341,B,34,138
12342,B,27,118
12343,S,31,162
12344,S,21,159
12345,S,14,169
12346,B,30,171
12347,B,47,106
12348,B,14,146
12349,S,50,132
12350,B,8,183
12351,B,1,168
12352,B,49,137
12353,B,5,162
12354,S,17,157
12355,S,37,170
12356,S,22,184
12357,B,32,144
12358,B,16,141
12359,B,2,161
12360,S,36,158
12361,B,5,167
12362,S,37,154
12363,S,4,172
12364,S,30,129
12365,S,15,130
12366,B,13,171
12367,S,6,148
12368,S,50,145
12369,B,44,149
12370,S,39,125
12371,B,34,104
12372,B,1,130
12373,B,31,163
12374,B,41,159
12375,S,6,167
12376,B,38,157
12377,S,23,147
12378,B,45,151
12379,S,37,200
12380,S,14,151
12381,B,21,142
12382,S,24,157
12383,S,40,148
12384,B,36,153
12385,B,28,159
12386,B,5,159
12387,S,22,142
12388,B,18,163
12389,B,15,173
12390,B,35,167
12391,S,32,155
12392,S,21,124
12393,S,44,147
12394,S,22,151
12395,B,20,150
12396,S,29,170
12397,B,16,156
12398,S,26,139
12399,B,29,157
12400,B,7,113
12401,B,19,150
12402,B,15,176
12403,S,49,157
12404,S,45,169
12405,S,26,138
12406,B,17,174
12407,B,19,169
12408,B,7,170
12409,S,46,125
12410,S,29,113
12411,S,37,162
12412,S,40,134
12413,B,49,147
12414,B,28,170
12415,S,42,157
12416,B,6,162
12417,S,40,148
12418,B,40,141
12419,S,14,137
12420,S,11,144
12421,S,37,151
12422,B,48,155
12423,S,23,145
12424,B,16,160
12425,S,35,145
12426,B,3,150
12427,S,41,151
12428,B,33,146
12429,S,24,154
12430,S,28,152
12431,B,49,141
12432,B,15,163
12433,B,31,128
12434,B,8,175
12435,B,24,144
12436,S,5,185
12437,B,16,121
12438,B,30,176
12439,S,38,154
12440,B,20,144
12441,B,22,156
12442,S,35,149
12443,B,22,151
12444,S,42,154
12445,B,45,140
12446,B,18,182
12447,B,16,156
12448,S,38,145
12449,S,28,158
12450,S,29,133
12451,S,2,135
12452,S,2,155
12453,S,18,135
12454,S,16,160
12455,B,29,157
12456,B,47,176
12457,B,47,149
12458,S,19,182
12459,B,25,148
12460,S,25,171
12461,B,33,162
12462,S,23,122
12463,S,46,162
12464,S,48,159
12465,S,17,123
12466,S,8,158
12467,B,19,136
12468,S,32,146
12469,S,15,161
12470,B,39,150
12471,S,12,174
12472,S,37,153
12473,B,6,161
12474,B,37,166
12475,B,8,168
12476,S,30,147
12477,B,14,149
12478,B,46,149
12479,S,33,149
12480,S,30,162
12481,S,5,144
12482,S,8,161
12483,S,42,131
12484,S,27,140
12485,B,37,158
12486,B,48,162
12487,S,24,140
12488,S,43,140
12489,S,49,136
12490,S,47,175
12491,S,25,139
12492,S,26,161
12493,B,36,137
12494,S,48,162
12495,S,42,163
12496,B,21,139
12497,B,5,143
12498,S,40,142
12499,S,34,159
12500,B,10,135
12501,S,24,140
12502,S,1,150
12503,S,5,142
12504,S,39,145
12505,B,39,135
12506,S,34,152
12507,S,44,139
12508,S,31,164
12509,B,20,153
12510,S,38,160
12511,B,16,138
12512,B,16,152
12513,B,13,144
12514,B,37,141
12515,B,16,147
12516,B,8,156
12517,S,43,146
12518,B,35,141
12519,S,22,157
12520,S,19,147
12521,S,10,157
12522,S,13,155
12523,S,39,154
12524,S,46,163
12525,B,21,145
12526,B,35,185
12527,B,42,136
12528,S,16,148
12529,S,23,144
12530,S,28,182
12531,B,43,141
12532,B,37,157
12533,S,46,132
12534,S,42,147
12535,B,21,145
12536,S,39,169
12537,B,50,137
12538,S,39,171
12539,S,41,172
12540,S,38,118
12541,B,26,167
12542,S,24,162
12543,B,32,164
12544,S,47,156
12545,B,6,166
12546,B,32,180
12547,B,39,183
12548,B,21,128
12549,B,1,104
12550,B,11,129
12551,B,9,145
12552,B,41,154
12553,B,37,123
12554,B,47,129
12555,S,11,126
12556,S,27,160
12557,B,10,128
12558,B,27,161
12559,B,41,158
12560,B,23,115
12561,B,34,124
12562,B,25,144
12563,B,21,174
12564,B,18,147
12565,B,16,144
12566,B,39,142
12567,S,5,140
12568,S,19,154
12569,S,13,147
12570,S,1,162
12571,B,48,154
12572,B,38,167
12573,S,2,144
12574,B,13,150
12575,B,2,151
12576,B,36,143
12577,B,16,151
12578,S,9,147
12579,S,31,139
12580,B,17,136
12581,S,26,151
12582,B,31,135
12583,B,22,156
12584,S,19,137
12585,S,7,182
12586,B,7,163
12587,S,44,142
12588,B,37,126
12589,B,39,137
12590,S,9,160
12591,B,23,171
12592,B,17,156
12593,B,41,147
12594,B,31,135
12595,S,33,143
12596,B,31,171
12597,B,14,133
12598,B,39,160
12599,B,15,132
12600,S,8,170
12601,B,29,139
12602,S,24,134
12603,S,30,139
12604,B,6,176
12605,B,27,141
12606,B,46,154
12607,S,42,150
12608,S,46,146
12609,S,17,147
12610,B,26,126
12611,S,19,169
12612,S,50,152
12613,S,38,159
12614,B,49,150
12615,B,41,159
12616,B,29,142
12617,S,46,152
12618,B,4,143
12619,S,35,165
12620,S,39,147
12621,B,13,144
12622,S,38,151
12623,B,4,152
12624,S,22,160
12625,S,42,190
12626,S,19,178
12627,S,24,137
12628,S,43,157
12629,S,30,156
12630,B,27,151
12631,B,15,162
12632,B,23,143
12633,S,34,123
12634,S,22,174
12635,S,48,140
12636,S,30,149
12637,S,32,137
12638,B,5,133
12639,S,7,191
12640,S,23,132
12641,S,38,164
12642,S,3,143
12643,B,46,164
12644,B,12,138
12645,S,48,154
12646,S,6,129
12647,B,37,148
12648,B,21,163
12649,B,47,179
12650,S,38,141
12651,S,47,165
12652,B,32,142
12653,S,27,152
12654,B,28,148
12655,S,14,162
12656,B,3,162
12657,B,15,177
12658,S,10,161
12659,B,2,167
12660,B,20,134
12661,B,39,169
12662,B,3,161
12663,B,46,168
12664,S,36,121
12665,S,2,137
12666,S,43,158
12667,S,13,129
12668,B,14,165
12669,S,49,142
12670,S,2,131
12671,B,29,163
12672,B,26,144
12673,S,39,164
12674,S,44,146
12675,B,44,140
12676,S,11,154
12677,S,47,165
12678,B,12,137
12679,S,41,148
12680,S,12,159
12681,S,25,165
12682,B,10,158
12683,S,29,182
12684,B,20,129
12685,S,35,152
12686,B,44,145
12687,S,30,151
12688,B,16,158
12689,S,41,171
12690,S,27,179
12691,S,7,121
12692,B,20,129
12693,S,6,178
12694,B,26,180
12695,B,33,146
12696,S,45,151
12697,S,40,125
12698,B,17,148
12699,B,49,161
12700,B,42,139
12701,S,6,126
12702,S,6,140
12703,B,43,141
12704,S,35,146
12705,B,45,179
12706,B,35,163
12707,B,8,136
12708,S,31,141
12709,S,38,145
12710,B,14,157
12711,S,32,130
12712,B,1,136
12713,B,50,135
12714,B,5,164
12715,S,14,173
12716,B,2,136
12717,B,41,150
12718,B,10,150
12719,B,5,157
12720,B,41,151
12721,B,44,178
12722,B,36,150
12723,B,6,151
12724,B,8,140
12725,S,31,151
12726,B,40,157
12727,S,39,152
12728,B,7,179
12729,S,32,128
12730,S,45,134
12731,B,1,162
12732,B,41,142
12733,B,30,130
12734,S,14,170
12735,B,19,129
12736,S,14,139
12737,S,8,148
12738,S,47,161
12739,S,20,143
12740,S,41,145
12741,B,46,145
12742,S,35,167
12743,B,3,151
12744,S,43,170
12745,B,35,157
12746,B,42,145
12747,B,12,173
12748,B,44,157
12749,B,2,163
12750,S,14,169
12751,B,17,127
12752,B,48,142
12753,S,12,148
12754,S,42,139
12755,B,11,159
12756,B,30,151
12757,S,47,157
12758,S,48,169
12759,B,11,182
12760,S,48,147
12761,B,26,150
12762,S,28,143
12763,S,48,150
12764,S,1,147
12765,B,21,113
12766,B,17,141
12767,B,28,165
12768,S,11,150
12769,B,40,153
12770,S,22,170
12771,B,42,161
12772,B,24,145
12773,B,5,172
12774,S,22,151
12775,B,29,145
12776,S,17,150
12777,S,11,149
12778,S,4,135
12779,B,32,159
12780,S,4,131
12781,B,36,158
12782,B,26,172
12783,S,43,149
12784,S,33,157
12785,B,21,138
12786,S,32,150
12787,B,29,148
12788,B,29,131
12789,B,47,156
12790,B,8,132
12791,B,9,144
12792,B,11,146
12793,B,13,155
12794,S,25,181
12795,B,5,156
12796,B,3,144
12797,S,21,157
12798,B,46,165
12799,S,31,157
12800,B,43,147
12801,S,18,134
12802,S,37,177
12803,S,33,139
12804,S,6,170
12805,B,17,144
12806,B,2,129
12807,S,41,157
12808,S,16,144
12809,B,37,148
12810,B,49,156
12811,S,22,146
12812,S,30,127
12813,S,27,150
12814,B,18,138
12815,S,48,143
12816,B,10,153
12817,B,29,152
12818,S,31,148
12819,S,49,156
12820,B,14,156
12821,B,17,156
12822,S,33,162
12823,B,29,147
12824,S,13,143
12825,B,4,139
12826,S,12,136
12827,S,34,134
12828,S,33,153
12829,S,12,136
12830,S,13,170
12831,B,41,144
12832,S,41,140
12833,B,11,120
12834,S,16,177
12835,S,43,155
12836,S,34,157
12837,S,50,169
12838,S,9,147
12839,S,16,162
12840,B,44,139
12841,S,9,173
12842,B,36,135
12843,S,43,139
12844,S,10,128
12845,S,16,165
12846,S,16,180
12847,S,1,145
12848,S,7,147
12849,S,28,146
12850,B,8,151
12851,S,45,176
12852,B,13,163
12853,S,45,158
12854,S,14,164
12855,S,11,177
12856,S,24,154
12857,S,3,160
12858,S,46,148
12859,B,48,164
12860,S,10,159
12861,B,5,179
12862,B,37,138
12863,S,19,152
12864,S,49,138
12865,B,41,152
12866,S,20,159
12867,S,16,169
12868,B,40,155
12869,B,8,147
12870,S,40,147
12871,B,17,167
12872,S,33,145
12873,S,12,169
12874,S,14,141
12875,S,24,154
12876,B,4,131
12877,S,21,173
12878,B,42,147
12879,B,34,192
12880,B,37,161
12881,B,44,137
12882,B,36,186
12883,B,17,161
12884,S,2,147
12885,B,9,98
12886,S,16,140
12887,S,35,157
12888,S,48,162
12889,B,41,145
12890,B,1,169
12891,S,27,140
12892,S,39,153
12893,S,16,152
12894,S,10,168
12895,B,34,139
12896,S,3,131
12897,S,22,137
12898,B,18,124
12899,S,6,163
12900,S,11,144
12901,S,1,147
12902,B,27,149
12903,B,1,140
12904,S,31,151
12905,B,36,140
12906,S,33,159
12907,B,41,113
12908,B,36,157
12909,S,6,156
12910,S,19,150
12911,B,24,129
12912,B,49,162
12913,S,40,133
12914,S,3,138
12915,B,42,150
12916,B,18,147
12917,B,17,162
12918,S,32,167
12919,B,16,151
12920,S,38,188
12921,S,11,167
12922,S,39,149
12923,S,30,126
12924,S,14,138
12925,S,45,130
12926,B,21,147
12927,S,31,148
12928,S,35,139
12929,B,25,133
12930,S,47,135
12931,B,3,157
12932,S,47,133
12933,B,21,139
12934,B,15,154
12935,B,16,123
12936,S,2,166
12937,B,34,147
12938,S,40,152
12939,S,28,129
12940,B,23,160
12941,S,44,138
12942,S,32,163
12943,S,6,142
12944,B,19,156
12945,B,25,153
12946,B,42,142
12947,S,7,137
12948,B,18,156
12949,S,38,144
12950,S,39,163
12951,B,21,155
12952,S,18,140
12953,B,31,160
12954,S,22,153
12955,B,29,114
12956,S,50,180
12957,S,30,134
12958,B,36,120
12959,S,47,153
12960,B,22,146
12961,S,27,158
12962,S,4,158
12963,B,43,122
12964,S,11,159
12965,S,38,126
12966,B,49,136
12967,S,21,137
12968,B,32,155
12969,S,44,170
12970,B,43,167
12971,S,18,172
12972,B,17,145
12973,B,22,152
12974,B,27,161
12975,S,31,146
12976,S,22,154
12977,B,46,173
12978,B,31,141
12979,S,46,132
12980,B,27,140
12981,B,20,168
12982,B,2,146
12983,S,4,125
12984,S,16,160
12985,B,17,162
12986,S,32,166
12987,S,13,158
12988,S,25,156
12989,S,39,157
12990,B,3,138
12991,S,7,131
12992,B,25,123
12993,B,16,153
12994,B,44,174
12995,B,4,148
12996,S,42,148
12997,S,16,156
12998,S,4,133
12999,B,44,125
13000,B,6,127
13001,B,31,125
13002,B,5,147
13003,B,38,127
13004,B,47,166
13005,S,32,143
13006,S,27,153
13007,S,49,134
13008,S,20,140
13009,S,40,160
13010,B,33,158
13011,B,40,181
13012,S,13,158
13013,S,50,128
13014,B,25,154
13015,B,37,153
13016,S,4,142
13017,B,13,158
13018,B,6,164
13019,B,24,184
13020,B,21,142
13021,S,48,170
13022,B,17,142
13023,B,28,152
13024,B,25,155
13025,S,19,135
13026,B,48,126
13027,S,20,201
13028,S,27,143
13029,S,36,153
13030,B,9,149
13031,S,45,139
13032,S,19,150
13033,B,28,159
13034,S,23,165
13035,B,43,120
13036,B,50,164
13037,S,33,171
13038,B,11,125
13039,S,35,157
13040,B,50,132
13041,B,38,146
13042,S,6,157
13043,S,44,138
13044,S,46,146
13045,S,21,146
13046,S,20,143
13047,S,17,140
13048,S,1,167
13049,B,17,172
13050,B,10,159
13051,S,32,148
13052,S,1,142
13053,B,33,165
13054,S,23,152
13055,B,8,130
13056,S,48,125
13057,B,28,175
13058,S,22,163
13059,B,48,167
13060,B,4,169
13061,S,43,137
13062,B,3,119
13063,S,16,158
13064,S,44,145
13065,B,7,135
13066,S,1,168
13067,S,38,163
13068,B,25,158
13069,S,23,126
13070,S,23,146
13071,S,42,158
13072,B,43,145
13073,B,9,127
13074,S,22,118
13075,B,23,152
13076,B,34,122
13077,B,23,165
13078,S,21,150
13079,S,27,143
13080,S,36,164
13081,S,3,158
13082,B,25,128
13083,S,27,162
13084,B,21,133
13085,B,45,176
13086,S,15,174
13087,B,38,172
13088,S,9,142
13089,S,24,155
13090,B,39,136
13091,S,5,149
13092,B,46,157
13093,S,37,154
13094,S,36,168
13095,S,38,124
13096,S,37,133
13097,S,48,144
13098,B,15,164
13099,B,23,158
13100,B,46,145
13101,B,25,150
13102,B,37,156
13103,B,28,163
13104,S,8,151
13105,B,31,151
13106,S,50,122
13107,B,8,169
13108,S,49,119
13109,B,37,176
13110,S,42,152
13111,B,34,200
13112,S,25,145
13113,B,27,141
13114,B,13,151
13115,S,27,152
13116,S,32,157
13117,S,24,174
13118,S,50,141
13119,S,5,141
13120,B,46,159
13121,B,14,121
13122,B,49,147
13123,B,20,151
13124,B,45,147
13125,S,14,138
13126,S,22,167
13127,S,6,167
13128,B,10,128
13129,B,16,142
13130,B,44,144
13131,S,33,135
13132,S,36,172
13133,S,13,145
13134,B,11,148
13135,B,30,144
13136,S,14,151
13137,S,28,146
13138,S,47,138
13139,S,31,159
13140,B,11,128
13141,S,21,149
13142,S,44,145
13143,S,40,158
13144,B,39,145
13145,S,2,128
13146,B,41,139
13147,B,43,151
13148,B,17,145
13149,S,9,143
13150,S,29,163
13151,B,38,146
13152,S,47,176
13153,B,4,158
13154,S,4,136
13155,S,5,159
13156,B,22,142
13157,B,19,125
13158,S,33,156
13159,S,11,130
13160,B,1,118
13161,B,21,148
13162,B,32,147
13163,S,18,167
13164,B,27,151
13165,S,29,174
13166,S,11,154
13167,B,46,143
13168,S,21,165
13169,S,46,162
13170,B,37,179
13171,S,36,126
13172,S,43,139
13173,S,48,144
13174,S,27,123
13175,S,5,157
13176,B,28,166
13177,S,41,141
13178,S,3,174
13179,B,45,153
13180,S,48,130
13181,S,33,137
13182,B,45,156
13183,S,49,158
13184,B,8,148
13185,S,6,152
13186,B,25,148
13187,B,36,147
13188,S,46,143
13189,S,35,136
13190,B,1,166
13191,B,2,150
13192,B,36,171
13193,B,5,139
13194,B,40,183
13195,S,26,152
13196,S,11,140
13197,B,13,155
13198,S,33,154
13199,B,25,176
13200,S,41,149
13201,B,38,150
13202,B,21,137
13203,S,19,168
13204,B,3,135
13205,S,17,141
13206,S,16,154
13207,B,26,141
13208,S,48,150
13209,S,18,148
13210,S,32,167
13211,B,46,137
13212,B,33,151
13213,S,35,132
13214,B,14,158
13215,B,9,153
13216,B,9,123
13217,S,18,165
13218,S,44,155
13219,B,37,119
13220,S,6,137
13221,S,25,149
13222,B,30,160
13223,B,3,132
13224,B,4,168
13225,B,29,158
13226,B,17,115
13227,S,29,146
13228,B,19,134
13229,B,26,132
13230,B,3,159
13231,S,7,131
13232,B,37,164
13233,S,32,162
13234,B,13,142
13235,B,23,149
13236,S,41,166
13237,S,42,166
13238,B,6,146
13239,B,13,154
13240,S,1,126
13241,S,11,132
13242,S,37,159
13243,S,40,154
13244,B,50,149
13245,B,16,139
13246,S,25,131
13247,S,3,110
13248,S,34,164
13249,S,5,125
13250,B,2,155
13251,B,37,122
13252,S,19,132
13253,S,43,144
13254,B,13,157
13255,S,16,151
13256,B,14,143
13257,S,46,132
13258,B,16,161
13259,B,1,173
13260,S,36,175
13261,B,36,174
13262,S,7,158
13263,B,31,157
13264,S,29,165
13265,S,29,156
13266,S,46,157
13267,B,49,154
13268,B,10,154
13269,S,21,146
13270,S,40,148
13271,B,16,164
13272,B,29,151
13273,S,34,152
13274,S,11,173
13275,S,49,169
13276,S,21,145
13277,S,49,142
13278,S,19,181
13279,S,31,163
13280,S,48,148
13281,S,21,144
13282,B,23,126
13283,S,47,157
13284,S,34,162
13285,B,21,148
13286,B,39,146
13287,B,46,129
13288,B,7,156
13289,B,8,137
13290,S,16,148
13291,B,35,133
13292,S,19,165
13293,S,32,158
13294,B,27,147
13295,B,39,146
13296,B,5,140
13297,B,17,150
13298,S,49,148
13299,S,21,155
13300,S,20,182
13301,S,25,161
13302,B,50,139
13303,B,16,123
13304,S,9,128
13305,S,50,128
13306,S,21,137
13307,S,47,154
13308,S,41,171
13309,B,26,122
13310,B,41,148
13311,B,11,150
13312,S,10,175
13313,S,6,149
13314,S,43,164
13315,S,50,162
13316,B,41,145
13317,S,38,128
13318,S,27,161
13319,B,14,147
13320,S,23,173
13321,S,31,154
13322,S,27,150
13323,B,37,127
13324,B,10,173
13325,B,47,137
13326,S,12,172
13327,B,9,164
13328,B,26,167
13329,B,23,131
13330,B,47,145
13331,B,33,140
13332,S,5,148
13333,B,21,164
13334,B,4,172
13335,B,23,163
13336,S,11,152
13337,B,28,160
13338,S,40,158
13339,B,20,171
13340,S,25,128
13341,S,29,138
13342,B,38,126
13343,S,42,162
13344,B,48,157
13345,S,4,155
13346,S,35,159
13347,S,25,167
13348,S,29,160
13349,S,4,147
13350,B,24,155
13351,S,12,169
13352,S,43,122
13353,B,26,171
13354,B,2,159
13355,S,25,155
13356,B,26,157
13357,B,33,155
13358,B,26,151
13359,S,39,160
13360,B,43,123
13361,S,19,147
13362,B,16,139
13363,S,42,138
13364,B,15,164
13365,B,4,132
13366,B,25,142
13367,S,12,157
13368,B,21,136
13369,S,5,148
13370,S,22,150
13371,S,40,131
13372,S,23,168
13373,B,49,176
13374,B,34,138
13375,S,6,137
13376,B,27,118
13377,B,48,179
13378,B,1,156
13379,S,27,164
13380,B,40,139
13381,S,13,138
13382,B,9,170
13383,S,18,137
13384,B,41,165
13385,S,35,147
13386,S,15,143
13387,B,5,165
13388,S,44,132
13389,S,10,175
13390,B,23,153
13391,S,48,131
13392,S,5,151
13393,B,42,148
13394,B,40,140
13395,S,2,127
13396,B,23,151
13397,B,28,172
13398,S,22,139
13399,B,15,154
13400,B,6,153
13401,S,30,133
13402,S,5,135
13403,B,37,169
13404,B,12,143
13405,B,1,174
13406,B,36,128
13407,B,23,149
13408,B,44,169
13409,S,9,156
13410,B,36,167
13411,B,8,125
13412,B,22,136
13413,B,21,158
13414,B,46,139
13415,B,18,152
13416,B,16,152
13417,B,16,170
13418,B,11,134
13419,S,17,168
13420,S,16,160
13421,B,33,126
13422,S,44,143
13423,B,31,174
13424,S,38,144
13425,S,10,158
13426,S,15,150
13427,B,34,147
13428,S,19,132
13429,S,42,128
13430,B,3,160
13431,S,2,132
13432,S,18,175
13433,S,43,146
13434,B,21,148
13435,B,36,153
13436,B,11,164
13437,B,4,141
13438,B,31,138
13439,B,37,151
13440,B,32,144
13441,S,46,134
13442,B,23,173
13443,S,34,154
13444,S,22,166
13445,S,49,141
13446,B,39,124
13447,S,26,153
13448,S,15,165
13449,S,25,145
13450,B,31,153
13451,S,7,121
13452,B,1,157
13453,B,28,150
13454,B,9,141
13455,S,1,150
13456,S,24,152
13457,B,26,161
13458,B,46,163
13459,S,31,166
13460,S,28,134
13461,S,36,166
13462,S,14,183
13463,B,28,139
13464,B,30,135
13465,S,10,161
13466,S,16,160
13467,S,16,134
13468,S,40,141
13469,B,49,158
13470,B,49,187
13471,S,16,153
13472,S,26,165
13473,B,34,167
13474,S,36,158
13475,S,16,169
13476,S,6,149
13477,S,40,146
13478,S,22,157
13479,S,47,139
13480,S,29,159
13481,S,3,179
13482,S,3,153
13483,S,30,113
13484,B,25,139
13485,S,37,141
13486,S,25,160
13487,B,50,146
13488,B,17,137
13489,B,22,128
13490,S,35,159
13491,B,4,181
13492,B,44,148
13493,S,21,157
13494,S,14,141
13495,B,31,141
13496,B,33,161
13497,S,43,120
13498,S,28,157
13499,B,25,129
13500,S,27,141
13501,B,20,150
13502,B,22,159
13503,S,36,158
13504,S,10,119
13505,S,21,160
13506,S,5,144
13507,B,50,132
13508,B,36,159
13509,S,42,165
13510,B,38,148
13511,B,40,187
13512,S,7,168
13513,S,44,153
13514,S,46,157
13515,B,4,143
13516,S,14,157
13517,B,34,181
13518,S,32,140
13519,B,32,161
13520,B,17,131
13521,S,36,158
13522,B,1,148
13523,B,48,163
13524,S,27,166
13525,B,10,154
13526,B,4,157
13527,S,20,102
13528,B,32,106
13529,B,38,166
13530,S,47,141
13531,S,48,149
13532,S,48,169
13533,S,17,178
13534,S,10,128
13535,S,8,139
13536,S,27,140
13537,S,18,125
13538,S,30,148
13539,B,43,136
13540,S,45,178
13541,S,13,132
13542,B,4,136
13543,S,45,169
13544,S,13,131
13545,S,1,155
13546,B,45,116
13547,B,17,155
13548,B,25,159
13549,B,3,148
13550,S,27,173
13551,S,32,172
13552,S,1,140
13553,S,8,164
13554,B,46,164
13555,S,7,137
13556,S,21,128
13557,B,27,161
13558,S,11,160
13559,B,45,171
13560,S,7,155
13561,S,47,168
13562,S,11,142
13563,S,3,152
13564,B,5,149
13565,S,41,137
13566,B,20,138
13567,S,18,144
13568,S,19,161
13569,S,30,161
13570,B,14,155
13571,S,40,149
13572,B,21,125
13573,S,3,171
13574,B,17,146
13575,B,45,153
13576,S,10,154
13577,B,46,180
13578,S,21,138
13579,S,42,161
13580,B,12,139
13581,S,11,172
13582,B,37,144
13583,S,15,136
13584,S,33,151
13585,S,5,159
13586,S,36,148
13587,B,16,149
13588,B,12,166
13589,B,15,145
13590,S,36,153
13591,S,19,134
13592,S,27,143
13593,B,21,163
13594,B,48,152
13595,S,43,150
13596,S,11,152
13597,S,3,150
13598,S,18,119
13599,S,6,144
13600,B,44,152
13601,S,42,136
13602,B,26,162
13603,B,26,145
13604,B,25,149
13605,B,22,153
13606,S,49,156
13607,S,45,152
13608,S,31,168
13609,S,38,159
13610,S,12,156
13611,S,13,178
13612,S,22,151
13613,B,43,139
13614,B,45,138
13615,B,8,138
13616,B,6,164
13617,S,18,144
13618,S,45,158
13619,S,50,154
13620,S,9,150
13621,S,50,177
13622,S,7,172
13623,B,7,155
13624,S,38,143
13625,S,5,149
13626,S,39,178
13627,S,16,158
13628,S,36,154
13629,B,9,114
13630,S,39,133
13631,B,1,148
13632,B,33,147
13633,B,22,150
13634,B,13,139
13635,B,19,147
13636,B,48,148
13637,B,45,153
13638,B,46,128
13639,B,22,186
13640,S,3,157
13641,B,7,131
13642,B,45,157
13643,S,37,150
13644,S,41,123
13645,B,11,166
13646,S,28,182
13647,S,10,129
13648,B,47,164
13649,S,37,168
13650,B,30,143
13651,S,40,155
13652,S,21,130
13653,B,12,138
13654,S,1,170
13655,B,15,151
13656,B,28,148
13657,S,27,139
13658,S,8,118
13659,S,26,151
13660,S,33,120
13661,B,14,152
13662,B,23,146
13663,B,20,169
13664,B,49,167
13665,S,19,141
13666,B,34,139
13667,S,10,158
13668,S,50,162
13669,B,15,179
13670,B,18,142
13671,S,25,151
13672,S,7,158
13673,B,43,155
13674,S,24,164
13675,S,17,118
13676,S,48,143
13677,B,45,148
13678,S,16,156
13679,S,3,142
13680,B,18,136
13681,B,44,166
13682,S,35,136
13683,B,38,149
13684,B,24,171
13685,S,40,152
13686,B,39,160
13687,S,10,170
13688,S,16,142
13689,S,35,154
13690,B,22,158
13691,B,17,155
13692,B,39,130
13693,S,22,146
13694,S,50,164
13695,B,11,126
13696,B,30,152
13697,S,6,148
13698,B,24,133
13699,B,9,159
13700,S,18,140
13701,S,15,133
13702,S,42,144
13703,S,45,140
13704,B,14,147
13705,B,16,147
13706,B,43,157
13707,S,30,136
13708,B,32,162
13709,S,31,140
13710,S,4,145
13711,B,6,144
13712,B,33,145
13713,S,16,168
13714,S,2,155
13715,B,42,142
13716,S,40,133
13717,S,42,153
13718,B,19,163
13719,B,9,182
13720,S,40,153
13721,B,9,160
13722,S,32,172
13723,S,29,172
13724,B,29,139
13725,S,4,153
13726,B,34,172
13727,S,12,149
13728,B,34,178
13729,S,28,170
13730,B,34,152
13731,B,38,164
13732,S,35,146
13733,S,12,132
13734,B,19,151
13735,S,22,123
13736,B,39,138
13737,S,29,163
13738,S,45,164
13739,B,44,155
13740,B,42,139
13741,B,10,148
13742,S,27,148
13743,S,38,156
13744,S,42,112
13745,S,34,173
13746,B,34,125
13747,S,14,147
13748,S,15,150
13749,S,40,144
13750,S,38,153
13751,B,46,137
13752,B,48,164
13753,S,12,163
13754,B,41,163
13755,B,6,146
13756,S,37,133
13757,S,9,154
13758,S,38,142
13759,S,23,134
13760,S,40,152
13761,S,44,131
13762,S,36,129
13763,B,9,140
13764,B,8,173
13765,B,2,157
13766,B,27,150
13767,S,39,141
13768,B,21,140
13769,S,21,158
13770,S,50,173
13771,B,37,169
13772,S,43,130
13773,B,43,157
13774,B,23,162
13775,S,12,150
13776,S,44,155
13777,S,47,158
13778,S,9,129
13779,S,34,161
13780,B,23,172
13781,B,30,121
13782,B,22,143
13783,B,12,146
13784,B,49,158
13785,B,21,141
13786,B,44,166
13787,S,44,144
13788,S,47,140
13789,B,25,150
13790,S,4,133
13791,B,43,147
13792,B,38,174
13793,S,39,151
13794,B,31,149
13795,B,41,167
13796,B,27,152
13797,B,43,147
13798,B,26,138
13799,S,46,151
13800,S,43,136
13801,S,31,139
13802,B,48,159
13803,B,30,119
13804,B,50,150
13805,B,24,141
13806,S,16,131
13807,B,14,160
13808,B,37,144
13809,S,46,158
13810,B,29,160
13811,S,32,141
13812,B,36,149
13813,B,48,152
13814,B,45,145
13815,B,42,142
13816,S,18,161
13817,S,48,123
13818,B,17,156
13819,B,43,163
13820,S,50,145
13821,S,12,140
13822,S,17,138
13823,B,38,170
13824,B,39,145
13825,S,26,147
13826,S,42,151
13827,S,13,153
13828,S,4,171
13829,S,44,177
13830,B,33,146
13831,S,48,153
13832,B,33,170
13833,B,6,129
13834,B,49,149
13835,B,45,136
13836,S,41,150
13837,B,39,102
13838,S,41,144
13839,B,49,157
13840,S,29,134
13841,S,31,141
13842,B,38,144
13843,B,31,161
13844,B,39,173
13845,S,39,148
13846,B,12,139
13847,S,1,171
13848,B,14,139
13849,B,14,134
13850,B,31,135
13851,S,27,162
13852,B,49,156
13853,S,5,159
13854,S,9,144
13855,B,34,150
13856,S,24,160
13857,B,47,169
13858,S,31,157
13859,S,43,126
13860,S,10,140
13861,B,45,167
13862,S,35,145
13863,S,36,156
13864,S,28,135
13865,B,1,124
13866,B,46,152
13867,B,39,131
13868,B,10,154
13869,S,34,137
13870,S,13,169
13871,S,39,165
13872,S,27,139
13873,S,48,184
13874,S,24,149
13875,S,3,162
13876,S,16,137
13877,B,49,121
13878,B,36,157
13879,S,47,146
13880,B,35,145
13881,S,21,149
13882,S,23,148
13883,B,48,122
13884,S,21,129
13885,B,7,144
13886,B,44,130
13887,S,32,142
13888,S,32,154
13889,S,6,139
13890,B,47,124
13891,S,25,159
13892,B,19,163
13893,S,49,127
13894,S,20,151
13895,S,29,161
13896,S,15,149
13897,B,31,135
13898,B,45,167
13899,S,11,175
13900,B,1,146
13901,B,14,146
13902,S,41,145
13903,S,16,168
13904,S,11,155
13905,B,39,150
13906,S,1,183
13907,S,31,152
13908,B,31,150
13909,S,11,147
13910,B,32,145
13911,S,16,186
13912,S,49,136
13913,S,38,164
13914,B,49,145
13915,S,32,146
13916,B,40,139
13917,S,42,159
13918,S,33,123
13919,S,42,146
13920,S,41,139
13921,S,17,153
13922,S,25,173
13923,B,28,144
13924,B,22,157
13925,S,17,139
13926,S,29,138
13927,B,6,152
13928,B,30,152
13929,S,24,162
13930,S,40,155
13931,B,36,147
13932,S,43,141
13933,B,9,165
13934,B,50,152
13935,B,4,146
13936,S,23,139
13937,B,29,143
13938,B,19,136
13939,B,21,163
13940,B,12,139
13941,S,27,145
13942,B,31,166
13943,B,9,131
13944,B,4,141
13945,S,22,143
13946,B,13,159
13947,S,40,179
13948,S,38,137
13949,B,37,180
13950,S,12,159
13951,B,39,150
13952,S,36,166
13953,S,49,141
13954,S,36,138
13955,B,50,137
13956,S,28,167
13957,B,4,148
13958,S,33,131
13959,B,28,155
13960,S,43,133
13961,S,33,160
13962,S,49,187
13963,B,44,133
13964,S,3,148
13965,S,46,164
13966,B,40,143
13967,B,44,145
13968,B,15,166
13969,B,45,152
13970,B,34,143
13971,B,23,155
13972,S,40,148
13973,S,43,152
13974,B,8,149
13975,B,30,134
13976,S,50,142
13977,S,11,168
13978,S,6,154
13979,S,43,138
13980,B,20,172
13981,B,32,148
13982,S,45,144
13983,B,24,125
13984,B,41,149
13985,S,10,136
13986,S,24,120
13987,B,50,146
13988,S,23,148
13989,B,13,110
13990,B,12,137
13991,B,50,158
13992,B,36,137
13993,B,36,147
13994,S,12,156
13995,S,34,122
13996,S,36,153
13997,B,8,169
13998,S,11,174
13999,S,6,147
14000,B,1,133
14001,S,45,153
14002,B,34,124
14003,S,34,139
14004,B,44,169
14005,B,28,154
14006,B,35,142
14007,S,28,154
14008,S,26,148
14009,S,31,146
14010,S,23,164
14011,S,16,150
14012,S,21,143
14013,S,31,176
14014,B,3,149
14015,B,22,152
14016,B,21,168
14017,S,34,153
14018,S,33,158
14019,S,49,161
14020,S,3,155
14021,B,10,129
14022,S,19,153
14023,B,24,149
14024,B,49,156
14025,S,38,126
14026,B,34,161
14027,B,28,160
14028,B,41,168
14029,S,28,161
14030,B,46,151
14031,S,29,162
14032,S,20,154
14033,S,36,151
14034,S,38,171
14035,B,9,155
14036,S,37,180
14037,B,42,154
14038,S,40,140
14039,B,22,175
14040,S,42,135
14041,B,44,130
14042,B,36,154
14043,B,26,135
14044,S,20,120
14045,S,21,152
14046,B,15,132
14047,B,23,152
14048,B,42,155
14049,B,17,125
14050,S,40,132
14051,S,26,126
14052,B,3,148
14053,B,17,146
14054,S,46,158
14055,B,18,182
14056,S,21,141
14057,B,20,150
14058,B,48,144
14059,S,4,137
14060,S,1,154
14061,B,26,167
14062,S,7,182
14063,B,2,142
14064,B,25,162
14065,B,44,135
14066,B,7,136
14067,S,17,146
14068,S,10,149
14069,S,29,165
14070,B,15,173
14071,S,7,169
14072,B,29,131
14073,S,12,157
14074,B,38,158
14075,S,32,115
14076,S,36,136
14077,B,41,151
14078,S,42,174
14079,B,6,172
14080,S,28,151
14081,B,18,143
14082,B,6,123
14083,S,50,174
14084,S,22,120
14085,B,17,160
14086,S,28,151
14087,S,19,136
14088,S,41,143
14089,B,39,134
14090,S,24,149
14091,S,6,138
14092,B,30,168
14093,B,17,120
14094,S,39,154
14095,B,36,143
14096,B,21,131
14097,B,20,157
14098,B,1,159
14099,S,19,130
14100,B,49,146
14101,S,1,161
14102,B,23,143
14103,B,19,153
14104,B,6,144
14105,B,10,162
14106,S,14,145
14107,S,8,122
14108,S,37,134
14109,S,18,174
14110,B,50,165
14111,B,31,135
14112,S,35,165
14113,B,33,151
14114,S,12,139
14115,B,29,135
14116,B,13,142
14117,B,20,152
14118,B,40,147
14119,B,32,141
14120,B,27,149
14121,S,11,139
14122,S,27,150
14123,B,29,159
14124,S,19,164
14125,S,40,142
14126,S,8,173
14127,S,49,136
14128,S,46,134
14129,S,49,146
14130,S,37,143
14131,S,18,146
14132,B,32,152
14133,S,41,140
14134,S,47,167
14135,S,27,175
14136,S,1,145
14137,S,15,130
14138,S,42,131
14139,B,49,124
14140,B,8,156
14141,B,7,151
14142,S,16,148
14143,S,3,151
14144,B,13,133
14145,B,7,144
14146,S,47,156
14147,B,33,129
14148,B,35,162
14149,B,11,159
14150,B,8,133
14151,B,33,159
14152,S,23,156
14153,S,50,148
14154,B,7,133
14155,S,32,143
14156,B,21,150
14157,B,2,156
14158,S,27,150
14159,B,16,148
14160,S,3,143
14161,B,27,160
14162,B,32,155
14163,B,10,138
14164,S,45,171
14165,B,28,166
14166,B,22,174
14167,B,27,141
14168,B,3,167
14169,B,21,157
14170,S,32,168
14171,B,26,124
14172,B,5,142
14173,B,37,120
14174,S,28,144
14175,S,27,143
14176,S,27,168
14177,B,49,156
14178,S,11,124
14179,B,19,140
14180,B,13,140
14181,B,34,154
14182,S,13,161
14183,B,13,156
14184,B,2,120
14185,B,22,128
14186,S,31,162
14187,B,41,174
14188,B,32,185
14189,S,33,147
14190,S,34,163
14191,B,5,140
14192,B,8,155
14193,S,12,159
14194,B,12,127
14195,B,37,134
14196,S,50,146
14197,S,17,142
14198,B,44,165
14199,B,36,163
14200,S,19,119
14201,B,42,152
14202,B,20,135
14203,S,39,149
14204,S,31,145
14205,B,48,151
14206,S,27,150
14207,B,31,140
14208,S,24,136
14209,B,18,167
14210,S,24,132
14211,B,1,145
14212,S,40,149
14213,B,47,110
14214,B,7,170
14215,B,15,168
14216,S,1,173
14217,S,13,149
14218,B,24,152
14219,S,38,177
14220,S,6,149
14221,S,26,157
14222,B,13,168
14223,B,21,161
14224,B,11,185
14225,B,25,152
14226,B,25,146
14227,S,9,141
14228,S,15,122
14229,B,25,171
14230,B,10,141
14231,B,7,181
14232,B,29,156
14233,B,39,152
14234,S,17,136
14235,B,22,181
14236,B,24,133
14237,B,36,137
14238,B,1,131
14239,S,27,136
14240,S,23,153
14241,B,27,140
14242,B,31,140
14243,S,16,161
14244,S,42,153
14245,B,10,157
14246,B,49,164
14247,S,31,112
14248,B,48,165
14249,S,2,155
14250,B,13,147
14251,S,29,159
14252,S,20,144
14253,B,24,152
14254,S,10,162
14255,B,46,157
14256,S,40,164
14257,S,45,134
14258,S,21,173
14259,S,34,187
14260,B,16,130
14261,B,31,164
14262,B,6,135
14263,B,17,184
14264,B,19,149
14265,S,24,143
14266,S,5,166
14267,B,29,147
14268,B,46,165
14269,S,6,142
14270,B,21,144
14271,S,21,136
14272,B,1,134
14273,B,17,145
14274,B,6,167
14275,S,26,136
14276,B,14,136
14277,B,8,154
14278,B,35,142
14279,B,6,135
14280,B,16,146
14281,S,31,151
14282,S,17,132
14283,B,2,172
14284,B,42,130
14285,S,19,141
14286,B,46,155
14287,S,36,126
14288,B,27,154
14289,S,14,145
14290,S,43,151
14291,B,8,141
14292,S,19,162
14293,S,28,138
14294,B,10,146
14295,B,15,175
14296,B,19,130
14297,B,48,125
14298,B,33,155
14299,S,26,135
14300,B,39,154
14301,S,7,177
14302,S,45,142
14303,S,26,143
14304,S,32,167
14305,S,28,173
14306,S,15,139
14307,B,28,173
14308,S,28,139
14309,B,50,144
14310,S,7,142
14311,B,31,140
14312,B,19,170
14313,S,48,141
14314,B,1,133
14315,S,35,131
14316,B,37,138
14317,S,29,136
14318,S,50,168
14319,B,1,156
14320,S,41,168
14321,S,41,164
14322,S,16,121
14323,B,18,152
14324,B,42,135
14325,S,16,166
14326,S,7,151
14327,S,33,133
14328,S,16,170
14329,B,43,181
14330,S,17,154
14331,B,37,137
14332,B,48,144
14333,B,34,151
14334,S,45,136
14335,S,18,137
14336,B,37,149
14337,B,21,136
14338,S,37,164
14339,B,33,153
14340,B,10,134
14341,S,26,147
14342,B,39,142
14343,B,19,156
14344,B,6,131
14345,S,18,160
14346,B,41,159
14347,S,12,128
14348,S,40,118
14349,B,33,147
14350,B,6,129
14351,B,10,167
14352,B,39,131
14353,B,36,155
14354,B,14,156
14355,B,6,120
14356,B,9,142
14357,S,1,165
14358,B,49,136
14359,S,8,148
14360,S,8,158
14361,S,6,165
14362,B,42,148
14363,S,13,159
14364,B,15,157
14365,S,17,171
14366,B,20,156
14367,B,1,146
14368,S,16,156
14369,S,17,165
14370,B,5,138
14371,S,10,163
14372,S,22,178
14373,B,43,159
14374,S,42,155
14375,B,50,180
14376,S,44,132
14377,S,32,173
14378,B,12,132
14379,S,14,164
14380,S,15,136
14381,B,28,142
14382,B,16,156
14383,S,7,156
14384,B,16,139
14385,B,4,132
14386,B,24,163
14387,B,12,152
14388,S,34,134
14389,S,46,161
14390,B,47,154
14391,B,12,157
14392,B,36,170
14393,S,16,124
14394,S,31,172
14395,B,50,131
14396,S,7,158
14397,B,31,177
14398,B,36,191
14399,S,34,146
14400,B,15,141
14401,B,28,151
14402,B,34,164
14403,B,40,167
14404,B,40,136
14405,B,5,155
14406,S,46,157
14407,B,35,139
14408,B,42,157
14409,S,48,170
14410,B,14,144
14411,S,4,148
14412,S,20,137
14413,S,21,143
14414,S,1,179
14415,B,21,156
14416,B,33,162
14417,B,14,144
14418,S,8,143
14419,B,43,148
14420,B,34,127
14421,S,4,140
14422,B,32,148
14423,S,38,132
14424,B,48,168
14425,S,15,146
14426,S,50,163
14427,S,7,156
14428,S,16,170
14429,B,48,132
14430,B,27,147
14431,S,44,151
14432,S,45,179
14433,S,14,162
14434,B,5,166
14435,S,45,161
14436,B,38,195
14437,S,22,150
14438,B,14,161
14439,B,13,152
14440,S,32,146
14441,B,30,140
14442,B,37,152
14443,B,2,140
14444,S,9,165
14445,B,1,161
14446,S,9,164
14447,B,31,149
14448,B,18,155
14449,S,45,136
14450,S,18,161
14451,S,16,161
14452,B,21,133
14453,B,50,170
14454,S,37,177
14455,B,22,140
14456,B,29,125
14457,B,9,172
14458,B,48,167
14459,B,40,110
14460,S,39,123
14461,B,15,154
14462,S,1,142
14463,B,37,128
14464,S,48,124
14465,S,18,143
14466,S,29,116
14467,B,47,165
14468,S,3,146
14469,S,17,200
14470,B,6,169
14471,S,45,141
14472,S,18,127
14473,B,37,163
14474,B,42,173
14475,S,21,157
14476,B,5,191
14477,B,17,159
14478,B,48,149
14479,B,25,154
14480,S,17,156
14481,S,28,151
14482,S,4,146
14483,B,3,161
14484,S,27,162
14485,S,23,153
14486,S,14,139
14487,S,47,140
14488,S,2,142
14489,S,36,161
14490,B,9,160
14491,S,29,138
14492,S,34,186
14493,B,45,164
14494,S,6,130
14495,B,11,135
14496,B,12,154
14497,S,4,136
14498,B,2,141
14499,S,16,160
14500,B,5,148
14501,S,17,153
14502,B,31,135
14503,S,50,133
14504,S,7,170
14505,B,45,131
14506,B,16,151
14507,B,38,141
14508,S,24,146
14509,S,25,153
14510,B,19,140
14511,S,25,156
14512,S,42,145
14513,B,17,175
14514,S,15,169
14515,B,33,161
14516,B,16,170
14517,S,41,128
14518,B,44,147
14519,S,50,175
14520,S,46,168
14521,B,50,142
14522,S,37,150
14523,B,46,137
14524,S,34,161
14525,S,2,144
14526,B,22,138
14527,S,26,144
14528,B,10,170
14529,S,36,132
14530,S,31,130
14531,B,31,142
14532,S,31,139
14533,S,17,131
14534,S,3,165
14535,S,16,143
14536,S,37,159
14537,B,35,139
14538,S,35,156
14539,S,20,155
14540,S,28,135
14541,S,49,157
14542,B,8,148
14543,B,24,144
14544,B,22,142
14545,B,8,158
14546,S,1,132
14547,S,27,158
14548,S,41,147
14549,S,42,157
14550,S,47,149
14551,S,32,140
14552,B,29,134
14553,S,31,125
14554,B,29,148
14555,S,4,164
14556,B,48,199
14557,B,45,140
14558,B,17,125
14559,S,3,180
14560,S,24,137
14561,S,41,153
14562,B,18,113
14563,S,23,152
14564,S,42,147
14565,S,25,127
14566,S,45,157
14567,S,12,177
14568,B,2,139
14569,S,14,109
14570,B,47,147
14571,S,9,142
14572,B,44,131
14573,S,4,153
14574,S,48,166
14575,S,26,125
14576,B,40,153
14577,B,41,184
14578,B,20,153
14579,S,35,134
14580,B,19,134
14581,B,45,130
14582,S,39,187
14583,S,7,161
14584,S,50,140
14585,S,44,164
14586,S,27,161
14587,S,37,163
14588,B,44,137
14589,S,38,142
14590,S,31,178
14591,B,22,154
14592,B,39,146
14593,B,23,156
14594,S,31,136
14595,B,14,138
14596,B,34,145
14597,B,13,151
14598,B,48,151
14599,B,10,125
14600,B,15,166
14601,B,28,144
14602,B,19,151
14603,B,36,138
14604,B,37,162
14605,S,40,158
14606,B,37,167
14607,S,27,166
14608,S,7,155
14609,B,36,151
14610,S,17,183
14611,S,23,149
14612,S,10,155
14613,B,13,154
14614,B,4,120
14615,S,39,137
14616,S,42,173
14617,S,10,148
14618,B,13,119
14619,B,47,135
14620,S,48,131
14621,S,11,173
14622,S,31,137
14623,B,20,161
14624,S,47,161
14625,B,29,154
14626,S,6,156
14627,S,37,128
14628,B,23,156
14629,B,22,136
14630,S,40,155
14631,B,18,165
14632,S,16,139
14633,S,10,129
14634,S,49,173
14635,S,38,143
14636,B,34,147
14637,S,39,119
14638,B,28,159
14639,S,11,122
14640,S,35,133
14641,S,40,152
14642,B,25,153
14643,B,39,151
14644,S,25,175
14645,S,12,122
14646,S,15,161
14647,B,43,158
14648,B,17,158
14649,B,46,160
14650,B,5,143
14651,B,39,152
14652,S,30,150
14653,B,12,173
14654,S,7,138
14655,S,40,164
14656,S,2,152
14657,B,38,164
14658,B,43,128
14659,B,2,174
14660,B,24,147
14661,S,29,132
14662,B,15,156
14663,S,4,148
14664,B,43,146
14665,S,18,127
14666,B,24,181
14667,S,2,170
14668,S,7,152
14669,S,14,150
14670,S,31,157
14671,B,6,178
14672,B,19,175
14673,B,27,168
14674,B,36,174
14675,B,11,162
14676,S,5,150
14677,B,34,150
14678,S,38,135
14679,S,26,175
14680,B,6,160
14681,S,16,169
14682,S,18,146
14683,S,6,149
14684,B,2,161
14685,B,20,129
14686,S,48,180
14687,B,5,160
14688,B,41,138
14689,S,4,144
14690,B,13,130
14691,S,49,152
14692,S,27,170
14693,B,21,150
14694,S,22,175
14695,S,10,135
14696,S,18,148
14697,B,12,150
14698,S,4,141
14699,S,38,157
14700,S,27,138
14701,B,50,130
14702,S,7,144
14703,B,32,160
14704,S,36,156
14705,B,25,155
14706,B,5,137
14707,S,43,164
14708,S,36,139
14709,B,26,164
14710,S,21,149
14711,B,17,135
14712,S,20,149
14713,S,48,143
14714,B,50,126
14715,B,48,126
14716,S,34,129
14717,B,45,151
14718,S,8,153
14719,B,29,146
14720,S,27,181
14721,S,40,146
14722,S,5,158
14723,S,47,152
14724,B,1,142
14725,S,25,179
14726,B,28,148
14727,B,17,151
14728,B,10,132
14729,B,39,159
14730,S,44,131
14731,B,21,165
14732,S,6,162
14733,S,3,161
14734,B,6,155
14735,S,23,135
14736,B,1,145
14737,B,29,132
14738,S,19,141
14739,S,24,147
14740,S,28,133
14741,S,31,157
14742,B,45,134
14743,B,39,157
14744,B,49,153
14745,B,20,141
14746,B,41,150
14747,B,8,152
14748,S,48,170
14749,S,40,181
14750,S,30,140
14751,S,45,148
14752,B,7,168
14753,B,44,136
14754,B,18,139
14755,S,45,166
14756,S,38,132
14757,B,6,131
14758,B,49,146
14759,S,9,142
14760,B,48,135
14761,B,36,147
14762,B,43,160
14763,B,5,164
14764,S,4,156
14765,S,46,144
14766,B,24,140
14767,S,40,153
14768,S,21,166
14769,B,26,136
14770,S,28,170
14771,S,10,135
14772,S,35,178
14773,S,48,122
14774,B,9,117
14775,S,16,179
14776,S,10,140
14777,B,40,149
14778,B,24,163
14779,B,36,177
14780,B,40,141
14781,S,36,158
14782,S,42,162
14783,S,7,125
14784,B,8,142
14785,B,4,141
14786,B,19,138
14787,S,16,155
14788,B,18,174
14789,S,4,143
14790,B,42,146
14791,S,1,138
14792,S,37,161
14793,B,31,140
14794,S,19,149
14795,S,40,149
14796,B,48,126
14797,B,4,123
14798,S,42,142
14799,B,11,151
14800,S,13,137
14801,B,44,156
14802,B,4,141
14803,B,40,169
14804,S,31,162
14805,B,35,143
14806,B,20,141
14807,B,25,148
14808,B,1,132
14809,S,11,149
14810,S,24,146
14811,B,35,159
14812,S,4,176
14813,B,13,163
14814,S,6,159
14815,S,36,164
14816,S,23,130
14817,B,47,113
14818,S,40,181
14819,B,34,180
14820,S,48,153
14821,B,19,152
14822,B,1,177
14823,S,17,178
14824,B,24,174
14825,B,22,147
14826,S,14,121
14827,B,50,134
14828,B,10,127
14829,S,36,154
14830,S,40,133
14831,B,3,156
14832,B,14,146
14833,B,25,142
14834,B,3,143
14835,S,6,157
14836,B,8,141
14837,B,31,176
14838,B,6,140
14839,B,42,142
14840,S,37,123
14841,B,28,144
14842,S,28,123
14843,S,14,136
14844,S,6,136
14845,S,48,169
14846,S,18,143
14847,S,27,131
14848,B,38,133
14849,S,7,169
14850,S,42,142
14851,B,35,157
14852,S,27,135
14853,B,16,137
14854,B,10,151
14855,B,16,151
14856,B,49,143
14857,B,7,133
14858,S,2,158
14859,B,32,150
14860,B,20,150
14861,B,50,153
14862,S,20,164
14863,S,3,143
14864,S,48,141
14865,B,30,138
14866,S,27,132
14867,S,13,153
14868,S,32,136
14869,B,34,150
14870,B,10,164
14871,B,13,128
14872,B,39,147
14873,B,19,149
14874,S,30,129
14875,S,7,150
14876,S,33,151
14877,S,13,151
14878,S,44,116
14879,B,33,159
14880,B,37,164
14881,S,1,137
14882,B,26,128
14883,B,11,172
14884,S,11,139
14885,S,11,143
14886,S,2,137
14887,S,35,162
14888,B,11,141
14889,S,7,132
14890,S,14,166
14891,B,3,149
14892,B,47,138
14893,B,40,148
14894,S,34,159
14895,S,36,142
14896,B,18,175
14897,B,13,141
14898,S,35,127
14899,S,45,163
14900,S,25,168
14901,B,12,139
14902,B,33,155
14903,B,28,172
14904,S,4,150
14905,S,41,134
14906,S,41,142
14907,B,34,140
14908,S,45,150
14909,B,29,148
14910,B,22,169
14911,B,29,140
14912,B,34,167
14913,S,2,167
14914,S,21,156
14915,S,35,150
14916,B,13,152
14917,B,19,174
14918,B,31,157
14919,S,25,149
14920,B,18,147
14921,S,16,170
14922,B,35,159
14923,B,29,135
14924,B,42,149
14925,S,27,146
14926,S,1,162
14927,S,34,164
14928,S,1,147
14929,B,22,135
14930,S,25,135
14931,B,8,155
14932,S,28,137
14933,S,41,149
14934,B,20,144
14935,B,17,163
14936,S,30,135
14937,B,40,144
14938,B,30,145
14939,B,9,148
14940,S,28,138
14941,B,7,152
14942,S,15,162
14943,B,29,149
14944,B,34,129
14945,B,16,142
14946,B,43,159
14947,S,9,123
14948,B,28,131
14949,S,12,174
14950,S,4,184
14951,B,24,123
14952,S,36,142
14953,B,36,158
14954,S,6,157
14955,S,50,171
14956,B,41,135
14957,S,1,159
14958,S,10,174
14959,S,27,155
14960,S,3,163
14961,S,5,133
14962,S,6,147
14963,B,4,148
14964,B,43,137
14965,S,20,156
14966,S,16,183
14967,B,4,138
14968,B,18,132
14969,S,9,153
14970,S,42,146
14971,B,1,120
14972,S,22,160
14973,S,44,172
14974,B,13,174
14975,B,7,159
14976,S,50,164
14977,S,37,149
14978,B,41,166
14979,S,49,155
14980,B,6,168
14981,B,43,129
14982,S,3,158
14983,B,27,150
14984,S,27,169
14985,S,16,187
14986,S,49,161
14987,S,22,131
14988,B,23,170
14989,B,21,139
14990,B,44,143
14991,S,6,181
14992,B,33,153
14993,S,45,150
14994,S,36,160
14995,S,22,177
14996,S,32,124
14997,S,37,131
14998,B,44,172
14999,S,21,159
15000,B,48,188
15001,B,49,141
15002,B,26,178
15003,S,47,159
15004,B,41,172
15005,B,39,153
15006,S,42,138
15007,S,15,153
15008,B,38,157
15009,S,23,110
15010,S,32,114
15011,S,46,144
15012,B,31,142
15013,S,9,178
15014,S,47,133
15015,S,40,131
15016,S,48,168
15017,B,43,174
15018,S,27,171
15019,S,41,166
15020,B,29,170
15021,S,19,153
15022,B,37,143
15023,B,5,144
15024,S,9,145
15025,B,28,144
15026,S,31,112
15027,B,50,149
15028,B,1,146
15029,S,42,170
15030,S,6,131
15031,S,50,154
15032,S,23,153
15033,S,23,172
15034,B,15,122
15035,S,14,111
15036,S,30,146
15037,B,33,174
15038,B,5,131
15039,B,38,161
15040,S,21,140
15041,S,35,142
15042,S,48,163
15043,S,14,134
15044,B,41,155
15045,B,5,157
15046,B,7,133
15047,B,21,163
15048,S,36,149
15049,B,50,167
15050,S,32,139
15051,B,24,138
15052,B,42,130
15053,B,41,157
15054,S,14,163
15055,B,29,144
15056,S,43,155
15057,B,9,160
15058,S,50,146
15059,S,39,157
15060,B,31,149
15061,B,29,167
15062,S,45,137
15063,B,40,150
15064,S,37,155
15065,B,34,142
15066,S,44,142
15067,B,33,159
15068,S,37,127
15069,B,34,157
15070,B,39,143
15071,B,7,155
15072,S,21,155
15073,S,11,137
15074,S,35,165
15075,S,7,143
15076,S,13,135
15077,B,5,131
15078,S,5,127
15079,B,42,138
15080,S,25,156
15081,B,40,138
15082,S,25,150
15083,S,41,120
15084,B,2,167
15085,B,11,171
15086,S,40,137
15087,S,34,148
15088,S,8,151
15089,B,21,151
15090,B,42,128
15091,S,13,148
15092,B,14,149
15093,S,25,149
15094,B,41,159
15095,B,46,167
15096,S,25,143
15097,B,12,178
15098,S,31,169
15099,S,13,138
15100,B,11,177
15101,S,49,164
15102,B,43,142
15103,B,29,148
15104,S,7,141
15105,S,42,153
15106,S,8,150
15107,S,43,171
15108,S,49,141
15109,S,12,171
15110,S,1,141
15111,B,50,133
15112,S,23,129
15113,S,15,157
15114,S,29,148
15115,B,21,150
15116,B,6,157
15117,B,2,145
15118,B,29,166
15119,B,2,160
15120,S,18,146
15121,S,27,156
15122,S,27,156
15123,S,47,148
15124,S,6,140
15125,S,4,125
15126,S,50,155
15127,B,1,198
15128,B,30,139
15129,S,45,159
15130,S,42,135
15131,S,24,154
15132,S,38,168
15133,S,31,134
15134,S,1,155
15135,S,34,153
15136,S,47,130
15137,B,16,133
15138,B,28,175
15139,B,8,159
15140,S,27,144
15141,B,25,130
15142,S,30,155
15143,B,1,178
15144,S,19,159
15145,B,35,179
15146,B,5,172
15147,S,10,143
15148,B,42,168
15149,S,8,158
15150,S,4,162
15151,S,26,137
15152,B,28,146
15153,S,4,153
15154,S,8,139
15155,S,43,145
15156,S,13,135
15157,B,39,156
15158,S,40,147
15159,S,44,152
15160,B,27,139
15161,B,10,146
15162,B,15,123
15163,B,33,129
15164,S,31,137
15165,S,37,147
15166,B,23,150
15167,S,34,160
15168,S,12,135
15169,S,17,146
15170,B,50,160
15171,B,37,146
15172,S,32,162
15173,S,38,155
15174,S,13,177
15175,B,25,153
15176,S,6,165
15177,B,21,131
15178,S,5,127
15179,S,2,158
15180,B,19,158
15181,S,20,145
15182,B,27,140
15183,S,4,137
15184,S,14,146
15185,B,24,142
15186,S,35,139
15187,B,15,137
15188,B,5,171
15189,S,7,131
15190,B,38,146
15191,B,2,136
15192,S,20,166
15193,S,47,138
15194,S,50,148
15195,S,44,161
15196,B,15,140
15197,S,10,168
15198,S,46,121
15199,B,40,139
15200,B,39,124
15201,B,2,162
15202,S,28,155
15203,B,19,149
15204,S,41,160
15205,S,47,138
15206,S,30,164
15207,B,39,160
15208,S,31,150
15209,B,36,151
15210,B,23,140
15211,B,18,165
15212,B,32,149
15213,S,45,172
15214,S,3,174
15215,B,4,198
15216,B,34,155
15217,S,6,153
15218,S,28,139
15219,B,50,166
15220,B,41,142
15221,S,27,131
15222,S,18,146
15223,S,33,145
15224,B,39,156
15225,B,6,163
15226,B,26,170
15227,B,14,173
15228,S,10,176
15229,S,49,138
15230,S,35,144
15231,S,37,134
15232,S,33,155
15233,B,16,143
15234,S,45,149
15235,S,17,138
15236,B,1,165
15237,B,8,160
15238,S,26,142
15239,S,50,139
15240,B,7,143
15241,B,40,137
15242,S,16,177
15243,B,14,147
15244,S,14,139
15245,S,16,164
15246,B,21,119
15247,B,44,157
15248,B,45,157
15249,B,7,159
15250,B,31,126
15251,S,21,139
15252,S,13,151
15253,B,24,151
15254,B,45,174
15255,S,50,152
15256,S,20,149
15257,B,40,146
15258,S,35,179
15259,B,34,158
15260,S,34,159
15261,S,48,173
15262,B,48,123
15263,S,2,136
15264,S,41,156
15265,S,33,144
15266,S,34,148
15267,B,24,136
15268,S,9,123
15269,S,10,143
15270,B,27,170
15271,S,24,141
15272,B,9,163
15273,S,48,156
15274,B,20,160
15275,B,19,149
15276,S,25,137
15277,S,14,152
15278,S,38,187
15279,S,1,174
15280,B,22,165
15281,B,33,132
15282,B,48,131
15283,B,12,145
15284,B,43,135
15285,S,22,129
15286,S,13,145
15287,S,49,137
15288,S,8,148
15289,B,41,162
15290,S,11,158
15291,B,1,146
15292,B,17,156
15293,S,9,125
15294,S,29,163
15295,B,36,163
15296,S,37,173
15297,B,39,157
15298,S,25,148
15299,B,34,153
15300,B,10,146
15301,S,1,146
15302,S,24,144
15303,S,7,134
15304,B,41,151
15305,B,24,172
15306,S,42,132
15307,S,12,137
15308,S,25,134
15309,S,5,134
15310,B,34,152
15311,B,44,159
15312,S,6,151
15313,B,30,132
15314,B,14,145
15315,S,2,174
15316,B,2,153
15317,S,36,135
15318,S,14,148
15319,S,9,176
15320,B,46,155
15321,S,32,142
15322,S,15,154
15323,B,46,169
15324,B,20,143
15325,B,33,134
15326,S,38,149
15327,S,37,146
15328,S,33,138
15329,S,12,173
15330,B,3,132
15331,B,34,143
15332,S,6,148
15333,B,7,159
15334,B,40,158
15335,S,20,162
15336,S,44,155
15337,B,7,150
15338,B,29,167
15339,B,20,158
15340,B,32,141
15341,S,34,121
15342,B,40,163
15343,B,2,137
15344,S,8,156
15345,S,23,179
15346,B,26,156
15347,B,36,143
15348,B,7,164
15349,B,2,151
15350,B,12,129
15351,S,5,156
15352,B,10,133
15353,B,35,163
15354,B,3,170
15355,B,2,160
15356,B,5,156
15357,S,25,139
15358,S,26,170
15359,B,30,162
15360,S,3,161
15361,S,24,164
15362,B,36,144
15363,B,28,132
15364,B,23,138
15365,B,16,121
15366,B,26,145
15367,B,27,156
15368,B,20,147
15369,S,25,155
15370,B,24,146
15371,B,47,150
15372,S,9,159
15373,B,38,156
15374,S,38,145
15375,B,19,152
15376,B,13,143
15377,S,37,151
15378,S,37,140
15379,B,15,156
15380,S,24,157
15381,S,18,192
15382,B,21,151
15383,B,45,157
15384,B,7,169
15385,S,10,153
15386,S,46,146
15387,S,28,150
15388,B,24,143
15389,B,2,140
15390,B,24,127
15391,S,33,138
15392,S,42,131
15393,B,4,166
15394,B,39,125
15395,B,9,150
15396,B,23,153
15397,B,39,156
15398,B,39,148
15399,B,32,151
15400,S,8,189
15401,B,25,158
15402,S,2,136
15403,S,26,152
15404,B,43,166
15405,B,44,136
15406,S,44,174
15407,S,23,149
15408,S,41,126
15409,S,11,144
15410,B,36,151
15411,S,6,151
15412,B,44,157
15413,S,15,137
15414,S,6,125
15415,S,19,152
15416,B,48,146
15417,S,8,127
15418,S,5,163
15419,S,24,145
15420,S,4,127
15421,B,10,180
15422,B,23,174
15423,S,31,147
15424,B,17,166
15425,B,29,147
15426,B,41,142
15427,B,3,144
15428,B,17,117
15429,S,4,136
15430,B,20,149
15431,S,3,166
15432,B,29,158
15433,S,8,137
15434,S,11,165
15435,B,24,156
15436,B,13,133
15437,B,13,178
15438,S,12,149
15439,B,35,134
15440,B,5,162
15441,S,24,142
15442,S,16,147
15443,S,40,144
15444,B,36,139
15445,B,36,165
15446,B,14,131
15447,S,40,157
15448,B,49,183
15449,B,38,156
15450,S,28,126
15451,B,9,117
15452,B,19,157
15453,S,18,115
15454,S,25,186
15455,S,30,91
15456,S,4,140
15457,S,23,159
15458,B,20,150
15459,B,37,144
15460,B,38,131
15461,B,33,174
15462,S,23,156
15463,S,49,156
15464,B,10,150
15465,S,44,168
15466,S,44,157
15467,S,22,159
15468,B,37,112
15469,B,50,141
15470,S,39,162
15471,B,22,177
15472,B,15,166
15473,B,47,152
15474,B,34,154
15475,S,2,140
15476,B,30,148
15477,S,38,129
15478,B,38,140
15479,B,48,121
15480,B,7,136
15481,S,3,176
15482,S,49,162
15483,S,23,148
15484,S,8,166
15485,S,16,152
15486,S,36,155
15487,S,16,134
15488,B,21,155
15489,S,27,116
15490,S,30,138
15491,B,37,156
15492,S,11,157
15493,S,14,164
15494,B,32,185
15495,B,13,142
15496,B,21,110
15497,S,26,131
15498,S,17,133
15499,B,44,113
15500,B,29,149
15501,S,34,153
15502,B,33,162
15503,S,25,166
15504,B,3,134
15505,S,47,131
15506,B,1,135
15507,B,44,142
15508,S,48,154
15509,B,29,160
15510,S,16,149
15511,B,5,140
15512,B,17,168
15513,B,19,147
15514,B,31,161
15515,B,28,178
15516,B,48,145
15517,S,30,153
15518,S,29,158
15519,B,17,146
15520,S,49,120
15521,B,47,142
15522,S,21,145
15523,S,27,161
15524,S,13,116
15525,B,42,160
15526,B,21,153
15527,B,26,132
15528,S,2,152
15529,B,35,171
15530,S,8,152
15531,S,36,160
15532,S,7,126
15533,S,24,154
15534,S,4,168
15535,S,5,151
15536,B,19,150
15537,S,26,128
15538,B,28,125
15539,B,30,141
15540,B,35,149
15541,S,14,165
15542,S,37,153
15543,B,45,145
15544,B,9,140
15545,B,38,149
15546,B,20,101
15547,S,1,144
15548,B,34,182
15549,B,18,151
15550,B,32,141
15551,S,17,137
15552,B,45,148
15553,S,36,140
15554,B,47,153
15555,S,42,160
15556,B,32,157
15557,B,36,144
15558,B,43,129
15559,B,24,174
15560,B,13,159
15561,S,32,152
15562,B,16,132
15563,S,5,162
15564,S,1,151
15565,B,33,133
15566,S,31,132
15567,B,27,195
15568,S,22,144
15569,B,16,149
15570,B,12,134
15571,B,29,159
15572,B,41,135
15573,B,49,139
15574,B,12,155
15575,S,42,119
15576,B,16,147
15577,S,16,169
15578,S,16,130
15579,B,3,137
15580,S,33,156
15581,S,7,161
15582,B,44,135
15583,B,15,173
15584,B,36,156
15585,B,5,136
15586,S,6,147
15587,S,46,153
15588,B,1,161
15589,S,19,134
15590,S,11,184
15591,B,36,177
15592,B,36,150
15593,S,20,142
15594,S,29,141
15595,S,45,156
15596,B,9,139
15597,S,30,151
15598,S,49,165
15599,B,40,152
15600,S,27,135
15601,B,28,132
15602,S,45,152
15603,S,38,138
15604,S,27,127
15605,S,46,120
15606,B,24,142
15607,S,50,135
15608,B,23,165
15609,B,22,140
15610,S,34,127
15611,S,37,157
15612,B,22,145
15613,B,27,139
15614,B,33,128
15615,B,29,145
15616,S,11,138
15617,B,49,178
15618,S,18,158
15619,S,1,152
15620,B,32,133
15621,B,10,173
15622,B,12,177
15623,S,38,148
15624,B,47,172
15625,B,15,137
15626,S,11,148
15627,S,1,140
15628,B,47,159
15629,B,20,135
15630,B,11,143
15631,S,40,150
15632,B,21,135
15633,B,1,149
15634,S,38,151
15635,S,1,143
15636,S,14,164
15637,B,44,130
15638,B,3,152
15639,B,44,171
15640,S,12,155
15641,S,3,131
15642,B,29,162
15643,S,24,140
15644,S,14,132
15645,B,36,153
15646,B,43,172
15647,S,43,146
15648,B,22,153
15649,S,31,135
15650,B,19,129
15651,B,4,147
15652,S,28,154
15653,S,8,150
15654,S,5,170
15655,S,13,131
15656,B,45,136
15657,B,19,156
15658,S,30,145
15659,B,33,136
15660,B,45,147
15661,S,40,160
15662,S,24,144
15663,S,26,162
15664,B,50,143
15665,B,27,156
15666,B,34,142
15667,B,41,158
15668,S,28,134
15669,S,25,137
15670,B,47,125
15671,B,33,142
15672,S,3,151
15673,S,7,132
15674,S,15,144
15675,S,34,142
15676,S,48,150
15677,S,8,157
15678,B,11,164
15679,B,42,135
15680,B,45,165
15681,S,19,136
15682,B,11,155
15683,B,13,148
15684,S,22,174
15685,S,39,149
15686,B,22,165
15687,S,25,142
15688,S,25,158
15689,B,27,158
15690,S,13,133
15691,S,45,156
15692,B,4,141
15693,S,7,138
15694,B,25,137
15695,S,39,160
15696,S,42,157
15697,B,48,129
15698,B,39,148
15699,S,31,142
15700,B,31,130
15701,S,22,154
15702,S,9,143
15703,B,39,146
15704,S,11,139
15705,S,20,169
15706,B,9,127
15707,S,38,141
15708,S,8,140
15709,B,44,157
15710,S,35,141
15711,S,33,158
15712,S,50,148
15713,S,34,149
15714,S,20,154
15715,B,35,183
15716,B,47,148
15717,S,40,154
15718,B,17,140
15719,S,18,126
15720,B,24,134
15721,S,18,154
15722,S,27,147
15723,B,4,133
15724,S,11,150
15725,S,18,178
15726,B,40,110
15727,B,40,161
15728,B,1,163
15729,B,29,144
15730,B,2,185
15731,B,21,146
15732,S,45,130
15733,B,44,147
15734,B,35,130
15735,S,31,142
15736,S,23,174
15737,B,7,150
15738,B,14,130
15739,B,21,140
15740,S,40,166
15741,S,45,147
15742,S,16,154
15743,B,49,123
15744,S,26,151
15745,B,27,144
15746,S,34,147
15747,S,5,126
15748,S,49,172
15749,S,14,135
15750,B,10,152
15751,S,9,185
15752,S,27,142
15753,S,2,131
15754,S,18,138
15755,S,29,158
15756,B,20,152
15757,S,16,139
15758,S,19,171
15759,B,9,145
15760,B,4,142
15761,B,5,138
15762,B,17,164
15763,B,35,134
15764,B,38,173
15765,B,2,137
15766,S,2,150
15767,S,41,165
15768,S,27,137
15769,B,3,159
15770,B,13,125
15771,B,21,132
15772,B,18,151
15773,B,21,148
15774,S,45,139
15775,B,30,170
15776,S,6,109
15777,B,31,146
15778,S,37,160
15779,B,16,128
15780,B,40,151
15781,S,10,163
15782,B,21,160
15783,S,26,157
15784,S,46,176
15785,B,37,165
15786,S,5,165
15787,B,14,155
15788,B,42,145
15789,S,16,149
15790,B,9,141
15791,B,17,139
15792,S,24,128
15793,S,28,173
15794,B,4,165
15795,B,49,166
15796,S,44,149
15797,B,28,135
15798,S,39,148
15799,B,46,155
15800,B,22,168
15801,B,22,136
15802,S,46,156
15803,S,9,138
15804,S,32,157
15805,B,49,130
15806,B,19,161
15807,S,22,95
15808,B,50,151
15809,B,30,176
15810,S,48,137
15811,S,2,138
15812,S,9,144
15813,S,4,132
15814,S,18,144
15815,S,46,138
15816,S,40,155
15817,B,43,152
15818,S,47,166
15819,S,50,163
15820,S,22,153
15821,B,1,166
15822,B,25,164
15823,S,15,163
15824,S,9,146
15825,B,45,178
15826,S,38,150
15827,B,50,153
15828,B,4,161
15829,S,36,159
15830,S,22,151
15831,B,38,181
15832,B,18,156
15833,B,12,141
15834,B,22,156
15835,S,50,144
15836,S,47,140
15837,S,10,116
15838,S,23,139
15839,S,35,141
15840,B,39,164
15841,B,39,126
15842,S,44,151
15843,S,6,154
15844,S,34,151
15845,B,34,131
15846,B,31,142
15847,B,47,133
15848,B,1,136
15849,B,36,139
15850,S,38,158
15851,S,26,130
15852,B,22,162
15853,S,11,128
15854,S,30,144
15855,B,14,137
15856,B,41,116
15857,S,23,161
15858,S,38,152
15859,B,43,146
15860,B,43,163
15861,B,3,153
15862,S,4,124
15863,S,19,169
15864,B,17,131
15865,S,31,140
15866,S,10,153
15867,S,41,158
15868,S,1,162
15869,S,16,127
15870,B,35,145
15871,B,8,147
15872,B,49,161
15873,S,32,173
15874,B,5,119
15875,S,40,125
15876,S,6,179
15877,S,27,136
15878,S,2,149
15879,S,45,155
15880,B,27,141
15881,S,9,163
15882,B,44,143
15883,B,1,148
15884,B,41,163
15885,B,12,157
15886,B,3,128
15887,B,32,189
15888,S,25,172
15889,S,14,160
15890,B,19,147
15891,B,36,149
15892,B,14,164
15893,B,20,160
15894,S,18,156
15895,S,8,140
15896,B,4,131
15897,S,30,168
15898,B,35,134
15899,B,5,151
15900,S,4,155
15901,S,11,155
15902,B,40,138
15903,B,47,150
15904,B,48,141
15905,S,50,136
15906,S,44,147
15907,S,48,171
15908,S,49,136
15909,S,29,146
15910,B,15,171
15911,S,41,132
15912,S,38,159
15913,S,50,140
15914,S,2,187
15915,B,48,133
15916,S,26,132
15917,S,11,147
15918,B,19,152
15919,S,14,132
15920,B,17,149
15921,B,2,160
15922,S,10,151
15923,S,50,149
15924,S,23,143
15925,B,46,159
15926,S,6,159
15927,S,14,125
15928,B,10,146
15929,B,4,156
15930,B,11,158
15931,B,31,138
15932,B,44,187
15933,B,2,146
15934,B,17,155
15935,B,35,126
15936,S,11,154
15937,S,33,146
15938,B,15,142
15939,B,26,172
15940,S,31,139
15941,B,6,126
15942,B,26,155
15943,B,1,155
15944,B,30,179
15945,S,28,144
15946,B,22,157
15947,B,27,146
15948,S,8,156
15949,B,1,171
15950,S,35,153
15951,S,34,115
15952,S,20,143
15953,B,19,196
15954,S,39,161
15955,S,28,141
15956,S,12,156
15957,S,12,166
15958,S,35,117
15959,S,46,159
15960,S,37,154
15961,S,6,140
15962,S,15,140
15963,B,43,139
15964,B,2,136
15965,B,17,130
15966,B,42,160
15967,B,44,141
15968,S,23,158
15969,B,40,124
15970,S,15,147
15971,B,15,129
15972,B,32,140
15973,B,22,136
15974,S,41,156
15975,S,44,153
15976,B,50,153
15977,S,6,176
15978,S,44,168
15979,B,28,168
15980,B,6,126
15981,S,47,142
15982,S,13,132
15983,B,37,163
15984,B,34,146
15985,B,17,155
15986,B,27,147
15987,B,21,169
15988,S,34,127
15989,S,29,146
15990,B,45,148
15991,S,7,158
15992,S,35,142
15993,S,48,152
15994,S,19,151
15995,S,20,171
15996,B,26,142
15997,B,47,144
15998,S,47,147
15999,B,38,150
16000,S,36,168
16001,B,36,164
16002,S,10,139
16003,S,9,165
16004,S,7,140
16005,B,22,151
16006,B,36,167
16007,S,26,169
16008,S,7,150
16009,S,48,152
16010,S,28,147
16011,S,46,194
16012,B,26,155
16013,S,34,144
16014,S,38,157
16015,B,5,147
16016,S,16,139
16017,S,45,162
16018,B,17,141
16019,S,2,141
16020,S,29,153
16021,S,44,150
16022,S,32,141
16023,S,27,114
16024,S,8,132
16025,B,35,146
16026,B,3,162
16027,S,35,161
16028,B,35,157
16029,B,41,169
16030,B,19,162
16031,B,25,143
16032,B,16,134
16033,S,7,124
16034,S,20,125
16035,S,7,163
16036,S,38,168
16037,B,3,163
16038,B,15,143
16039,B,41,175
16040,B,42,158
16041,B,21,134
16042,S,46,142
16043,B,44,192
16044,B,9,161
16045,S,32,163
16046,B,33,163
16047,S,13,142
16048,B,29,153
16049,S,18,144
16050,S,1,117
16051,B,43,135
16052,B,49,177
16053,B,11,155
16054,B,7,158
16055,S,21,141
16056,S,16,173
16057,S,27,155
16058,S,41,138
16059,S,36,175
16060,S,11,168
16061,B,36,146
16062,S,27,146
16063,B,1,159
16064,B,43,138
16065,B,34,164
16066,B,1,161
16067,S,13,150
16068,S,26,132
16069,S,41,146
16070,B,41,155
16071,B,4,129
16072,B,35,156
16073,B,49,150
16074,S,11,142
16075,B,46,146
16076,S,11,134
16077,B,24,165
16078,S,45,177
16079,B,38,162
16080,B,44,123
16081,B,30,160
16082,B,45,143
16083,S,10,144
16084,S,16,154
16085,S,38,168
16086,B,36,146
16087,S,42,136
16088,S,6,140
16089,B,40,141
16090,B,16,153
16091,S,24,125
16092,S,33,112
16093,B,17,161
16094,S,39,138
16095,B,28,132
16096,B,21,148
16097,S,24,147
16098,B,38,171
16099,S,6,152
16100,S,49,146
16101,B,44,130
16102,S,21,165
16103,B,42,157
16104,B,33,158
16105,B,18,169
16106,S,6,170
16107,B,36,123
16108,B,18,141
16109,S,34,151
16110,S,38,133
16111,S,3,146
16112,B,12,142
16113,S,23,146
16114,B,12,167
16115,B,4,148
16116,B,6,133
16117,S,19,171
16118,B,21,171
16119,S,21,145
16120,B,22,139
16121,S,45,133
16122,S,2,161
16123,S,28,139
16124,B,42,164
16125,B,9,150
16126,B,46,144
16127,B,19,156
16128,S,1,155
16129,B,23,128
16130,B,42,146
16131,S,9,148
16132,S,4,141
16133,S,31,125
16134,S,35,173
16135,S,32,133
16136,S,4,139
16137,B,22,153
16138,S,2,163
16139,B,44,164
16140,B,27,172
16141,B,18,155
16142,S,6,141
16143,B,17,174
16144,B,13,158
16145,B,21,152
16146,S,14,162
16147,S,36,138
16148,B,25,176
16149,S,29,138
16150,S,22,148
16151,S,36,136
16152,S,24,179
16153,B,47,139
16154,S,33,151
16155,S,34,138
16156,B,33,143
16157,S,8,139
16158,B,22,155
16159,S,17,151
16160,S,16,141
16161,B,19,139
16162,S,38,140
16163,S,41,140
16164,S,8,150
16165,S,24,152
16166,B,14,138
16167,B,31,172
16168,B,42,120
16169,B,5,164
16170,B,13,132
16171,S,24,138
16172,S,12,144
16173,B,43,161
16174,B,10,151
16175,S,5,185
16176,S,47,168
16177,B,6,124
16178,B,25,165
16179,S,45,132
16180,S,25,142
16181,B,17,177
16182,B,39,162
16183,B,29,136
16184,B,27,161
16185,S,31,150
16186,S,41,160
16187,S,50,150
16188,S,35,122
16189,B,46,173
16190,S,6,168
16191,S,30,160
16192,S,34,142
16193,B,35,173
16194,S,27,160
16195,S,11,175
16196,B,37,164
16197,B,41,141
16198,B,5,156
16199,B,27,142
16200,B,32,134
16201,S,4,167
16202,B,35,191
16203,S,22,123
16204,S,29,112
16205,S,37,141
16206,S,7,129
16207,B,27,172
16208,B,16,153
16209,S,14,167
16210,B,16,155
16211,S,38,127
16212,S,49,169
16213,S,21,166
16214,B,45,158
16215,B,48,176
16216,B,32,147
16217,B,7,163
16218,S,30,177
16219,S,50,149
16220,B,19,134
16221,B,33,179
16222,S,4,155
16223,B,14,167
16224,B,3,129
16225,B,34,155
16226,B,50,164
16227,S,25,154
16228,B,14,156
16229,S,44,140
16230,S,48,172
16231,S,14,150
16232,B,5,148
16233,S,41,135
16234,B,32,134
16235,B,11,140
16236,S,47,158
16237,B,18,162
16238,B,7,178
16239,S,9,140
16240,B,24,133
16241,B,17,120
16242,S,4,141
16243,B,47,148
16244,B,10,139
16245,B,17,169
16246,B,24,177
16247,B,3,128
16248,S,15,180
16249,B,1,127
16250,S,39,138
16251,B,31,164
16252,S,18,155
16253,B,33,143
16254,S,36,164
16255,B,15,153
16256,S,16,141
16257,S,38,161
16258,B,17,141
16259,B,40,149
16260,S,38,142
16261,B,3,175
16262,S,14,146
16263,B,34,133
16264,B,9,111
16265,S,41,160
16266,S,1,172
16267,S,17,150
16268,S,7,161
16269,S,21,140
16270,B,26,139
16271,S,21,170
16272,B,26,142
16273,S,48,140
16274,B,12,155
16275,B,17,158
16276,B,45,165
16277,B,37,152
16278,B,37,169
16279,S,7,129
16280,B,38,142
16281,B,49,158
16282,B,10,174
16283,B,10,115
16284,S,14,171
16285,B,36,167
16286,S,49,136
16287,B,18,120
16288,B,19,148
16289,S,20,142
16290,B,10,165
16291,B,19,169
16292,B,9,161
16293,B,1,152
16294,B,34,156
16295,B,35,155
16296,B,4,149
16297,S,37,161
16298,B,15,148
16299,B,39,139
16300,S,32,157
16301,S,12,149
16302,S,18,168
16303,S,48,136
16304,S,50,154
16305,S,30,138
16306,S,18,151
16307,B,36,156
16308,B,39,167
16309,B,26,150
16310,B,4,159
16311,B,32,143
16312,B,22,170
16313,S,31,137
16314,B,50,135
16315,B,28,158
16316,B,39,139
16317,S,46,143
16318,S,47,157
16319,B,45,143
16320,S,5,156
16321,S,28,167
16322,B,11,142
16323,B,13,145
16324,B,21,162
16325,B,47,183
16326,B,2,154
16327,S,10,170
16328,S,46,139
16329,S,3,127
16330,B,11,163
16331,S,22,150
16332,B,17,167
16333,S,25,191
16334,S,42,142
16335,B,37,134
16336,B,23,169
16337,B,18,137
16338,S,40,169
16339,B,13,137
16340,S,13,148
16341,S,36,164
16342,B,33,155
16343,S,40,168
16344,B,40,147
16345,B,22,123
16346,B,48,152
16347,S,22,130
16348,S,33,141
16349,B,23,161
16350,S,45,157
16351,B,1,157
16352,B,5,131
16353,S,39,152
16354,S,44,137
16355,S,19,150
16356,S,11,145
16357,B,18,125
16358,B,25,148
16359,S,3,113
16360,S,9,130
16361,S,43,140
16362,B,9,150
16363,S,41,137
16364,S,8,155
16365,B,49,146
16366,S,42,141
16367,S,5,162
16368,B,27,136
16369,B,42,157
16370,S,37,173
16371,S,20,142
16372,S,18,160
16373,B,19,152
16374,S,10,153
16375,B,28,109
16376,S,15,147
16377,B,27,174
16378,B,4,147
16379,B,31,160
16380,B,46,132
16381,S,13,176
16382,B,44,155
16383,S,35,151
16384,B,48,148
16385,S,16,147
16386,B,24,150
16387,B,48,140
16388,S,29,147
16389,S,4,166
16390,S,25,131
16391,S,19,158
16392,B,15,129
16393,B,30,149
16394,B,3,144
16395,B,47,152
16396,B,19,160
16397,B,24,158
16398,S,9,140
16399,B,8,142
16400,S,2,143
16401,B,18,169
16402,S,43,126
16403,B,29,136
16404,B,47,143
16405,S,37,128
16406,B,39,162
16407,B,2,150
16408,S,6,142
16409,B,5,180
16410,B,18,128
16411,B,5,156
16412,B,1,155
16413,B,6,136
16414,S,36,148
16415,S,3,132
16416,S,29,128
16417,S,42,163
16418,B,15,149
16419,S,5,162
16420,S,8,134
16421,S,47,161
16422,B,44,165
16423,B,5,143
16424,S,8,153
16425,B,22,132
16426,B,28,174
16427,B,47,172
16428,S,49,157
16429,S,40,141
16430,B,7,150
16431,S,21,154
16432,B,32,125
16433,B,21,123
16434,S,3,156
16435,S,13,179
16436,S,1,158
16437,S,10,144
16438,S,20,148
16439,S,47,131
16440,B,34,149
16441,S,47,153
16442,B,38,149
16443,B,21,134
16444,B,7,156
16445,B,38,136
16446,B,38,156
16447,B,50,122
16448,S,39,150
16449,B,11,147
16450,S,38,157
16451,B,43,147
16452,B,20,134
16453,B,22,148
16454,S,17,131
16455,B,20,131
16456,S,28,154
16457,S,42,142
16458,B,46,132
16459,S,41,152
16460,S,36,167
16461,B,6,123
16462,B,11,131
16463,B,45,182
16464,S,2,157
16465,S,32,160
16466,S,43,132
16467,S,30,150
16468,S,1,148
16469,B,17,150
16470,B,41,123
16471,S,6,149
16472,B,23,159
16473,S,37,174
16474,B,16,159
16475,S,25,153
16476,B,11,157
16477,B,6,137
16478,S,38,165
16479,S,47,120
16480,B,26,144
16481,B,44,137
16482,S,8,165
16483,B,2,145
16484,S,2,161
16485,B,43,150
16486,S,49,137
16487,S,2,161
16488,S,14,154
16489,S,3,177
16490,S,32,138
16491,S,1,160
16492,S,2,139
16493,B,22,165
16494,B,14,148
16495,B,27,146
16496,B,38,135
16497,B,23,168
16498,S,20,177
16499,B,38,128
16500,S,17,154
16501,B,27,121
16502,B,45,139
16503,B,39,159
16504,B,8,144
16505,B,48,152
16506,S,27,136
16507,S,34,138
16508,S,6,141
16509,S,29,143
16510,S,6,115
16511,B,50,135
16512,S,2,138
16513,B,18,155
16514,B,13,156
16515,B,22,138
16516,S,9,128
16517,B,40,178
16518,S,36,168
16519,S,3,156
16520,B,28,155
16521,S,19,148
16522,S,26,137
16523,S,24,155
16524,B,5,152
16525,S,16,137
16526,S,32,128
16527,S,13,114
16528,B,11,132
16529,B,30,150
16530,B,14,152
16531,S,35,126
16532,B,16,155
16533,B,1,144
16534,B,7,157
16535,S,1,141
16536,B,46,138
16537,S,8,144
16538,S,32,134
16539,S,17,161
16540,S,18,148
16541,B,38,170
16542,S,26,149
16543,B,28,127
16544,B,30,156
16545,S,9,156
16546,S,50,161
16547,B,11,158
16548,S,34,179
16549,S,27,154
16550,S,6,146
16551,S,25,130
16552,S,40,175
16553,B,13,133
16554,S,39,164
16555,B,35,148
16556,B,36,158
16557,S,27,167
16558,B,17,153
16559,B,47,138
16560,B,15,138
16561,S,50,128
16562,B,33,129
16563,S,29,130
16564,S,39,154
16565,S,29,174
16566,S,46,150
16567,B,42,143
16568,S,1,158
16569,B,19,168
16570,B,22,138
16571,B,13,135
16572,S,6,120
16573,S,5,172
16574,B,32,171
16575,S,48,168
16576,B,27,165
16577,B,6,119
16578,B,21,127
16579,S,33,172
16580,B,24,148
16581,S,24,142
16582,B,22,150
16583,S,45,139
16584,B,19,141
16585,S,2,141
16586,B,13,164
16587,B,48,137
16588,S,25,124
16589,B,34,176
16590,B,34,163
16591,S,3,150
16592,B,22,138
16593,B,12,141
16594,B,13,159
16595,B,31,140
16596,B,7,130
16597,B,19,154
16598,S,5,114
16599,S,4,146
16600,B,18,159
16601,S,5,144
16602,B,42,143
16603,S,23,145
16604,S,13,150
16605,S,36,132
16606,B,46,144
16607,S,10,166
16608,S,20,177
16609,B,34,154
16610,B,23,160
16611,B,42,153
16612,B,29,135
16613,S,22,156
16614,B,48,163
16615,S,31,153
16616,S,26,145
16617,S,14,129
16618,B,12,156
16619,S,31,150
16620,S,6,162
16621,S,48,157
16622,B,27,158
16623,B,42,161
16624,S,45,124
16625,B,45,149
16626,S,35,141
16627,S,5,137
16628,S,44,127
16629,S,48,146
16630,S,25,145
16631,B,17,151
16632,S,17,167
16633,B,39,153
16634,S,4,139
16635,B,47,180
16636,B,13,139
16637,S,39,170
16638,S,16,158
16639,S,31,136
16640,S,9,141
16641,B,20,158
16642,S,8,151
16643,B,29,138
16644,S,9,149
16645,B,27,149
16646,S,28,156
16647,S,12,129
16648,B,24,162
16649,S,12,142
16650,S,44,142
16651,S,1,158
16652,B,33,154
16653,B,39,130
16654,S,16,141
16655,S,43,161
16656,S,44,144
16657,B,38,143
16658,S,17,138
16659,S,26,155
16660,S,13,126
16661,B,5,149
16662,S,39,133
16663,B,29,165
16664,B,35,148
16665,S,47,161
16666,B,5,162
16667,S,50,136
16668,B,50,145
16669,S,15,190
16670,B,45,163
16671,S,46,165
16672,B,12,138
16673,S,4,146
16674,B,17,113
16675,B,20,117
16676,S,47,135
16677,B,35,149
16678,S,17,125
16679,B,32,168
16680,B,7,140
16681,B,23,175
16682,S,35,141
16683,B,22,147
16684,S,11,172
16685,B,48,172
16686,S,6,158
16687,B,48,184
16688,S,45,154
16689,B,5,162
16690,B,50,138
16691,B,28,159
16692,B,26,142
16693,S,31,171
16694,S,33,161
16695,B,12,172
16696,S,41,111
16697,B,9,159
16698,S,36,128
16699,S,29,151
16700,B,26,166
16701,S,6,149
16702,S,30,131
16703,B,22,148
16704,S,13,128
16705,S,10,145
16706,B,40,153
16707,B,19,150
16708,B,17,153
16709,S,18,166
16710,B,49,167
16711,B,5,150
16712,S,12,163
16713,B,5,137
16714,B,29,156
16715,B,39,138
16716,B,30,147
16717,S,42,151
16718,S,8,170
16719,B,7,147
16720,S,16,160
16721,B,13,143
16722,S,21,157
16723,B,15,144
16724,S,48,151
16725,B,47,173
16726,B,20,159
16727,S,29,152
16728,S,19,152
16729,S,37,130
16730,S,45,139
16731,S,1,152
16732,S,9,130
16733,S,36,160
16734,B,18,152
16735,B,22,155
16736,S,13,131
16737,S,31,170
16738,B,27,135
16739,S,43,156
16740,S,33,144
16741,B,2,119
16742,S,9,159
16743,S,29,146
16744,B,25,130
16745,B,18,142
16746,B,10,163
16747,B,49,135
16748,B,18,174
16749,S,17,165
16750,B,22,133
16751,B,28,129
16752,S,37,141
16753,B,33,148
16754,S,9,155
16755,B,14,156
16756,B,13,147
16757,B,7,130
16758,S,50,170
16759,S,40,133
16760,S,28,166
16761,B,28,144
16762,B,33,143
16763,B,16,109
16764,B,2,135
16765,B,21,186
16766,S,6,162
16767,B,8,137
16768,S,1,153
16769,S,32,161
16770,S,7,152
16771,B,23,157
16772,S,48,131
16773,B,37,141
16774,B,48,151
16775,B,39,133
16776,S,40,176
16777,B,39,111
16778,B,32,151
16779,S,21,162
16780,B,24,179
16781,S,35,153
16782,B,37,151
16783,B,5,147
16784,S,49,151
16785,B,22,148
16786,B,40,166
16787,S,19,149
16788,B,13,139
16789,S,39,141
16790,S,38,151
16791,S,3,155
16792,B,41,141
16793,B,23,160
16794,B,28,161
16795,B,20,173
16796,B,39,158
16797,S,3,140
16798,S,45,134
16799,S,21,160
16800,S,26,157
16801,B,11,149
16802,S,49,163
16803,S,49,153
16804,S,37,177
16805,B,24,169
16806,B,16,131
16807,B,45,141
16808,S,29,156
16809,B,40,136
16810,S,22,174
16811,S,34,185
16812,B,39,147
16813,S,10,199
16814,B,44,176
16815,B,21,155
16816,S,39,124
16817,B,13,153
16818,S,14,166
16819,B,10,152
16820,B,36,137
16821,S,37,164
16822,S,4,140
16823,S,17,149
16824,S,13,156
16825,S,2,148
16826,S,18,147
16827,B,21,143
16828,B,16,149
16829,S,5,131
16830,S,18,151
16831,S,20,149
16832,B,48,146
16833,B,44,125
16834,B,7,141
16835,B,47,135
16836,S,21,146
16837,B,45,142
16838,S,28,167
16839,B,18,173
16840,S,46,157
16841,S,4,155
16842,B,13,154
16843,B,8,147
16844,S,32,157
16845,S,8,159
16846,B,33,174
16847,B,11,167
16848,S,26,150
16849,S,49,146
16850,B,5,164
16851,B,8,144
16852,S,46,156
16853,S,34,136
16854,B,4,175
16855,B,5,136
16856,B,45,155
16857,B,8,159
16858,S,22,123
16859,S,41,158
16860,S,12,131
16861,B,36,124
16862,B,19,140
16863,B,20,158
16864,S,33,143
16865,B,48,156
16866,S,4,148
16867,S,13,170
16868,B,1,139
16869,S,11,167
16870,B,10,140
16871,S,29,154
16872,S,33,151
16873,S,12,153
16874,S,4,142
16875,S,38,183
16876,B,48,179
16877,S,37,133
16878,B,36,141
16879,S,38,160
16880,S,11,145
16881,S,17,124
16882,B,7,144
16883,S,13,144
16884,B,50,142
16885,S,42,147
16886,B,11,145
16887,B,10,148
16888,B,12,140
16889,S,21,137
16890,B,17,144
16891,B,3,141
16892,S,34,130
16893,B,16,130
16894,B,25,140
16895,B,47,187
16896,S,9,152
16897,S,5,160
16898,B,14,157
16899,B,19,151
16900,S,6,146
16901,S,16,162
16902,S,44,139
16903,B,24,136
16904,S,48,139
16905,B,31,132
16906,S,28,172
16907,B,48,153
16908,S,42,136
16909,S,40,144
16910,S,43,145
16911,S,42,137
16912,S,1,159
16913,S,45,155
16914,S,25,155
16915,S,11,130
16916,S,37,147
16917,S,33,141
16918,B,7,165
16919,S,32,145
16920,S,23,185
16921,B,9,161
16922,B,31,157
16923,B,47,155
16924,S,24,173
16925,B,16,179
16926,B,20,155
16927,B,14,168
16928,B,5,116
16929,S,26,173
16930,S,27,145
16931,S,3,162
16932,S,34,165
16933,S,5,163
16934,B,30,163
16935,B,16,162
16936,B,21,165
16937,S,34,141
16938,S,9,165
16939,B,26,151
16940,B,33,148
16941,S,46,137
16942,S,29,148
16943,B,18,121
16944,S,2,139
16945,B,23,136
16946,S,32,146
16947,S,41,146
16948,S,47,149
16949,S,17,155
16950,S,15,156
16951,S,39,161
16952,B,4,137
16953,S,20,159
16954,S,8,155
16955,B,35,126
16956,B,48,135
16957,S,46,160
16958,S,29,142
16959,S,19,140
16960,S,19,133
16961,S,45,157
16962,B,16,139
16963,B,41,153
16964,B,19,143
16965,B,14,166
16966,S,41,146
16967,S,22,175
16968,S,2,133
16969,S,39,138
16970,B,4,134
16971,S,41,152
16972,S,2,145
16973,B,32,159
16974,B,7,177
16975,B,31,171
16976,B,7,169
16977,B,37,145
16978,S,17,133
16979,B,24,166
16980,S,41,138
16981,B,21,168
16982,B,35,138
16983,S,28,150
16984,S,20,162
16985,B,49,168
16986,S,33,153
16987,B,10,163
16988,B,5,152
16989,B,27,154
16990,S,30,163
16991,B,25,141
16992,S,44,153
16993,B,47,154
16994,S,40,134
16995,S,29,149
16996,B,4,137
16997,B,11,155
16998,B,47,149
16999,B,12,136
17000,B,47,150
17001,S,3,150
17002,S,41,162
17003,B,44,141
17004,S,18,166
17005,S,9,141
17006,B,17,134
17007,B,7,162
17008,B,44,158
17009,B,3,125
17010,S,20,125
17011,B,27,151
17012,B,24,150
17013,B,45,160
17014,S,31,142
17015,B,37,169
17016,S,23,168
17017,B,6,153
17018,S,12,146
17019,B,3,141
17020,S,14,165
17021,B,44,121
17022,B,11,165
17023,B,36,143
17024,S,39,149
17025,S,33,185
17026,B,19,148
17027,B,35,133
17028,S,26,167
17029,S,43,154
17030,S,49,181
17031,B,8,141
17032,B,42,159
17033,S,12,154
17034,B,24,167
17035,B,10,144
17036,B,18,137
17037,S,34,153
17038,B,12,141
17039,S,18,157
17040,S,18,135
17041,B,46,145
17042,B,48,137
17043,S,21,157
17044,S,13,164
17045,S,4,164
17046,B,43,173
17047,S,5,171
17048,S,3,131
17049,S,31,134
17050,S,40,158
17051,S,43,154
17052,S,48,149
17053,B,49,156
17054,S,3,155
17055,B,40,166
17056,S,22,120
17057,B,14,158
17058,S,11,126
17059,B,29,165
17060,B,43,162
17061,S,50,149
17062,S,1,177
17063,S,35,147
17064,S,38,154
17065,B,26,145
17066,S,12,150
17067,B,44,126
17068,S,8,144
17069,B,32,151
17070,S,46,160
17071,B,44,159
17072,S,5,167
17073,S,39,185
17074,S,9,174
17075,B,23,141
17076,B,29,144
17077,S,31,148
17078,S,44,163
17079,S,11,158
17080,B,24,136
17081,B,28,124
17082,S,14,170
17083,B,43,152
17084,S,13,160
17085,S,33,153
17086,B,23,133
17087,B,25,163
17088,S,34,135
17089,B,35,148
17090,B,22,136
17091,B,4,152
17092,B,32,176
17093,S,1,158
17094,B,2,142
17095,S,31,129
17096,B,16,136
17097,B,29,137
17098,B,14,148
17099,S,19,173
17100,S,37,158
17101,B,38,134
17102,B,47,134
17103,S,37,133
17104,S,27,149
17105,B,40,168
17106,B,26,147
17107,B,10,125
17108,S,33,167
17109,B,40,153
17110,S,43,145
17111,S,5,145
17112,B,49,135
17113,B,39,140
17114,B,15,148
17115,S,47,171
17116,B,50,105
17117,S,22,169
17118,B,17,156
17119,B,25,163
17120,S,46,151
17121,S,12,158
17122,B,21,156
17123,S,16,146
17124,B,26,139
17125,B,50,174
17126,B,17,120
17127,S,7,137
17128,B,45,146
17129,B,28,136
17130,B,19,141
17131,S,7,147
17132,B,47,155
17133,B,48,165
17134,S,10,156
17135,S,26,138
17136,S,44,164
17137,B,33,141
17138,B,43,158
17139,B,30,181
17140,B,38,157
17141,B,35,168
17142,S,24,163
17143,B,50,148
17144,S,45,165
17145,S,5,144
17146,S,27,126
17147,S,23,156
17148,B,27,169
17149,S,26,143
17150,B,25,150
17151,S,20,142
17152,S,16,139
17153,S,43,123
17154,B,44,149
17155,S,10,140
17156,S,10,127
17157,S,13,132
17158,B,18,133
17159,S,10,150
17160,B,44,168
17161,S,9,173
17162,B,31,160
17163,B,33,125
17164,B,44,135
17165,B,15,123
17166,S,21,143
17167,B,3,152
17168,B,16,138
17169,S,1,142
17170,B,2,152
17171,S,21,167
17172,B,14,149
17173,S,42,137
17174,S,46,145
17175,S,15,107
17176,B,39,137
17177,B,25,114
17178,B,23,159
17179,S,29,146
17180,B,14,141
17181,B,41,121
17182,B,27,147
17183,B,45,156
17184,B,9,183
17185,S,22,157
17186,B,20,158
17187,S,30,166
17188,B,44,143
17189,B,49,136
17190,B,19,142
17191,B,7,154
17192,S,22,139
17193,B,13,172
17194,B,8,184
17195,B,27,131
17196,S,6,140
17197,S,7,123
17198,S,16,156
17199,B,29,138
17200,B,45,128
17201,B,25,152
17202,S,17,166
17203,S,1,158
17204,S,24,124
17205,B,5,130
17206,B,50,171
17207,S,1,167
17208,S,39,138
17209,S,29,139
17210,B,36,157
17211,S,11,140
17212,B,7,173
17213,S,29,160
17214,S,36,141
17215,S,45,171
17216,S,50,138
17217,B,39,151
17218,B,8,141
17219,S,22,139
17220,S,7,154
17221,S,8,139
17222,S,47,145
17223,S,4,132
17224,B,25,137
17225,S,22,140
17226,S,38,141
17227,B,38,163
17228,S,43,157
17229,B,40,154
17230,S,47,138
17231,B,14,160
17232,S,49,145
17233,B,13,143
17234,B,40,158
17235,S,32,147
17236,B,13,173
17237,S,35,132
17238,S,39,145
17239,S,50,145
17240,S,33,135
17241,S,46,160
17242,B,45,165
17243,S,15,168
17244,S,26,146
17245,B,33,141
17246,S,8,164
17247,S,24,160
17248,B,49,163
17249,S,23,147
17250,B,4,123
17251,S,43,129
17252,S,39,128
17253,S,35,150
17254,S,39,152
17255,S,46,177
17256,B,41,137
17257,S,8,148
17258,S,50,130
17259,S,15,139
17260,B,8,143
17261,S,11,168
17262,B,3,142
17263,S,30,160
17264,S,36,170
17265,S,32,176
17266,S,50,153
17267,S,11,151
17268,S,2,139
17269,B,24,137
17270,S,15,164
17271,B,29,142
17272,S,21,131
17273,B,43,141
17274,B,42,137
17275,S,50,143
17276,B,32,141
17277,B,15,142
17278,S,24,165
17279,B,18,145
17280,B,4,149
17281,B,37,145
17282,B,21,163
17283,B,49,165
17284,B,38,149
17285,S,3,149
17286,B,29,151
17287,S,44,143
17288,S,46,159
17289,S,24,167
17290,S,13,162
17291,B,17,162
17292,S,19,137
17293,S,25,169
17294,S,15,144
17295,B,14,177
17296,B,36,155
17297,S,47,121
17298,S,3,139
17299,B,46,166
17300,S,36,125
17301,B,19,140
17302,B,4,152
17303,S,43,157
17304,S,38,137
17305,B,13,129
17306,S,19,138
17307,B,32,135
17308,S,13,149
17309,B,19,129
17310,B,3,172
17311,S,8,141
17312,B,35,153
17313,B,6,144
17314,S,43,135
17315,B,37,123
17316,B,25,155
17317,S,41,149
17318,B,2,140
17319,B,10,130
17320,B,26,167
17321,S,1,141
17322,B,23,157
17323,S,39,129
17324,S,20,151
17325,S,43,164
17326,B,44,167
17327,B,23,138
17328,S,12,164
17329,S,16,141
17330,S,43,164
17331,B,15,173
17332,S,15,158
17333,B,31,148
17334,S,1,142
17335,B,39,142
17336,B,24,138
17337,S,9,133
17338,S,16,135
17339,B,2,136
17340,S,15,160
17341,B,34,136
17342,B,21,113
17343,B,49,164
17344,S,12,145
17345,S,37,149
17346,S,46,134
17347,B,16,163
17348,S,48,127
17349,B,2,143
17350,B,41,184
17351,S,44,150
17352,S,20,146
17353,S,39,162
17354,B,24,162
17355,B,47,150
17356,S,9,160
17357,B,7,151
17358,S,4,130
17359,B,23,156
17360,S,34,150
17361,B,37,129
17362,B,12,193
17363,B,45,157
17364,S,41,154
17365,S,9,153
17366,B,49,158
17367,S,12,153
17368,S,23,157
17369,B,10,135
17370,S,4,151
17371,S,49,155
17372,S,48,154
17373,B,14,116
17374,B,7,153
17375,S,25,142
17376,S,40,133
17377,B,8,157
17378,B,7,134
17379,B,14,151
17380,S,23,129
17381,B,41,174
17382,S,26,184
17383,B,5,142
17384,B,39,130
17385,B,38,136
17386,S,20,154
17387,S,24,146
17388,B,13,151
17389,S,49,134
17390,B,19,141
17391,S,35,163
17392,S,28,191
17393,S,38,124
17394,S,32,161
17395,S,47,142
17396,B,24,142
17397,B,26,167
17398,S,27,129
17399,S,22,135
17400,B,1,166
17401,S,40,162
17402,B,27,170
17403,S,1,129
17404,S,25,161
17405,S,40,139
17406,S,4,173
17407,S,45,157
17408,S,41,149
17409,S,15,151
17410,B,19,146
17411,B,27,150
17412,B,41,151
17413,B,2,137
17414,B,12,154
17415,B,36,158
17416,B,47,163
17417,S,17,175
17418,S,9,181
17419,S,25,146
17420,B,19,139
17421,S,17,171
17422,S,7,141
17423,B,44,140
17424,S,36,146
17425,B,47,175
17426,S,15,154
17427,S,33,171
17428,S,39,131
17429,B,28,141
17430,S,49,152
17431,S,10,164
17432,B,44,134
17433,S,6,145
17434,B,3,169
17435,B,36,149
17436,B,37,137
17437,S,16,150
17438,B,39,159
17439,S,16,159
17440,B,35,147
17441,B,4,152
17442,S,49,144
17443,S,39,139
17444,S,42,145
17445,S,42,145
17446,S,24,177
17447,S,24,161
17448,B,19,148
17449,S,39,172
17450,S,20,151
17451,B,2,152
17452,S,12,162
17453,S,21,122
17454,S,36,124
17455,S,12,138
17456,S,20,139
17457,B,22,171
17458,B,30,135
17459,S,29,138
17460,S,29,192
17461,S,43,145
17462,B,6,173
17463,S,38,148
17464,S,7,169
17465,B,35,166
17466,S,25,155
17467,S,50,131
17468,S,11,138
17469,S,30,143
17470,B,9,143
17471,B,27,131
17472,B,44,156
17473,S,39,137
17474,B,34,147
17475,B,32,151
17476,S,46,152
17477,B,23,152
17478,B,40,148
17479,S,24,147
17480,S,50,138
17481,S,14,143
17482,S,36,125
17483,S,41,132
17484,S,37,155
17485,S,38,166
17486,B,31,151
17487,S,1,169
17488,B,43,144
17489,B,8,148
17490,B,21,152
17491,B,14,167
17492,B,18,159
17493,B,41,156
17494,S,49,167
17495,B,10,151
17496,S,27,124
17497,B,16,149
17498,S,3,151
17499,B,13,129
17500,B,33,152
17501,B,12,154
17502,B,43,144
17503,B,21,167
17504,B,50,136
17505,B,27,139
17506,S,49,135
17507,B,19,141
17508,B,40,143
17509,B,1,138
17510,B,18,141
17511,B,32,149
17512,B,50,145
17513,B,41,132
17514,B,18,151
17515,B,17,167
17516,B,4,155
17517,S,48,181
17518,S,41,138
17519,B,32,144
17520,B,34,156
17521,B,15,183
17522,S,4,125
17523,B,41,150
17524,S,45,163
17525,S,40,134
17526,S,26,96
17527,B,6,131
17528,B,41,138
17529,B,27,161
17530,B,7,158
17531,B,18,152
17532,B,25,125
17533,S,19,157
17534,S,10,145
17535,B,8,141
17536,B,41,160
17537,B,7,141
17538,B,25,146
17539,S,2,184
17540,B,34,153
17541,S,33,144
17542,S,47,136
17543,S,48,168
17544,S,10,158
17545,B,19,160
17546,S,9,150
17547,B,29,178
17548,S,38,133
17549,B,17,160
17550,S,20,136
17551,S,20,177
17552,S,20,145
17553,B,19,137
17554,S,33,154
17555,S,20,157
17556,S,36,149
17557,B,2,153
17558,S,36,150
17559,S,10,156
17560,B,15,152
17561,S,45,170
17562,S,40,140
17563,B,32,165
17564,S,48,92
17565,S,48,156
17566,B,10,161
17567,B,17,150
17568,B,49,157
17569,B,46,161
17570,B,18,163
17571,B,12,132
17572,S,30,141
17573,B,3,151
17574,S,31,148
17575,S,14,155
17576,S,28,171
17577,B,11,157
17578,B,36,122
17579,S,30,131
17580,B,7,152
17581,B,34,164
17582,S,41,158
17583,S,24,145
17584,S,12,142
17585,S,15,133
17586,B,18,167
17587,S,7,144
17588,B,33,137
17589,B,34,145
17590,B,39,173
17591,S,12,136
17592,B,36,119
17593,B,19,151
17594,B,17,150
17595,B,13,149
17596,S,13,135
17597,B,19,173
17598,S,29,144
17599,B,41,125
17600,B,37,146
17601,B,12,178
17602,S,41,165
17603,B,2,171
17604,B,30,134
17605,B,8,115
17606,S,42,153
17607,B,1,158
17608,S,17,151
17609,S,33,141
17610,B,32,163
17611,B,9,129
17612,B,32,158
17613,S,39,145
17614,B,8,162
17615,B,31,154
17616,B,40,162
17617,S,12,150
17618,B,41,132
17619,B,23,157
17620,B,6,158
17621,B,50,133
17622,S,7,130
17623,S,26,151
17624,S,7,153
17625,B,4,146
17626,S,49,143
17627,B,30,190
17628,S,9,144
17629,B,7,155
17630,S,24,169
17631,B,2,172
17632,B,27,165
17633,S,31,152
17634,S,31,152
17635,B,36,176
17636,S,41,160
17637,B,48,137
17638,S,5,155
17639,S,15,136
17640,B,38,156
17641,B,35,147
17642,B,31,154
17643,B,22,159
17644,B,34,167
17645,B,48,161
17646,B,4,173
17647,B,25,143
17648,B,3,150
17649,S,30,153
17650,S,44,117
17651,S,11,138
17652,B,26,138
17653,S,49,144
17654,S,5,139
17655,S,39,150
17656,B,39,146
17657,B,14,163
17658,S,48,143
17659,S,11,162
17660,B,17,108
17661,S,28,166
17662,S,9,167
17663,B,27,132
17664,S,42,137
17665,S,38,161
17666,B,49,148
17667,S,11,164
17668,B,45,143
17669,B,24,174
17670,S,24,147
17671,S,39,194
17672,S,15,136
17673,S,6,147
17674,S,19,171
17675,S,15,155
17676,B,23,154
17677,S,22,153
17678,B,24,165
17679,B,6,137
17680,B,44,153
17681,S,18,129
17682,B,2,150
17683,S,14,157
17684,S,46,130
17685,S,36,133
17686,B,22,132
17687,S,23,146
17688,B,41,138
17689,S,24,156
17690,S,46,127
17691,S,17,138
17692,B,11,143
17693,B,47,160
17694,S,31,154
17695,S,26,168
17696,S,44,135
17697,S,4,141
17698,S,28,129
17699,S,12,147
17700,S,7,153
17701,S,34,175
17702,B,29,135
17703,S,24,146
17704,B,39,179
17705,B,44,173
17706,B,5,155
17707,B,30,135
17708,S,7,158
17709,B,1,164
17710,B,24,147
17711,S,13,129
17712,S,32,173
17713,S,29,161
17714,B,3,132
17715,B,25,171
17716,B,5,154
17717,S,20,171
17718,S,40,144
17719,S,11,188
17720,S,28,155
17721,S,21,152
17722,B,15,130
17723,B,46,167
17724,S,30,187
17725,B,13,159
17726,B,32,150
17727,B,40,113
17728,S,30,159
17729,B,36,157
17730,S,31,127
17731,B,41,153
17732,B,10,177
17733,S,23,146
17734,B,4,135
17735,B,3,151
17736,B,42,171
17737,S,31,146
17738,S,30,169
17739,B,5,156
17740,B,45,164
17741,S,25,166
17742,B,1,136
17743,S,16,146
17744,S,2,167
17745,B,1,154
17746,B,8,150
17747,B,45,142
17748,S,40,140
17749,B,21,146
17750,B,5,152
17751,B,47,147
17752,S,47,126
17753,B,1,139
17754,S,34,164
17755,S,5,142
17756,B,40,154
17757,S,6,144
17758,B,28,159
17759,B,12,116
17760,B,37,149
17761,S,17,136
17762,B,22,178
17763,S,8,132
17764,S,32,143
17765,B,10,152
17766,S,39,150
17767,S,21,163
17768,S,18,159
17769,B,46,152
17770,B,10,162
17771,S,17,132
17772,B,23,142
17773,S,1,165
17774,B,42,139
17775,B,27,188
17776,B,15,150
17777,B,43,165
17778,S,29,142
17779,S,8,141
17780,B,26,155
17781,B,45,157
17782,B,1,134
17783,B,7,136
17784,S,30,123
17785,S,20,159
17786,B,36,161
17787,B,32,172
17788,B,20,147
17789,S,15,147
17790,B,27,139
17791,S,29,118
17792,S,41,157
17793,B,46,163
17794,S,40,162
17795,B,41,146
17796,B,8,149
17797,S,20,174
17798,S,21,179
17799,S,47,117
17800,S,30,162
17801,B,16,143
17802,S,11,158
17803,S,33,156
17804,B,30,144
17805,B,10,143
17806,B,28,159
17807,S,17,126
17808,S,50,171
17809,S,28,171
17810,S,4,143
17811,B,47,160
17812,B,7,148
17813,S,15,141
17814,S,37,128
17815,S,23,163
17816,B,14,132
17817,B,16,144
17818,S,16,153
17819,B,23,137
17820,S,9,126
17821,S,24,164
17822,S,41,144
17823,B,43,139
17824,B,45,191
17825,B,8,143
17826,B,41,152
17827,S,5,171
17828,B,31,168
17829,B,7,137
17830,S,6,155
17831,S,48,145
17832,B,14,131
17833,B,23,128
17834,B,5,143
17835,B,23,144
17836,S,22,174
17837,B,37,126
17838,B,29,127
17839,S,2,172
17840,S,39,171
17841,B,8,132
17842,S,39,170
17843,B,4,159
17844,B,19,132
17845,B,1,127
17846,B,9,161
17847,B,44,163
17848,S,10,140
17849,S,42,167
17850,S,41,137
17851,B,25,136
17852,B,29,178
17853,S,48,138
17854,B,20,148
17855,B,6,144
17856,B,39,140
17857,S,6,153
17858,S,12,173
17859,S,47,168
17860,S,25,157
17861,S,47,158
17862,S,13,159
17863,B,47,142
17864,B,47,139
17865,B,45,157
17866,S,23,176
17867,S,43,133
17868,S,38,149
17869,S,32,169
17870,S,38,162
17871,S,11,163
17872,S,37,140
17873,B,12,168
17874,S,2,138
17875,S,10,169
17876,B,41,157
17877,S,8,151
17878,B,29,152
17879,S,18,122
17880,S,42,156
17881,B,47,174
17882,S,25,131
17883,S,9,158
17884,S,14,126
17885,B,37,134
17886,S,47,161
17887,B,3,117
17888,B,13,136
17889,S,43,130
17890,B,45,160
17891,B,30,139
17892,S,12,145
17893,S,11,141
17894,S,32,135
17895,B,8,168
17896,B,8,175
17897,B,29,150
17898,S,14,158
17899,S,36,158
17900,B,37,123
17901,B,8,167
17902,S,20,164
17903,S,15,158
17904,S,30,163
17905,B,15,139
17906,S,14,180
17907,S,45,141
17908,B,18,178
17909,B,22,133
17910,S,14,168
17911,S,18,178
17912,B,8,145
17913,S,6,141
17914,B,10,170
17915,S,43,150
17916,S,45,142
17917,S,31,147
17918,S,43,158
17919,S,9,156
17920,B,48,144
17921,S,3,135
17922,S,44,136
17923,B,47,164
17924,S,34,174
17925,S,37,145
17926,S,37,146
17927,B,14,165
17928,B,21,151
17929,S,49,144
17930,S,25,149
17931,B,7,153
17932,B,1,132
17933,B,49,164
17934,S,24,150
17935,B,36,161
17936,S,43,156
17937,B,28,144
17938,S,4,142
17939,S,48,156
17940,B,29,156
17941,B,42,133
17942,S,18,127
17943,S,13,148
17944,B,22,172
17945,S,48,151
17946,S,42,138
17947,S,27,152
17948,S,7,162
17949,S,16,137
17950,B,15,152
17951,B,46,119
17952,S,48,154
17953,S,30,163
17954,S,4,146
17955,B,22,153
17956,B,28,107
17957,S,3,162
17958,S,2,130
17959,S,46,140
17960,B,27,117
17961,S,24,166
17962,S,9,166
17963,S,49,131
17964,S,42,120
17965,S,5,151
17966,B,49,149
17967,S,13,148
17968,S,14,132
17969,S,38,148
17970,S,5,151
17971,B,1,150
17972,S,34,167
17973,B,38,163
17974,B,42,145
17975,B,31,131
17976,B,37,134
17977,B,36,143
17978,B,39,168
17979,B,7,145
17980,S,34,147
17981,B,30,156
17982,S,7,126
17983,B,34,157
17984,S,21,145
17985,B,9,128
17986,S,6,164
17987,S,9,165
17988,B,26,154
17989,S,22,156
17990,B,5,133
17991,B,6,151
17992,S,8,166
17993,B,21,139
17994,B,32,144
17995,S,12,124
17996,S,32,144
17997,S,43,159
17998,S,9,178
17999,S,28,161
18000,S,25,140
18001,B,39,140
18002,B,50,134
18003,S,17,155
18004,B,48,134
18005,B,19,160
18006,B,13,151
18007,B,19,163
18008,S,38,167
18009,S,41,151
18010,S,48,144
18011,S,28,161
18012,S,10,146
18013,B,33,161
18014,S,43,158
18015,B,7,191
18016,B,33,176
18017,S,31,130
18018,S,23,164
18019,B,14,121
18020,B,49,144
18021,S,24,159
18022,B,21,129
18023,S,40,144
18024,S,32,146
18025,S,19,140
18026,S,20,155
18027,B,11,146
18028,S,34,149
18029,B,17,129
18030,B,30,164
18031,B,40,152
18032,S,27,137
18033,B,46,157
18034,B,41,170
18035,B,16,131
18036,B,44,153
18037,S,30,164
18038,S,48,147
18039,S,13,156
18040,S,49,170
18041,B,34,136
18042,B,1,155
18043,B,43,150
18044,S,22,174
18045,B,31,155
18046,B,44,165
18047,B,4,142
18048,B,26,152
18049,S,19,151
18050,S,33,148
18051,S,31,144
18052,S,30,145
18053,S,23,129
18054,S,30,127
18055,S,6,129
18056,B,30,145
18057,S,27,170
18058,B,25,138
18059,B,15,134
18060,S,42,165
18061,B,9,161
18062,S,26,132
18063,S,35,116
18064,S,12,152
18065,S,22,152
18066,B,21,119
18067,B,17,111
18068,B,3,171
18069,S,27,164
18070,S,15,180
18071,B,22,105
18072,B,24,156
18073,S,28,140
18074,B,49,150
18075,S,45,195
18076,B,41,169
18077,B,49,149
18078,S,14,174
18079,S,35,159
18080,S,49,143
18081,S,27,155
18082,S,41,145
18083,B,22,155
18084,S,5,140
18085,S,47,139
18086,B,48,158
18087,B,43,149
18088,B,42,145
18089,S,16,138
18090,B,4,169
18091,B,34,189
18092,S,4,146
18093,B,12,148
18094,S,3,168
18095,B,26,164
18096,S,32,155
18097,B,14,160
18098,B,10,158
18099,S,5,177
18100,S,33,162
18101,S,26,139
18102,B,31,164
18103,S,47,129
18104,B,12,171
18105,B,3,145
18106,B,18,132
18107,B,6,151
18108,S,50,175
18109,S,2,130
18110,S,6,144
18111,B,10,136
18112,S,47,142
18113,S,38,130
18114,S,27,158
18115,S,6,131
18116,S,18,137
18117,S,31,161
18118,B,45,163
18119,S,50,149
18120,S,14,163
18121,S,33,172
18122,S,7,145
18123,S,8,135
18124,B,13,168
18125,B,32,158
18126,S,43,147
18127,S,41,133
18128,B,29,159
18129,S,50,150
18130,B,12,149
18131,S,33,137
18132,S,1,150
18133,B,39,150
18134,S,27,125
18135,S,28,150
18136,S,39,156
18137,B,43,139
18138,S,20,127
18139,S,45,144
18140,S,12,142
18141,B,14,144
18142,B,26,159
18143,S,2,166
18144,B,48,136
18145,S,35,153
18146,S,31,153
18147,S,21,138
18148,B,48,158
18149,S,19,150
18150,B,15,168
18151,B,10,152
18152,B,2,141
18153,S,5,164
18154,B,49,158
18155,B,45,163
18156,S,18,150
18157,S,24,149
18158,S,37,151
18159,B,43,162
18160,S,43,143
18161,S,32,154
18162,S,36,141
18163,B,44,154
18164,B,4,144
18165,B,17,151
18166,S,34,121
18167,S,18,145
18168,B,16,135
18169,S,40,134
18170,S,49,132
18171,B,49,137
18172,B,13,150
18173,S,28,160
18174,B,34,125
18175,B,23,141
18176,B,47,160
18177,S,35,147
18178,B,12,162
18179,B,16,142
18180,S,41,177
18181,B,31,156
18182,S,9,152
18183,B,38,171
18184,B,39,137
18185,S,2,163
18186,B,12,181
18187,S,4,135
18188,S,10,99
18189,S,43,162
18190,S,4,153
18191,S,26,156
18192,S,50,109
18193,S,29,161
18194,B,35,145
18195,B,39,134
18196,B,17,138
18197,S,33,165
18198,B,45,153
18199,S,18,164
18200,B,17,146
18201,B,25,142
18202,B,10,160
18203,S,36,154
18204,S,7,135
18205,S,50,150
18206,B,49,129
18207,S,6,132
18208,B,26,158
18209,B,24,160
18210,S,14,157
18211,S,31,165
18212,B,34,158
18213,S,3,129
18214,B,44,131
18215,S,15,154
18216,S,1,120
18217,B,38,145
18218,S,45,129
18219,B,45,159
18220,S,21,131
18221,B,21,126
18222,B,20,164
18223,S,48,135
18224,B,24,138
18225,S,15,167
18226,S,25,163
18227,S,40,146
18228,S,32,154
18229,S,30,153
18230,B,28,155
18231,S,25,157
18232,B,16,151
18233,B,3,137
18234,B,30,151
18235,S,48,152
18236,B,27,161
18237,S,49,137
18238,S,35,146
18239,B,21,139
18240,B,36,150
18241,S,42,161
18242,B,5,162
18243,B,49,161
18244,B,4,120
18245,B,26,150
18246,B,23,164
18247,B,38,146
18248,B,17,170
18249,S,23,127
18250,S,9,145
18251,B,20,159
18252,S,40,149
18253,S,42,156
18254,B,39,163
18255,B,14,142
18256,B,28,150
18257,S,38,156
18258,B,43,136
18259,S,39,152
18260,S,28,149
18261,B,27,148
18262,B,9,147
18263,S,19,146
18264,B,8,145
18265,B,30,133
18266,B,37,173
18267,B,34,147
18268,B,35,162
18269,S,34,155
18270,S,16,163
18271,B,50,165
18272,B,10,145
18273,B,33,148
18274,S,4,164
18275,B,48,154
18276,B,27,142
18277,B,17,146
18278,S,27,149
18279,S,17,132
18280,B,1,139
18281,B,35,146
18282,S,5,142
18283,B,32,160
18284,B,33,144
18285,S,20,137
18286,S,10,165
18287,B,2,153
18288,B,1,158
18289,S,18,137
18290,S,7,160
18291,B,50,140
18292,B,26,154
18293,S,25,148
18294,S,24,165
18295,B,23,125
18296,B,42,165
18297,S,45,125
18298,S,37,134
18299,B,31,158
18300,B,20,120
18301,S,18,133
18302,B,38,120
18303,B,46,157
18304,B,45,146
18305,S,2,158
18306,B,18,166
18307,S,5,153
18308,S,15,159
18309,B,6,171
18310,B,4,169
18311,B,28,160
18312,S,32,151
18313,S,13,142
18314,B,16,157
18315,B,40,114
18316,B,11,160
18317,B,32,157
18318,B,13,154
18319,B,33,164
18320,S,24,149
18321,S,21,159
18322,S,26,182
18323,S,49,143
18324,B,36,150
18325,B,3,112
18326,B,37,143
18327,S,45,118
18328,B,24,137
18329,B,6,146
18330,S,45,147
18331,S,30,173
18332,B,31,146
18333,S,40,148
18334,S,7,132
18335,S,34,134
18336,B,41,135
18337,B,19,171
18338,S,39,144
18339,S,17,153
18340,B,27,146
18341,S,27,151
18342,B,35,163
18343,S,19,142
18344,S,41,145
18345,S,15,140
18346,S,28,166
18347,S,39,143
18348,S,43,147
18349,B,18,147
18350,S,15,174
18351,B,28,137
18352,B,18,156
18353,S,40,165
18354,B,20,135
18355,S,11,148
18356,B,35,131
18357,B,43,163
18358,S,43,150
18359,S,6,140
18360,B,23,187
18361,S,8,169
18362,B,11,180
18363,S,33,139
18364,S,30,138
18365,B,29,152
18366,B,40,150
18367,B,31,139
18368,S,27,171
18369,B,11,161
18370,S,34,136
18371,S,43,148
18372,B,49,166
18373,S,45,165
18374,S,20,144
18375,S,18,167
18376,B,31,157
18377,B,37,143
18378,S,27,164
18379,S,29,161
18380,S,4,127
18381,S,8,135
18382,B,22,149
18383,B,6,138
18384,B,21,140
18385,B,38,143
18386,B,9,146
18387,S,16,164
18388,S,28,148
18389,B,43,150
18390,S,43,177
18391,S,17,158
18392,B,16,146
18393,S,45,163
18394,S,24,152
18395,S,40,147
18396,B,7,144
18397,S,44,185
18398,S,31,164
18399,B,13,149
18400,S,18,114
18401,B,47,168
18402,B,32,152
18403,B,1,156
18404,B,31,130
18405,B,43,152
18406,S,38,156
18407,S,7,146
18408,S,23,130
18409,S,35,139
18410,B,25,121
18411,B,30,142
18412,B,5,137
18413,B,35,141
18414,S,5,151
18415,S,35,168
18416,S,46,121
18417,B,13,145
18418,B,30,159
18419,B,20,132
18420,S,16,148
18421,B,43,164
18422,B,23,149
18423,B,44,151
18424,B,31,121
18425,B,14,148
18426,B,25,167
18427,B,46,153
18428,B,11,156
18429,B,32,135
18430,B,21,160
18431,B,17,132
18432,B,3,163
18433,S,38,167
18434,B,14,149
18435,S,10,161
18436,B,24,126
18437,S,38,164
18438,B,49,175
18439,S,14,159
18440,S,24,170
18441,B,13,133
18442,S,19,157
18443,B,27,131
18444,B,46,131
18445,B,40,129
18446,S,1,156
18447,S,6,160
18448,S,25,144
18449,S,6,141
18450,B,45,127
18451,B,28,132
18452,S,42,129
18453,B,45,161
18454,S,12,178
18455,S,3,136
18456,B,42,134
18457,B,11,160
18458,B,30,140
18459,B,35,149
18460,S,36,161
18461,B,10,144
18462,S,32,166
18463,S,12,157
18464,S,26,138
18465,S,21,138
18466,B,33,165
18467,S,28,175
18468,B,27,135
18469,S,23,146
18470,S,1,156
18471,B,11,152
18472,B,42,142
18473,S,23,142
18474,B,17,136
18475,B,5,132
18476,S,22,146
18477,S,44,167
18478,S,37,150
18479,B,40,134
18480,S,36,180
18481,B,24,124
18482,B,3,141
18483,B,22,159
18484,B,5,162
18485,S,5,144
18486,S,25,165
18487,S,2,191
18488,S,41,173
18489,B,48,143
18490,S,31,112
18491,S,27,157
18492,B,5,155
18493,B,14,150
18494,B,46,167
18495,B,14,177
18496,S,7,157
18497,S,39,148
18498,B,23,156
18499,S,7,157
18500,S,27,185
18501,B,41,145
18502,B,9,102
18503,B,19,179
18504,S,7,136
18505,S,42,180
18506,B,40,149
18507,S,32,158
18508,S,3,132
18509,B,44,151
18510,B,7,134
18511,B,12,131
18512,S,12,141
18513,S,13,148
18514,S,40,143
18515,B,14,159
18516,B,37,144
18517,B,6,123
18518,B,29,171
18519,B,37,129
18520,S,36,150
18521,B,23,160
18522,S,36,146
18523,S,28,157
18524,B,12,149
18525,B,22,149
18526,S,38,141
18527,B,1,193
18528,S,39,109
18529,S,1,148
18530,S,37,145
18531,S,37,135
18532,B,37,132
18533,B,41,118
18534,S,44,124
18535,S,18,139
18536,S,43,158
18537,B,39,157
18538,B,24,162
18539,S,8,153
18540,S,49,158
18541,S,14,139
18542,S,11,152
18543,S,3,160
18544,B,39,122
18545,S,27,149
18546,S,35,123
18547,S,35,150
18548,S,11,152
18549,B,4,156
18550,S,6,132
18551,S,45,173
18552,S,40,156
18553,S,47,141
18554,S,13,145
18555,B,2,139
18556,S,43,139
18557,B,14,164
18558,B,30,176
18559,S,37,150
18560,S,35,183
18561,S,36,159
18562,S,22,134
18563,S,14,137
18564,S,17,158
18565,S,50,144
18566,S,23,153
18567,S,3,156
18568,S,1,175
18569,B,36,180
18570,B,37,148
18571,B,21,146
18572,B,7,154
18573,S,1,138
18574,S,1,154
18575,B,46,131
18576,B,18,142
18577,B,39,135
18578,S,17,172
18579,B,12,136
18580,B,9,154
18581,S,45,138
18582,S,48,141
18583,B,19,128
18584,S,26,158
18585,B,19,183
18586,B,6,150
18587,S,19,169
18588,S,37,164
18589,S,34,167
18590,S,28,150
18591,B,2,140
18592,B,11,132
18593,B,20,144
18594,S,11,123
18595,B,39,172
18596,S,49,152
18597,S,38,150
18598,B,23,132
18599,B,44,136
18600,S,22,146
18601,B,16,146
18602,B,23,142
18603,B,16,153
18604,S,25,149
18605,B,20,149
18606,B,23,133
18607,S,12,153
18608,S,9,152
18609,B,44,156
18610,B,2,145
18611,B,13,160
18612,B,27,142
18613,S,29,163
18614,S,16,155
18615,B,7,147
18616,S,15,163
18617,S,35,158
18618,S,28,158
18619,B,6,163
18620,S,38,147
18621,B,14,160
18622,S,5,147
18623,S,25,143
18624,S,25,159
18625,S,32,176
18626,B,46,153
18627,B,22,162
18628,B,11,150
18629,B,33,137
18630,B,44,157
18631,B,20,180
18632,S,39,146
18633,S,49,122
18634,B,27,145
18635,S,29,130
18636,S,42,146
18637,B,23,160
18638,B,1,165
18639,S,19,164
18640,B,10,162
18641,B,45,147
18642,B,20,148
18643,S,30,154
18644,B,22,186
18645,B,7,152
18646,S,2,156
18647,B,42,167
18648,S,2,140
18649,S,9,145
18650,S,13,170
18651,S,20,143
18652,B,5,142
18653,B,26,152
18654,S,13,136
18655,S,32,117
18656,S,31,114
18657,S,31,148
18658,S,12,134
18659,S,39,163
18660,S,6,150
18661,B,14,149
18662,B,36,164
18663,B,7,165
18664,S,27,171
18665,S,8,150
18666,S,19,177
18667,B,35,163
18668,S,23,168
18669,S,8,167
18670,S,35,148
18671,S,38,123
18672,S,2,158
18673,S,33,149
18674,B,30,171
18675,S,46,116
18676,S,49,173
18677,B,37,161
18678,S,24,133
18679,B,40,165
18680,B,29,157
18681,B,36,161
18682,S,37,151
18683,B,13,146
18684,B,15,162
18685,S,48,122
18686,S,49,148
18687,B,6,122
18688,B,2,166
18689,B,15,155
18690,S,45,132
18691,B,45,128
18692,B,3,143
18693,S,10,145
18694,B,16,159
18695,S,48,175
18696,B,40,153
18697,S,5,169
18698,B,41,138
18699,S,49,114
18700,S,43,160
18701,S,39,145
18702,B,25,107
18703,S,35,167
18704,B,36,150
18705,S,12,152
18706,B,49,138
18707,S,22,142
18708,B,33,142
18709,S,22,172
18710,S,26,150
18711,B,2,153
18712,S,44,137
18713,S,37,148
18714,B,10,130
18715,B,12,138
18716,B,1,152
18717,S,16,151
18718,B,6,98
18719,B,49,119
18720,B,38,144
18721,S,16,130
18722,B,1,163
18723,S,49,152
18724,S,19,138
18725,S,16,144
18726,B,38,124
18727,B,37,160
18728,B,42,161
18729,S,49,164
18730,B,44,154
18731,S,38,135
18732,B,12,188
18733,S,4,145
18734,S,42,157
18735,S,15,149
18736,B,32,150
18737,B,48,157
18738,S,5,128
18739,B,16,152
18740,S,27,143
18741,S,39,155
18742,S,24,160
18743,B,34,159
18744,S,21,164
18745,S,34,158
18746,B,19,158
18747,S,46,150
18748,S,31,135
18749,B,13,159
18750,B,7,142
18751,B,12,131
18752,B,44,167
18753,S,44,143
18754,B,34,160
18755,B,8,134
18756,B,9,162
18757,B,50,158
18758,S,38,150
18759,S,33,164
18760,B,18,147
18761,B,35,150
18762,B,22,163
18763,S,15,131
18764,B,26,128
18765,B,10,166
18766,S,12,166
18767,S,34,161
18768,S,44,162
18769,S,6,137
18770,B,35,156
18771,B,20,142
18772,S,3,142
18773,S,6,136
18774,B,46,135
18775,S,31,130
18776,B,36,195
18777,B,12,148
18778,B,46,160
18779,B,45,146
18780,S,41,155
18781,B,48,142
18782,S,49,150
18783,S,20,147
18784,S,38,133
18785,S,10,142
18786,S,38,140
18787,B,49,146
18788,B,27,168
18789,B,16,141
18790,S,7,147
18791,S,6,154
18792,B,2,151
18793,S,50,154
18794,S,1,154
18795,S,45,146
18796,B,36,132
18797,S,27,166
18798,S,9,155
18799,B,39,132
18800,S,34,159
18801,B,33,159
18802,B,39,131
18803,B,15,146
18804,S,21,150
18805,S,29,162
18806,B,49,158
18807,S,11,140
18808,B,27,157
18809,B,42,125
18810,S,38,163
18811,B,27,169
18812,B,38,188
18813,S,8,138
18814,S,13,149
18815,B,40,141
18816,B,25,155
18817,S,34,152
18818,S,7,151
18819,S,36,166
18820,B,17,160
18821,B,20,135
18822,S,24,179
18823,S,6,157
18824,B,23,156
18825,S,45,139
18826,S,26,163
18827,S,27,159
18828,S,8,164
18829,B,8,159
18830,B,7,167
18831,B,45,154
18832,S,13,132
18833,S,37,132
18834,S,12,130
18835,S,12,151
18836,S,23,148
18837,S,27,137
18838,B,16,136
18839,B,23,169
18840,S,27,122
18841,B,33,144
18842,S,41,140
18843,B,49,130
18844,B,10,154
18845,B,38,141
18846,S,8,140
18847,B,5,147
18848,B,37,154
18849,B,1,169
18850,B,32,149
18851,S,23,155
18852,S,43,167
18853,B,7,121
18854,S,22,163
18855,B,10,154
18856,S,44,133
18857,B,40,155
18858,S,30,144
18859,B,18,145
18860,S,5,157
18861,B,34,169
18862,B,18,152
18863,B,25,134
18864,B,27,122
18865,B,27,168
18866,B,31,138
18867,B,30,160
18868,S,46,142
18869,S,44,168
18870,B,23,142
18871,S,46,131
18872,S,6,167
18873,S,7,141
18874,B,29,149
18875,S,3,178
18876,S,31,168
18877,S,22,154
18878,B,19,146
18879,B,35,158
18880,S,46,114
18881,S,2,164
18882,B,37,153
18883,B,34,169
18884,S,46,181
18885,B,20,163
18886,B,40,161
18887,S,14,152
18888,B,5,126
18889,S,2,143
18890,S,35,140
18891,S,44,158
18892,B,49,158
18893,B,14,122
18894,S,15,141
18895,B,4,135
18896,B,19,151
18897,S,26,163
18898,S,49,154
18899,B,5,139
18900,B,19,163
18901,S,36,135
18902,S,46,163
18903,B,4,160
18904,S,40,149
18905,B,45,150
18906,S,30,138
18907,B,39,159
18908,S,14,168
18909,S,26,167
18910,B,9,140
18911,B,4,171
18912,B,30,152
18913,S,24,153
18914,B,17,155
18915,S,18,151
18916,B,50,134
18917,S,44,174
18918,B,47,182
18919,S,11,158
18920,S,12,144
18921,B,11,156
18922,B,12,132
18923,B,37,156
18924,B,8,143
18925,B,42,165
18926,S,2,144
18927,S,12,127
18928,B,47,145
18929,S,34,141
18930,B,42,154
18931,S,31,143
18932,S,18,135
18933,S,25,158
18934,S,8,153
18935,S,33,159
18936,S,36,162
18937,B,32,168
18938,S,19,131
18939,S,23,173
18940,S,24,143
18941,S,20,136
18942,S,12,170
18943,S,9,162
18944,S,35,139
18945,B,42,145
18946,S,12,162
18947,S,14,157
18948,S,31,165
18949,S,16,162
18950,S,19,156
18951,S,43,150
18952,S,27,135
18953,B,38,156
18954,S,2,147
18955,B,5,145
18956,S,12,182
18957,S,32,108
18958,S,43,180
18959,S,29,144
18960,S,1,149
18961,S,44,141
18962,B,31,135
18963,S,26,125
18964,B,14,154
18965,S,50,154
18966,S,26,141
18967,S,50,166
18968,B,5,146
18969,S,5,155
18970,B,40,148
18971,S,40,142
18972,B,28,122
18973,S,21,144
18974,B,27,160
18975,B,7,145
18976,S,23,175
18977,B,40,152
18978,S,45,143
18979,S,24,152
18980,B,48,155
18981,B,17,162
18982,S,10,164
18983,S,46,146
18984,S,13,114
18985,S,8,135
18986,S,12,142
18987,B,30,148
18988,B,33,169
18989,B,4,161
18990,B,34,161
18991,B,3,156
18992,S,22,129
18993,S,29,158
18994,S,14,150
18995,B,36,173
18996,B,13,153
18997,B,43,170
18998,B,16,123
18999,S,25,141
19000,S,38,142
19001,B,34,142
19002,S,49,136
19003,S,14,162
19004,B,21,127
19005,S,49,138
19006,S,42,135
19007,B,30,158
19008,B,20,142
19009,S,40,142
19010,S,40,139
19011,B,39,165
19012,B,2,125
19013,S,30,174
19014,B,10,177
19015,S,19,145
19016,S,35,148
19017,S,12,137
19018,S,16,149
19019,B,10,163
19020,S,3,157
19021,B,30,128
19022,S,3,130
19023,B,44,138
19024,B,49,153
19025,B,22,153
19026,B,33,172
19027,S,6,148
19028,B,21,141
19029,S,7,158
19030,S,15,146
19031,S,1,142
19032,B,29,153
19033,S,31,120
19034,S,3,154
19035,B,12,152
19036,B,31,166
19037,B,19,146
19038,S,11,138
19039,S,30,149
19040,S,18,159
19041,B,5,141
19042,B,9,168
19043,B,15,109
19044,S,46,154
19045,S,31,140
19046,B,22,163
19047,B,5,155
19048,S,22,159
19049,S,35,142
19050,B,9,157
19051,B,10,158
19052,S,33,164
19053,B,48,146
19054,B,35,149
19055,B,18,147
19056,B,22,168
19057,S,2,169
19058,S,32,145
19059,B,20,152
19060,S,20,172
19061,S,21,133
19062,S,8,160
19063,S,49,155
19064,S,14,159
19065,B,44,123
19066,B,19,156
19067,S,39,156
19068,S,18,165
19069,S,34,137
19070,S,7,143
19071,B,37,158
19072,B,44,155
19073,S,33,163
19074,S,12,156
19075,S,23,157
19076,B,5,159
19077,B,25,135
19078,S,12,160
19079,B,36,173
19080,S,34,164
19081,B,32,118
19082,B,48,136
19083,S,37,156
19084,S,21,171
19085,B,47,156
19086,B,41,136
19087,S,15,144
19088,B,38,145
19089,S,2,157
19090,B,8,155
19091,S,1,153
19092,B,9,154
19093,B,9,149
19094,B,11,145
19095,B,35,156
19096,B,50,137
19097,B,34,144
19098,B,29,146
19099,B,1,164
19100,B,12,143
19101,S,30,179
19102,S,7,167
19103,B,32,138
19104,B,27,126
19105,S,4,139
19106,S,33,129
19107,S,30,148
19108,S,13,152
19109,B,28,141
19110,B,4,153
19111,B,45,194
19112,S,26,161
19113,B,9,142
19114,S,45,158
19115,S,10,114
19116,S,28,169
19117,S,50,139
19118,S,35,138
19119,S,25,155
19120,S,43,133
19121,S,27,163
19122,B,20,146
19123,B,2,173
19124,B,45,176
19125,B,14,139
19126,S,18,149
19127,S,47,166
19128,B,33,167
19129,B,13,152
19130,B,43,167
19131,B,15,173
19132,S,11,127
19133,B,14,161
19134,B,22,149
19135,S,8,154
19136,S,35,136
19137,S,28,151
19138,B,3,171
19139,B,23,156
19140,B,25,155
19141,B,42,144
19142,S,40,125
19143,B,41,150
19144,B,37,167
19145,B,19,145
19146,B,42,178
19147,S,15,179
19148,B,23,188
19149,S,44,140
19150,B,24,139
19151,S,50,136
19152,S,45,143
19153,B,8,152
19154,B,13,148
19155,S,4,131
19156,S,41,148
19157,S,2,165
19158,B,6,140
19159,B,33,132
19160,S,20,143
19161,B,36,118
19162,S,26,155
19163,S,21,160
19164,S,29,166
19165,B,15,155
19166,S,28,147
19167,S,13,145
19168,S,47,162
19169,S,6,153
19170,B,41,139
19171,B,35,152
19172,B,42,157
19173,S,30,144
19174,S,47,127
19175,B,28,163
19176,B,40,144
19177,S,1,167
19178,S,7,128
19179,B,48,170
19180,B,6,142
19181,B,31,148
19182,S,24,137
19183,B,2,150
19184,S,45,130
19185,S,13,190
19186,B,9,169
19187,S,38,145
19188,B,43,135
19189,S,21,148
19190,S,21,140
19191,S,38,147
19192,S,11,171
19193,B,2,141
19194,S,49,159
19195,B,22,126
19196,S,1,139
19197,B,23,148
19198,B,50,138
19199,S,24,130
19200,S,17,124
19201,S,40,123
19202,B,33,144
19203,S,15,121
19204,S,16,183
19205,B,39,146
19206,B,29,108
19207,S,33,166
19208,B,44,146
19209,B,9,167
19210,B,43,156
19211,S,6,148
19212,S,1,144
19213,B,19,152
19214,B,32,168
19215,B,28,184
19216,B,49,137
19217,S,7,150
19218,S,18,146
19219,B,2,146
19220,B,6,153
19221,B,16,150
19222,B,11,161
19223,B,18,130
19224,B,6,150
19225,B,50,152
19226,B,36,167
19227,B,38,164
19228,B,10,133
19229,S,19,154
19230,B,19,136
19231,S,25,131
19232,B,20,117
19233,S,36,146
19234,B,35,134
19235,B,14,166
19236,S,29,170
19237,S,32,143
19238,B,38,169
19239,B,19,141
19240,S,39,149
19241,B,45,127
19242,B,15,168
19243,B,48,130
19244,S,31,146
19245,S,35,156
19246,B,44,160
19247,B,25,161
19248,B,29,144
19249,B,44,109
19250,S,30,145
19251,S,35,136
19252,S,29,136
19253,S,39,165
19254,S,45,133
19255,B,3,151
19256,S,27,140
19257,B,13,172
19258,B,15,152
19259,B,18,139
19260,S,43,153
19261,B,28,127
19262,S,22,136
19263,S,4,144
19264,S,24,151
19265,S,26,178
19266,B,10,149
19267,B,30,125
19268,B,1,157
19269,S,33,159
19270,S,41,142
19271,B,11,132
19272,B,22,127
19273,S,26,135
19274,B,14,167
19275,S,44,156
19276,B,47,127
19277,B,45,159
19278,B,43,142
19279,B,23,155
19280,S,40,152
19281,B,37,163
19282,S,1,139
19283,S,35,177
19284,S,29,143
19285,B,19,151
19286,S,17,157
19287,B,28,137
19288,S,4,170
19289,S,7,115
19290,S,50,169
19291,S,30,141
19292,B,25,148
19293,B,36,168
19294,S,16,180
19295,B,7,161
19296,S,29,161
19297,B,5,139
19298,B,8,142
19299,B,18,149
19300,S,39,146
19301,B,46,131
19302,B,34,144
19303,B,10,151
19304,B,36,156
19305,S,3,153
19306,S,25,183
19307,B,41,157
19308,B,31,138
19309,S,6,152
19310,S,24,120
19311,S,21,170
19312,B,16,153
19313,B,22,141
19314,S,49,137
19315,S,48,142
19316,B,13,141
19317,B,45,163
19318,B,27,142
19319,S,33,157
19320,S,19,148
19321,S,14,154
19322,S,42,162
19323,B,5,174
19324,B,17,141
19325,S,2,156
19326,S,41,138
19327,S,32,133
19328,B,5,154
19329,S,22,141
19330,B,36,146
19331,S,18,179
19332,B,23,145
19333,B,37,138
19334,B,23,145
19335,B,34,141
19336,S,14,180
19337,B,39,158
19338,S,7,140
19339,B,10,138
19340,S,40,153
19341,B,12,152
19342,S,50,155
19343,S,49,103
19344,B,31,162
19345,B,47,148
19346,B,2,142
19347,S,4,146
19348,B,16,180
19349,B,43,149
19350,B,9,161
19351,S,38,125
19352,B,24,163
19353,S,48,164
19354,B,39,168
19355,B,46,165
19356,S,9,175
19357,B,1,147
19358,B,49,123
19359,B,33,163
19360,B,40,190
19361,B,18,125
19362,S,6,163
19363,S,29,162
19364,S,28,167
19365,B,32,167
19366,B,10,157
19367,B,15,155
19368,S,14,140
19369,S,14,145
19370,B,28,159
19371,B,46,144
19372,S,23,145
19373,B,50,127
19374,S,45,140
19375,B,37,99
19376,S,43,171
19377,S,6,166
19378,S,40,132
19379,B,5,144
19380,B,11,146
19381,B,26,164
19382,B,1,136
19383,B,34,164
19384,S,45,157
19385,S,15,140
19386,B,9,159
19387,B,17,148
19388,B,36,156
19389,B,26,142
19390,B,19,156
19391,S,9,160
19392,S,31,167
19393,S,40,143
19394,B,45,147
19395,B,29,167
19396,S,5,145
19397,B,23,161
19398,S,3,131
19399,S,45,139
19400,S,12,156
19401,B,41,163
19402,B,43,147
19403,B,18,178
19404,S,24,177
19405,S,1,175
19406,S,17,116
19407,S,9,154
19408,B,2,149
19409,S,28,128
19410,B,7,137
19411,S,12,170
19412,B,29,160
19413,S,8,152
19414,S,31,141
19415,B,19,142
19416,S,8,143
19417,S,12,146
19418,B,36,175
19419,B,47,151
19420,B,4,162
19421,B,2,135
19422,S,39,131
19423,B,11,127
19424,B,12,143
19425,B,1,146
19426,S,23,151
19427,S,32,140
19428,B,32,156
19429,B,38,174
19430,B,1,153
19431,B,11,156
19432,S,9,122
19433,S,30,130
19434,B,48,140
19435,S,14,168
19436,B,12,146
19437,B,20,152
19438,B,30,122
19439,S,42,141
19440,B,35,167
19441,B,32,151
19442,B,25,151
19443,S,10,145
19444,S,36,137
19445,S,37,162
19446,B,21,155
19447,B,23,149
19448,B,33,152
19449,S,25,142
19450,B,40,169
19451,S,45,153
19452,S,7,120
19453,S,8,134
19454,S,16,182
19455,S,19,148
19456,S,23,150
19457,B,49,158
19458,B,28,162
19459,S,34,166
19460,B,9,149
19461,S,35,161
19462,S,20,146
19463,B,47,146
19464,S,39,134
19465,S,32,120
19466,B,43,153
19467,S,4,138
19468,B,6,144
19469,B,15,151
19470,S,15,156
19471,S,40,164
19472,B,12,176
19473,B,18,173
19474,B,6,174
19475,S,21,143
19476,S,8,126
19477,S,43,163
19478,B,8,145
19479,B,22,149
19480,S,8,170
19481,B,45,176
19482,S,8,135
19483,B,47,137
19484,S,8,141
19485,S,14,168
19486,B,20,138
19487,B,18,159
19488,B,17,173
19489,B,49,164
19490,B,4,144
19491,B,7,132
19492,B,11,159
19493,B,18,143
19494,S,50,151
19495,S,37,165
19496,S,41,166
19497,B,42,159
19498,S,21,128
19499,B,29,150
19500,B,26,133
19501,B,42,175
19502,B,17,147
19503,B,2,170
19504,S,3,146
19505,B,3,147
19506,B,40,138
19507,B,39,157
19508,B,13,165
19509,B,26,187
19510,S,25,129
19511,S,19,137
19512,B,16,152
19513,B,29,122
19514,S,37,169
19515,B,42,150
19516,S,4,147
19517,S,29,168
19518,B,40,157
19519,S,24,152
19520,B,21,177
19521,B,2,153
19522,S,19,139
19523,S,23,171
19524,S,13,148
19525,B,34,140
19526,S,25,166
19527,S,17,132
19528,B,33,149
19529,B,10,167
19530,S,8,132
19531,B,31,148
19532,S,43,173
19533,B,12,149
19534,B,41,165
19535,B,2,158
19536,S,30,137
19537,S,9,137
19538,B,22,159
19539,B,6,148
19540,B,27,158
19541,B,24,164
19542,B,33,134
19543,S,20,145
19544,B,45,149
19545,B,4,167
19546,S,23,175
19547,S,27,124
19548,S,17,140
19549,S,23,150
19550,S,43,155
19551,S,6,135
19552,S,40,168
19553,B,5,158
19554,S,2,180
19555,S,20,155
19556,S,11,143
19557,S,10,168
19558,B,40,140
19559,S,50,155
19560,B,44,161
19561,B,30,111
19562,S,23,138
19563,B,17,160
19564,S,16,166
19565,B,50,186
19566,S,1,130
19567,S,23,152
19568,B,24,156
19569,B,31,155
19570,S,21,135
19571,B,44,145
19572,S,7,150
19573,B,10,145
19574,S,27,169
19575,B,14,168
19576,B,1,130
19577,B,30,175
19578,S,22,157
19579,B,14,164
19580,B,13,154
19581,S,42,135
19582,S,1,176
19583,B,43,139
19584,B,9,155
19585,B,4,171
19586,B,15,135
19587,B,18,180
19588,S,50,137
19589,S,7,152
19590,S,5,151
19591,S,26,157
19592,S,27,147
19593,B,48,140
19594,S,50,138
19595,S,35,169
19596,B,10,151
19597,B,23,162
19598,B,38,163
19599,S,17,123
19600,S,5,166
19601,S,25,145
19602,B,4,144
19603,B,9,142
19604,B,36,171
19605,B,30,164
19606,B,6,157
19607,S,22,155
19608,S,44,148
19609,B,9,177
19610,S,35,156
19611,B,45,154
19612,B,5,143
19613,S,37,179
19614,B,45,139
19615,S,41,143
19616,S,48,174
19617,S,38,129
19618,S,29,156
19619,B,7,158
19620,S,15,156
19621,S,24,156
19622,S,29,147
19623,S,25,143
19624,S,47,177
19625,B,14,146
19626,B,19,158
19627,B,9,152
19628,B,26,166
19629,S,20,147
19630,B,13,172
19631,S,6,148
19632,S,5,144
19633,B,5,144
19634,S,11,180
19635,S,49,183
19636,B,44,171
19637,B,47,116
19638,B,41,135
19639,S,9,158
19640,B,8,134
19641,B,32,132
19642,B,40,155
19643,B,2,153
19644,S,22,146
19645,B,42,153
19646,B,25,145
19647,S,35,163
19648,S,13,148
19649,S,14,144
19650,S,30,146
19651,B,37,141
19652,B,22,150
19653,B,12,148
19654,S,2,148
19655,S,50,169
19656,S,28,130
19657,S,30,136
19658,S,14,154
19659,S,39,137
19660,B,28,144
19661,B,49,148
19662,B,19,161
19663,S,44,169
19664,B,46,149
19665,B,5,162
19666,S,44,167
19667,S,35,154
19668,B,14,142
19669,S,44,147
19670,S,18,132
19671,S,43,130
19672,S,43,132
19673,S,50,146
19674,S,45,146
19675,S,12,163
19676,B,40,138
19677,B,17,138
19678,B,5,146
19679,B,13,153
19680,B,9,146
19681,S,26,182
19682,S,50,146
19683,B,14,144
19684,S,41,144
19685,B,22,163
19686,B,1,158
19687,S,30,136
19688,S,4,136
19689,S,36,133
19690,B,47,151
19691,B,17,171
19692,S,46,142
19693,S,22,147
19694,B,6,125
19695,B,36,139
19696,B,6,127
19697,B,47,148
19698,S,33,161
19699,S,35,151
19700,S,26,142
19701,B,23,162
19702,B,9,145
19703,S,33,139
19704,S,27,117
19705,B,5,176
19706,S,26,172
19707,B,44,141
19708,S,15,157
19709,B,20,143
19710,S,23,161
19711,B,46,139
19712,S,14,136
19713,B,5,141
19714,S,16,148
19715,S,21,175
19716,S,6,144
19717,B,42,176
19718,B,44,171
19719,S,36,175
19720,B,4,152
19721,S,39,158
19722,B,40,168
19723,B,2,157
19724,B,46,145
19725,B,11,142
19726,S,28,170
19727,S,38,131
19728,S,44,176
19729,S,34,158
19730,B,11,147
19731,S,46,142
19732,S,2,145
19733,B,39,152
19734,S,19,137
19735,S,12,151
19736,S,38,140
19737,B,47,133
19738,B,22,157
19739,B,4,158
19740,B,44,156
19741,B,28,159
19742,S,30,135
19743,B,28,163
19744,S,20,128
19745,S,2,125
19746,B,12,142
19747,B,8,141
19748,B,22,141
19749,S,12,142
19750,B,21,161
19751,B,11,141
19752,B,48,118
19753,S,23,174
19754,S,39,165
19755,S,24,150
19756,B,14,139
19757,S,4,165
19758,S,33,174
19759,S,38,187
19760,B,47,169
19761,S,25,145
19762,B,44,162
19763,S,50,159
19764,B,20,138
19765,B,3,148
19766,S,28,155
19767,B,17,159
19768,B,15,126
19769,S,2,161
19770,S,17,139
19771,B,2,137
19772,B,41,166
19773,S,4,134
19774,B,1,143
19775,S,37,140
19776,B,47,137
19777,B,4,140
19778,S,23,130
19779,B,48,149
19780,S,19,156
19781,S,34,143
19782,S,50,141
19783,S,32,140
19784,B,49,149
19785,S,32,173
19786,S,45,153
19787,S,40,145
19788,B,42,155
19789,B,30,156
19790,B,34,140
19791,S,44,139
19792,B,26,144
19793,B,15,166
19794,B,38,154
19795,S,31,127
19796,B,42,139
19797,B,50,181
19798,S,25,170
19799,S,30,174
19800,S,50,161
19801,S,18,158
19802,S,29,148
19803,S,27,125
19804,B,19,147
19805,B,26,144
19806,B,7,137
19807,S,34,131
19808,S,9,138
19809,S,5,142
19810,S,20,163
19811,S,36,162
19812,B,18,142
19813,B,12,170
19814,S,6,157
19815,B,11,154
19816,B,37,141
19817,B,18,125
19818,B,9,156
19819,B,6,152
19820,S,45,156
19821,B,21,134
19822,S,38,144
19823,S,9,147
19824,B,48,151
19825,B,12,145
19826,S,10,140
19827,S,50,171
19828,S,2,150
19829,S,3,132
19830,B,24,129
19831,S,18,155
19832,B,22,140
19833,S,12,157
19834,S,12,148
19835,S,40,145
19836,B,43,131
19837,S,26,130
19838,S,1,131
19839,S,50,158
19840,B,49,142
19841,B,45,146
19842,B,29,147
19843,B,33,132
19844,S,20,160
19845,S,23,146
19846,B,3,118
19847,B,37,132
19848,B,47,136
19849,S,25,115
19850,B,18,168
19851,B,10,145
19852,S,9,134
19853,S,36,148
19854,S,44,141
19855,S,30,142
19856,B,6,149
19857,S,16,166
19858,S,41,144
19859,B,49,143
19860,S,9,169
19861,B,44,152
19862,B,1,173
19863,B,39,152
19864,S,31,135
19865,B,41,146
19866,S,13,131
19867,B,40,160
19868,B,8,172
19869,B,33,180
19870,B,21,148
19871,B,50,152
19872,B,11,148
19873,S,10,142
19874,B,5,147
19875,S,4,158
19876,B,43,117
19877,B,17,138
19878,S,43,128
19879,B,14,144
19880,B,47,162
19881,S,28,163
19882,S,29,165
19883,B,3,164
19884,B,10,152
19885,B,16,135
19886,B,21,126
19887,B,6,158
19888,S,20,142
19889,S,29,162
19890,B,4,152
19891,S,34,153
19892,S,11,158
19893,B,43,126
19894,S,13,127
19895,B,14,131
19896,S,24,149
19897,B,34,180
19898,B,18,153
19899,B,10,134
19900,B,4,150
19901,S,43,119
19902,B,16,163
19903,B,41,127
19904,S,48,113
19905,S,31,153
19906,S,34,163
19907,S,32,146
19908,B,21,145
19909,S,15,117
19910,B,33,155
19911,B,32,199
19912,B,48,157
19913,S,44,167
19914,B,19,141
19915,S,25,168
19916,B,48,159
19917,B,10,147
19918,B,10,129
19919,S,35,155
19920,B,23,169
19921,B,11,132
19922,S,21,136
19923,S,8,129
19924,S,29,143
19925,B,4,119
19926,B,2,126
19927,B,8,154
19928,S,45,144
19929,S,30,162
19930,S,24,162
19931,B,3,138
19932,S,20,138
19933,S,45,154
19934,B,8,154
19935,S,32,133
19936,S,46,121
19937,B,16,146
19938,B,49,165
19939,B,15,112
19940,B,14,152
19941,B,20,150
19942,B,8,164
19943,S,46,140
19944,S,13,151
19945,B,4,147
19946,B,1,121
19947,B,49,148
19948,S,16,149
19949,S,48,157
19950,B,37,177
19951,S,45,172
19952,B,33,153
19953,B,50,139
19954,S,37,144
19955,S,15,132
19956,B,9,143
19957,S,34,130
19958,B,34,144
19959,B,45,144
19960,S,41,155
19961,B,27,169
19962,B,30,186
19963,S,13,157
19964,B,25,152
19965,B,37,131
19966,S,30,134
19967,S,45,145
19968,S,18,166
19969,S,38,127
19970,B,3,160
19971,B,22,160
19972,S,12,142
19973,S,22,136
19974,S,33,153
19975,B,34,174
19976,S,12,162
19977,B,2,163
19978,B,12,163
19979,S,45,171
19980,S,11,162
19981,S,50,169
19982,B,45,152
19983,S,15,180
19984,S,15,163
19985,B,27,156
19986,S,38,137
19987,S,9,155
19988,S,37,143
19989,S,27,153
19990,B,20,136
19991,S,47,169
19992,S,49,140
19993,B,40,138
19994,S,45,153
19995,S,41,139
19996,S,49,169
19997,S,11,163
19998,B,31,127
19999,B,25,133
